customer_id,nickname,gender,age_group,age_order,home_branch_id,home_branch,joined_date,days_since_joined,phone,phone_shared,first_purchase_date,has_purchase,member_segment
C00001,กมล,หญิง,18-24,2,B02,สีลม,2026-03-03,201,082-xxx-6693,False,2026-03-19,True,ซื้อแล้ว
C00002,กิตติ,ชาย,25-34,3,B04,บางนา,2026-01-18,245,084-xxx-3734,False,2026-02-17,True,ซื้อแล้ว
C00003,ปิยะ,หญิง,18-24,2,B04,บางนา,2025-05-04,504,089-xxx-9286,False,2025-05-04,True,ซื้อแล้ว
C00004,ปิยะ,หญิง,18-24,2,B05,มหาวิทยาลัย,2026-05-05,138,083-xxx-7314,False,,False,ไม่เคยซื้อ
C00005,รัตนา,หญิง,25-34,3,B04,บางนา,2026-07-10,72,083-xxx-5701,False,2026-07-31,True,ซื้อแล้ว
C00006,กมล,ชาย,18-24,2,B04,บางนา,2026-08-16,35,086-xxx-1895,False,,False,ไม่เคยซื้อ
C00007,วรรณ,ชาย,45-54,5,B03,อารีย์,2026-07-17,65,087-xxx-3147,False,2026-07-20,True,ซื้อแล้ว
C00008,ภัทร,หญิง,25-34,3,B01,สยาม,2026-04-07,166,087-xxx-9877,False,2026-04-29,True,ซื้อแล้ว
C00009,ภัทร,ชาย,18-24,2,B04,บางนา,2026-01-10,253,089-xxx-7309,False,,False,ไม่เคยซื้อ
C00010,อัญชลี,หญิง,18-24,2,B04,บางนา,2026-06-15,97,089-xxx-9676,False,2026-07-15,True,ซื้อแล้ว
C00011,ธีร,ไม่ระบุ,25-34,3,B05,มหาวิทยาลัย,2025-07-27,420,088-xxx-7647,True,2025-08-05,True,ซื้อแล้ว
C00012,วีระ,ชาย,25-34,3,B04,บางนา,2025-06-28,449,083-xxx-2997,False,2025-06-29,True,ซื้อแล้ว
C00013,อัญชลี,ชาย,ต่ำกว่า 18,1,B03,อารีย์,2025-12-02,292,088-xxx-1723,False,2025-12-10,True,ซื้อแล้ว
C00014,เกศ,ชาย,18-24,2,B03,อารีย์,2026-04-16,157,081-xxx-5807,False,2026-05-11,True,ซื้อแล้ว
C00015,มานพ,หญิง,25-34,3,B03,อารีย์,2026-06-26,86,087-xxx-7840,False,2026-07-08,True,ซื้อแล้ว
C00016,วีระ,ชาย,18-24,2,B05,มหาวิทยาลัย,2026-08-11,40,083-xxx-4615,False,,False,ไม่เคยซื้อ
C00017,จิรา,หญิง,25-34,3,B04,บางนา,2026-04-05,168,086-xxx-9108,False,2026-05-16,True,ซื้อแล้ว
C00018,วรรณ,หญิง,35-44,4,B03,อารีย์,2026-02-11,221,086-xxx-8878,False,2026-03-05,True,ซื้อแล้ว
C00019,ธนา,หญิง,35-44,4,B02,สีลม,2025-06-05,472,082-xxx-6406,False,2025-07-27,True,ซื้อแล้ว
C00020,ภัทร,หญิง,25-34,3,B04,บางนา,2025-07-03,444,086-xxx-6190,False,2025-07-03,True,ซื้อแล้ว
C00021,พิม,หญิง,25-34,3,B03,อารีย์,2026-07-18,64,085-xxx-9958,False,2026-07-19,True,ซื้อแล้ว
C00022,กมล,หญิง,25-34,3,B01,สยาม,2026-02-14,218,086-xxx-5211,False,2026-08-08,True,ซื้อแล้ว
C00023,ภูมิ,ชาย,18-24,2,B02,สีลม,2026-01-11,252,085-xxx-2922,False,2026-02-01,True,ซื้อแล้ว
C00024,กมล,หญิง,55+,6,B01,สยาม,2026-08-07,44,089-xxx-6850,False,2026-08-09,True,ซื้อแล้ว
C00025,จิรา,หญิง,18-24,2,B01,สยาม,2025-05-29,479,085-xxx-7180,False,2025-06-28,True,ซื้อแล้ว
C00026,ธนา,หญิง,35-44,4,B05,มหาวิทยาลัย,2025-05-05,503,089-xxx-5253,False,2025-05-05,True,ซื้อแล้ว
C00027,สมชาย,หญิง,18-24,2,B05,มหาวิทยาลัย,2025-10-08,347,087-xxx-1735,False,2026-04-02,True,ซื้อแล้ว
C00028,มานพ,ชาย,45-54,5,B01,สยาม,2026-04-29,144,085-xxx-7097,False,2026-05-01,True,ซื้อแล้ว
C00029,สมชาย,หญิง,45-54,5,B01,สยาม,2026-05-01,142,081-xxx-9016,False,,False,ไม่เคยซื้อ
C00030,กิตติ,หญิง,25-34,3,B01,สยาม,2026-07-12,70,085-xxx-9731,False,2026-07-12,True,ซื้อแล้ว
C00031,อรุณ,หญิง,45-54,5,B01,สยาม,2026-08-08,43,088-xxx-5939,False,,False,ไม่เคยซื้อ
C00032,นภัส,ชาย,45-54,5,B05,มหาวิทยาลัย,2026-06-19,93,082-xxx-1167,False,2026-07-28,True,ซื้อแล้ว
C00033,ชนา,ชาย,25-34,3,B01,สยาม,2025-05-20,488,085-xxx-5390,False,2025-05-24,True,ซื้อแล้ว
C00034,สุดา,ชาย,18-24,2,B01,สยาม,2025-11-09,315,083-xxx-7772,False,2026-02-03,True,ซื้อแล้ว
C00035,สุดา,หญิง,55+,6,B04,บางนา,2026-05-27,116,081-xxx-8582,False,2026-08-01,True,ซื้อแล้ว
C00036,นภัส,ชาย,35-44,4,B05,มหาวิทยาลัย,2026-09-04,16,087-xxx-6083,False,,False,สมาชิกใหม่ ยังไม่ซื้อ
C00037,เกศ,ชาย,45-54,5,B05,มหาวิทยาลัย,2026-01-09,254,085-xxx-8732,False,2026-01-30,True,ซื้อแล้ว
C00038,ปิยะ,หญิง,ต่ำกว่า 18,1,B05,มหาวิทยาลัย,2026-08-07,44,088-xxx-9435,False,2026-09-11,True,ซื้อแล้ว
C00039,รัตนา,ชาย,35-44,4,B04,บางนา,2026-01-07,256,085-xxx-8885,False,2026-01-28,True,ซื้อแล้ว
C00040,พิม,หญิง,35-44,4,B04,บางนา,2025-06-20,457,086-xxx-5032,False,2025-09-04,True,ซื้อแล้ว
C00041,เกศ,ชาย,35-44,4,B05,มหาวิทยาลัย,2026-08-29,22,088-xxx-9000,False,,False,สมาชิกใหม่ ยังไม่ซื้อ
C00042,กิตติ,หญิง,55+,6,B05,มหาวิทยาลัย,2026-03-10,194,086-xxx-9818,False,2026-04-04,True,ซื้อแล้ว
C00043,พิม,หญิง,45-54,5,B01,สยาม,2026-04-15,158,086-xxx-2416,False,,False,ไม่เคยซื้อ
C00044,อัญชลี,ชาย,45-54,5,B04,บางนา,2025-09-21,364,084-xxx-3462,False,2025-10-18,True,ซื้อแล้ว
C00045,อัญชลี,หญิง,25-34,3,B04,บางนา,2025-11-21,303,083-xxx-8419,False,2025-11-28,True,ซื้อแล้ว
C00046,ภูมิ,หญิง,18-24,2,B05,มหาวิทยาลัย,2025-09-12,373,082-xxx-8032,False,2025-10-21,True,ซื้อแล้ว
C00047,ภูมิ,ชาย,25-34,3,B01,สยาม,2026-03-07,197,083-xxx-6495,False,2026-03-15,True,ซื้อแล้ว
C00048,จิรา,หญิง,ต่ำกว่า 18,1,B04,บางนา,2025-09-06,379,081-xxx-3859,False,2025-09-13,True,ซื้อแล้ว
C00049,ศิริ,ชาย,25-34,3,B05,มหาวิทยาลัย,2026-05-30,113,088-xxx-6959,False,2026-06-19,True,ซื้อแล้ว
C00050,รัตนา,หญิง,25-34,3,B01,สยาม,2025-08-02,414,089-xxx-3571,False,2025-08-04,True,ซื้อแล้ว
C00051,ทิพย์,ชาย,ต่ำกว่า 18,1,B01,สยาม,2025-06-23,454,083-xxx-3815,False,2025-07-11,True,ซื้อแล้ว
C00052,ทิพย์,หญิง,55+,6,B03,อารีย์,2026-06-17,95,085-xxx-5917,False,2026-07-06,True,ซื้อแล้ว
C00053,วีระ,หญิง,25-34,3,B05,มหาวิทยาลัย,2025-09-16,369,085-xxx-7070,False,2025-11-13,True,ซื้อแล้ว
C00054,ภูมิ,หญิง,45-54,5,B05,มหาวิทยาลัย,2025-10-13,342,085-xxx-5948,False,2026-02-20,True,ซื้อแล้ว
C00055,ธนา,หญิง,25-34,3,B02,สีลม,2026-05-20,123,088-xxx-4229,True,2026-06-07,True,ซื้อแล้ว
C00056,ทิพย์,ชาย,25-34,3,B05,มหาวิทยาลัย,2025-12-22,272,082-xxx-6000,False,2026-03-12,True,ซื้อแล้ว
C00057,สุดา,ชาย,18-24,2,B05,มหาวิทยาลัย,2026-08-20,31,089-xxx-5789,False,,False,ไม่เคยซื้อ
C00058,สุดา,หญิง,35-44,4,B02,สีลม,2026-03-29,175,083-xxx-5342,False,2026-06-13,True,ซื้อแล้ว
C00059,จิรา,หญิง,18-24,2,B05,มหาวิทยาลัย,2025-12-30,264,081-xxx-7432,False,2026-02-06,True,ซื้อแล้ว
C00060,ธีร,ชาย,45-54,5,B01,สยาม,2025-08-20,396,087-xxx-2039,False,2025-10-07,True,ซื้อแล้ว
C00061,พิม,หญิง,45-54,5,B02,สีลม,2025-12-23,271,088-xxx-7564,False,2026-09-11,True,ซื้อแล้ว
C00062,นภัส,หญิง,25-34,3,B04,บางนา,2025-04-17,521,081-xxx-8719,False,2025-04-20,True,ซื้อแล้ว
C00063,วีระ,หญิง,35-44,4,B01,สยาม,2026-09-10,10,086-xxx-4579,False,2026-09-20,True,ซื้อแล้ว
C00064,อัญชลี,หญิง,18-24,2,B02,สีลม,2026-03-25,179,083-xxx-8853,False,,False,ไม่เคยซื้อ
C00065,มานพ,ชาย,25-34,3,B05,มหาวิทยาลัย,2025-05-04,504,086-xxx-6165,False,2025-06-10,True,ซื้อแล้ว
C00066,กมล,ไม่ระบุ,35-44,4,B01,สยาม,2025-10-20,335,086-xxx-6400,False,2025-10-29,True,ซื้อแล้ว
C00067,ธีร,หญิง,18-24,2,B04,บางนา,2025-07-19,428,081-xxx-7615,False,2025-07-20,True,ซื้อแล้ว
C00068,ปิยะ,หญิง,25-34,3,B05,มหาวิทยาลัย,2025-04-12,526,088-xxx-5690,True,2025-05-04,True,ซื้อแล้ว
C00069,ภัทร,ชาย,55+,6,B05,มหาวิทยาลัย,2026-07-12,70,086-xxx-2816,False,2026-07-26,True,ซื้อแล้ว
C00070,มานพ,หญิง,25-34,3,B05,มหาวิทยาลัย,2025-08-05,411,083-xxx-6314,False,2025-08-06,True,ซื้อแล้ว
C00071,นภัส,ชาย,18-24,2,B04,บางนา,2026-08-20,31,081-xxx-3207,False,2026-08-24,True,ซื้อแล้ว
C00072,ปิยะ,หญิง,25-34,3,B05,มหาวิทยาลัย,2025-07-31,416,085-xxx-4658,False,2025-10-16,True,ซื้อแล้ว
C00073,ชนา,ชาย,18-24,2,B01,สยาม,2025-11-14,310,082-xxx-5547,False,2025-11-26,True,ซื้อแล้ว
C00074,ธีร,ชาย,ต่ำกว่า 18,1,B03,อารีย์,2026-07-18,64,086-xxx-9947,False,2026-07-31,True,ซื้อแล้ว
C00075,วีระ,ชาย,55+,6,B05,มหาวิทยาลัย,2026-01-20,243,086-xxx-4902,False,2026-03-05,True,ซื้อแล้ว
C00076,มานพ,ชาย,25-34,3,B05,มหาวิทยาลัย,2025-05-24,484,083-xxx-7583,True,,False,ไม่เคยซื้อ
C00077,ปิยะ,หญิง,25-34,3,B03,อารีย์,2026-03-10,194,085-xxx-6242,False,2026-05-08,True,ซื้อแล้ว
C00078,ปิยะ,ชาย,ต่ำกว่า 18,1,B04,บางนา,2026-01-02,261,087-xxx-7882,False,2026-02-21,True,ซื้อแล้ว
C00079,ธนา,หญิง,25-34,3,B03,อารีย์,2025-11-26,298,087-xxx-4552,False,2025-11-28,True,ซื้อแล้ว
C00080,วีระ,หญิง,18-24,2,B02,สีลม,2026-06-16,96,081-xxx-3674,False,2026-07-01,True,ซื้อแล้ว
C00081,วรรณ,หญิง,18-24,2,B02,สีลม,2025-05-19,489,087-xxx-8426,False,2025-07-11,True,ซื้อแล้ว
C00082,ศิริ,ชาย,25-34,3,B01,สยาม,2026-05-16,127,088-xxx-5789,False,2026-06-02,True,ซื้อแล้ว
C00083,ณัฐ,หญิง,45-54,5,B02,สีลม,2025-11-09,315,081-xxx-2032,False,,False,ไม่เคยซื้อ
C00084,ทิพย์,หญิง,18-24,2,B01,สยาม,2025-10-20,335,082-xxx-3704,False,2025-11-02,True,ซื้อแล้ว
C00085,ปิยะ,หญิง,25-34,3,B01,สยาม,2025-07-13,434,086-xxx-1237,False,,False,ไม่เคยซื้อ
C00086,สมชาย,ชาย,25-34,3,B01,สยาม,2026-08-07,44,089-xxx-8145,False,,False,ไม่เคยซื้อ
C00087,กมล,หญิง,25-34,3,B02,สีลม,2026-07-01,81,085-xxx-9483,False,2026-08-19,True,ซื้อแล้ว
C00088,ทิพย์,ชาย,45-54,5,B03,อารีย์,2026-07-08,74,085-xxx-2974,False,2026-07-16,True,ซื้อแล้ว
C00089,ภัทร,ชาย,18-24,2,B03,อารีย์,2026-05-23,120,081-xxx-3858,False,2026-06-02,True,ซื้อแล้ว
C00090,ธีร,ชาย,25-34,3,B01,สยาม,2025-05-15,493,084-xxx-1308,False,2025-05-17,True,ซื้อแล้ว
C00091,มานพ,ชาย,45-54,5,B05,มหาวิทยาลัย,2026-06-17,95,081-xxx-4431,False,2026-06-18,True,ซื้อแล้ว
C00092,ศิริ,หญิง,25-34,3,B04,บางนา,2026-08-02,49,085-xxx-9616,False,,False,ไม่เคยซื้อ
C00093,มานพ,ชาย,25-34,3,B04,บางนา,2025-09-14,371,087-xxx-3713,False,2025-10-01,True,ซื้อแล้ว
C00094,วรรณ,ชาย,18-24,2,B01,สยาม,2026-07-25,57,084-xxx-6598,False,2026-07-31,True,ซื้อแล้ว
C00095,กมล,ชาย,25-34,3,B04,บางนา,2026-07-25,57,087-xxx-3532,False,2026-08-24,True,ซื้อแล้ว
C00096,รัตนา,ชาย,25-34,3,B04,บางนา,2026-06-10,102,088-xxx-7401,False,2026-06-28,True,ซื้อแล้ว
C00097,ทิพย์,หญิง,25-34,3,B02,สีลม,2025-04-08,530,082-xxx-8465,False,2025-04-20,True,ซื้อแล้ว
C00098,จิรา,ชาย,25-34,3,B04,บางนา,2026-04-29,144,085-xxx-7518,False,2026-05-21,True,ซื้อแล้ว
C00099,สมชาย,หญิง,18-24,2,B01,สยาม,2026-07-08,74,085-xxx-4491,False,2026-09-09,True,ซื้อแล้ว
C00100,มานพ,ชาย,25-34,3,B03,อารีย์,2025-12-17,277,082-xxx-7695,False,2025-12-20,True,ซื้อแล้ว
C00101,ทิพย์,ชาย,25-34,3,B02,สีลม,2025-08-01,415,086-xxx-5318,False,2025-10-17,True,ซื้อแล้ว
C00102,อัญชลี,หญิง,55+,6,B03,อารีย์,2026-04-09,164,088-xxx-8678,False,2026-04-14,True,ซื้อแล้ว
C00103,ชนา,ชาย,45-54,5,B03,อารีย์,2026-08-11,40,087-xxx-4136,False,2026-08-31,True,ซื้อแล้ว
C00104,อัญชลี,หญิง,25-34,3,B02,สีลม,2025-06-15,462,086-xxx-8428,False,2025-06-15,True,ซื้อแล้ว
C00105,นภัส,ชาย,45-54,5,B01,สยาม,2025-11-13,311,089-xxx-6997,False,2025-11-15,True,ซื้อแล้ว
C00106,สมชาย,หญิง,25-34,3,B02,สีลม,2025-08-12,404,087-xxx-1821,False,2025-08-21,True,ซื้อแล้ว
C00107,ภูมิ,ชาย,18-24,2,B04,บางนา,2026-08-22,29,082-xxx-3026,False,,False,สมาชิกใหม่ ยังไม่ซื้อ
C00108,อัญชลี,ชาย,25-34,3,B04,บางนา,2026-03-03,201,081-xxx-6724,False,,False,ไม่เคยซื้อ
C00109,รัตนา,ชาย,25-34,3,B03,อารีย์,2026-02-15,217,081-xxx-4590,False,2026-02-26,True,ซื้อแล้ว
C00110,ปิยะ,หญิง,18-24,2,B02,สีลม,2026-05-18,125,085-xxx-7958,False,2026-05-20,True,ซื้อแล้ว
C00111,ทิพย์,ชาย,35-44,4,B05,มหาวิทยาลัย,2026-03-18,186,083-xxx-2962,False,,False,ไม่เคยซื้อ
C00112,มานพ,หญิง,25-34,3,B01,สยาม,2025-09-24,361,088-xxx-7917,False,2025-10-13,True,ซื้อแล้ว
C00113,นภัส,ชาย,55+,6,B04,บางนา,2026-06-16,96,084-xxx-3165,False,2026-06-16,True,ซื้อแล้ว
C00114,ธีร,หญิง,35-44,4,B02,สีลม,2025-06-21,456,085-xxx-4509,False,2025-07-11,True,ซื้อแล้ว
C00115,อรุณ,หญิง,55+,6,B01,สยาม,2025-10-20,335,083-xxx-6525,False,2025-10-31,True,ซื้อแล้ว
C00116,ภูมิ,หญิง,25-34,3,B02,สีลม,2026-09-02,18,082-xxx-7093,False,,False,สมาชิกใหม่ ยังไม่ซื้อ
C00117,ชนา,หญิง,25-34,3,B04,บางนา,2026-07-11,71,084-xxx-9527,False,,False,ไม่เคยซื้อ
C00118,ธนา,หญิง,55+,6,B05,มหาวิทยาลัย,2025-07-17,430,082-xxx-8152,False,2025-07-20,True,ซื้อแล้ว
C00119,ณัฐ,หญิง,45-54,5,B05,มหาวิทยาลัย,2026-03-04,200,085-xxx-4184,False,,False,ไม่เคยซื้อ
C00120,ศิริ,หญิง,18-24,2,B05,มหาวิทยาลัย,2025-04-28,510,082-xxx-8300,False,2025-05-14,True,ซื้อแล้ว
C00121,รัตนา,ชาย,25-34,3,B05,มหาวิทยาลัย,2025-11-16,308,082-xxx-2366,False,2025-12-31,True,ซื้อแล้ว
C00122,ภัทร,ชาย,35-44,4,B03,อารีย์,2026-01-08,255,086-xxx-9202,False,2026-01-12,True,ซื้อแล้ว
C00123,จิรา,หญิง,25-34,3,B01,สยาม,2025-11-22,302,081-xxx-4098,False,2025-12-06,True,ซื้อแล้ว
C00124,ปิยะ,หญิง,ต่ำกว่า 18,1,B01,สยาม,2025-07-02,445,087-xxx-5575,False,2025-08-09,True,ซื้อแล้ว
C00125,มานพ,หญิง,55+,6,B05,มหาวิทยาลัย,2025-09-23,362,081-xxx-9387,True,2025-09-24,True,ซื้อแล้ว
C00126,สุดา,หญิง,25-34,3,B02,สีลม,2026-03-09,195,086-xxx-6608,False,2026-04-08,True,ซื้อแล้ว
C00127,อรุณ,ชาย,18-24,2,B05,มหาวิทยาลัย,2025-07-28,419,082-xxx-8028,False,2025-07-29,True,ซื้อแล้ว
C00128,ชนา,ชาย,35-44,4,B02,สีลม,2026-06-30,82,088-xxx-6915,False,,False,ไม่เคยซื้อ
C00129,ทิพย์,หญิง,35-44,4,B01,สยาม,2025-07-10,437,085-xxx-2463,False,2025-07-11,True,ซื้อแล้ว
C00130,มานพ,หญิง,25-34,3,B02,สีลม,2026-01-31,232,084-xxx-4504,False,2026-03-30,True,ซื้อแล้ว
C00131,จิรา,ชาย,35-44,4,B01,สยาม,2025-09-15,370,085-xxx-4322,False,2025-10-12,True,ซื้อแล้ว
C00132,ปิยะ,ชาย,18-24,2,B01,สยาม,2026-07-03,79,082-xxx-1658,False,2026-08-15,True,ซื้อแล้ว
C00133,มานพ,ชาย,35-44,4,B02,สีลม,2025-06-08,469,081-xxx-8023,True,2025-06-13,True,ซื้อแล้ว
C00134,ธีร,ชาย,25-34,3,B05,มหาวิทยาลัย,2026-02-21,211,084-xxx-4620,False,2026-05-19,True,ซื้อแล้ว
C00135,อัญชลี,หญิง,18-24,2,B05,มหาวิทยาลัย,2025-04-28,510,088-xxx-9263,False,2025-04-29,True,ซื้อแล้ว
C00136,สมชาย,ชาย,ต่ำกว่า 18,1,B04,บางนา,2025-05-28,480,084-xxx-7699,False,2025-06-14,True,ซื้อแล้ว
C00137,ณัฐ,ชาย,25-34,3,B04,บางนา,2026-01-24,239,081-xxx-4504,False,2026-01-26,True,ซื้อแล้ว
C00138,ภูมิ,ชาย,18-24,2,B04,บางนา,2025-10-15,340,086-xxx-1270,False,2025-10-25,True,ซื้อแล้ว
C00139,กิตติ,หญิง,25-34,3,B04,บางนา,2025-04-06,532,087-xxx-9310,False,2025-04-07,True,ซื้อแล้ว
C00140,จิรา,ชาย,25-34,3,B02,สีลม,2026-09-01,19,089-xxx-1549,False,,False,สมาชิกใหม่ ยังไม่ซื้อ
C00141,กมล,ชาย,35-44,4,B05,มหาวิทยาลัย,2025-09-10,375,089-xxx-4649,False,2025-10-17,True,ซื้อแล้ว
C00142,จิรา,หญิง,25-34,3,B05,มหาวิทยาลัย,2025-12-14,280,081-xxx-3003,False,2026-01-15,True,ซื้อแล้ว
C00143,ทิพย์,หญิง,25-34,3,B05,มหาวิทยาลัย,2025-08-29,387,082-xxx-9854,False,2025-09-21,True,ซื้อแล้ว
C00144,ทิพย์,หญิง,25-34,3,B02,สีลม,2025-06-13,464,088-xxx-8918,False,2025-06-14,True,ซื้อแล้ว
C00145,ปิยะ,ไม่ระบุ,35-44,4,B02,สีลม,2026-02-20,212,082-xxx-3424,False,2026-02-23,True,ซื้อแล้ว
C00146,ชนา,หญิง,25-34,3,B05,มหาวิทยาลัย,2025-05-16,492,089-xxx-2717,False,2025-06-02,True,ซื้อแล้ว
C00147,จิรา,หญิง,25-34,3,B05,มหาวิทยาลัย,2026-03-05,199,085-xxx-1543,False,2026-03-09,True,ซื้อแล้ว
C00148,ปวีณ,หญิง,25-34,3,B05,มหาวิทยาลัย,2026-02-26,206,089-xxx-1172,False,2026-02-28,True,ซื้อแล้ว
C00149,ธีร,หญิง,18-24,2,B03,อารีย์,2026-07-23,59,085-xxx-2218,False,2026-08-08,True,ซื้อแล้ว
C00150,เกศ,หญิง,45-54,5,B01,สยาม,2026-07-05,77,084-xxx-5022,False,2026-08-09,True,ซื้อแล้ว
C00151,มานพ,ชาย,45-54,5,B03,อารีย์,2026-08-30,21,081-xxx-4866,False,,False,สมาชิกใหม่ ยังไม่ซื้อ
C00152,พิม,หญิง,18-24,2,B01,สยาม,2026-03-25,179,081-xxx-7137,False,2026-04-08,True,ซื้อแล้ว
C00153,รัตนา,ชาย,35-44,4,B05,มหาวิทยาลัย,2025-08-10,406,088-xxx-1767,False,2025-09-17,True,ซื้อแล้ว
C00154,ชนา,หญิง,18-24,2,B05,มหาวิทยาลัย,2026-07-26,56,088-xxx-2094,False,2026-08-19,True,ซื้อแล้ว
C00155,มานพ,ชาย,25-34,3,B03,อารีย์,2026-05-03,140,086-xxx-5998,False,2026-05-13,True,ซื้อแล้ว
C00156,สุดา,หญิง,55+,6,B04,บางนา,2025-11-02,322,088-xxx-1700,False,2025-11-04,True,ซื้อแล้ว
C00157,กมล,ชาย,35-44,4,B01,สยาม,2026-04-27,146,087-xxx-3901,False,2026-05-14,True,ซื้อแล้ว
C00158,อรุณ,หญิง,25-34,3,B01,สยาม,2025-07-08,439,086-xxx-9378,False,2025-07-24,True,ซื้อแล้ว
C00159,เกศ,หญิง,25-34,3,B05,มหาวิทยาลัย,2025-04-21,517,089-xxx-2766,False,2025-07-17,True,ซื้อแล้ว
C00160,ธีร,ชาย,55+,6,B05,มหาวิทยาลัย,2025-11-13,311,085-xxx-4632,False,2026-02-28,True,ซื้อแล้ว
C00161,ศิริ,หญิง,25-34,3,B05,มหาวิทยาลัย,2026-02-11,221,081-xxx-5467,False,2026-03-02,True,ซื้อแล้ว
C00162,จิรา,หญิง,25-34,3,B01,สยาม,2026-02-06,226,085-xxx-6632,False,2026-02-08,True,ซื้อแล้ว
C00163,ธนา,หญิง,25-34,3,B01,สยาม,2026-02-05,227,086-xxx-8106,False,2026-03-20,True,ซื้อแล้ว
C00164,พิม,ชาย,35-44,4,B04,บางนา,2025-11-09,315,086-xxx-3887,False,2026-01-08,True,ซื้อแล้ว
C00165,ธนา,หญิง,18-24,2,B04,บางนา,2025-07-27,420,084-xxx-6009,False,2025-10-29,True,ซื้อแล้ว
C00166,จิรา,หญิง,18-24,2,B02,สีลม,2026-08-13,38,085-xxx-1842,False,2026-08-14,True,ซื้อแล้ว
C00167,วีระ,ไม่ระบุ,25-34,3,B02,สีลม,2026-06-30,82,086-xxx-3868,False,2026-09-04,True,ซื้อแล้ว
C00168,อัญชลี,หญิง,18-24,2,B03,อารีย์,2026-03-07,197,089-xxx-4311,False,2026-04-08,True,ซื้อแล้ว
C00169,พิม,หญิง,25-34,3,B01,สยาม,2026-07-29,53,089-xxx-4262,False,2026-08-21,True,ซื้อแล้ว
C00170,ภัทร,หญิง,35-44,4,B02,สีลม,2025-08-15,401,082-xxx-6807,False,2025-09-11,True,ซื้อแล้ว
C00171,อรุณ,หญิง,18-24,2,B03,อารีย์,2026-07-07,75,082-xxx-8136,False,2026-08-30,True,ซื้อแล้ว
C00172,วรรณ,หญิง,18-24,2,B01,สยาม,2025-07-26,421,085-xxx-6691,False,2025-09-18,True,ซื้อแล้ว
C00173,กมล,ชาย,35-44,4,B01,สยาม,2026-08-04,47,084-xxx-7338,False,,False,ไม่เคยซื้อ
C00174,ภัทร,ชาย,25-34,3,B03,อารีย์,2026-07-26,56,088-xxx-1475,False,2026-08-07,True,ซื้อแล้ว
C00175,ณัฐ,ชาย,25-34,3,B01,สยาม,2025-10-18,337,085-xxx-6708,False,2025-10-23,True,ซื้อแล้ว
C00176,อัญชลี,หญิง,45-54,5,B02,สีลม,2026-02-02,230,089-xxx-2020,False,2026-04-21,True,ซื้อแล้ว
C00177,ชนา,ชาย,25-34,3,B01,สยาม,2026-02-28,204,086-xxx-8065,False,,False,ไม่เคยซื้อ
C00178,สมชาย,หญิง,18-24,2,B04,บางนา,2026-02-09,223,084-xxx-3042,True,2026-04-03,True,ซื้อแล้ว
C00179,รัตนา,ชาย,18-24,2,B02,สีลม,2025-12-06,288,086-xxx-2646,False,2026-01-05,True,ซื้อแล้ว
C00180,สุดา,หญิง,25-34,3,B01,สยาม,2025-09-30,355,089-xxx-6071,False,2025-10-12,True,ซื้อแล้ว
C00181,ศิริ,ชาย,25-34,3,B05,มหาวิทยาลัย,2026-02-06,226,084-xxx-5034,False,2026-02-21,True,ซื้อแล้ว
C00182,ธนา,ชาย,18-24,2,B01,สยาม,2026-02-04,228,084-xxx-2976,False,2026-03-04,True,ซื้อแล้ว
C00183,กิตติ,ชาย,18-24,2,B05,มหาวิทยาลัย,2025-04-27,511,087-xxx-1279,False,2025-05-22,True,ซื้อแล้ว
C00184,สมชาย,ไม่ระบุ,18-24,2,B02,สีลม,2025-08-31,385,083-xxx-1286,False,2025-09-06,True,ซื้อแล้ว
C00185,วีระ,หญิง,45-54,5,B04,บางนา,2026-02-12,220,085-xxx-5007,False,2026-02-15,True,ซื้อแล้ว
C00186,วีระ,ชาย,35-44,4,B05,มหาวิทยาลัย,2025-04-06,532,085-xxx-3919,False,2025-04-09,True,ซื้อแล้ว
C00187,มานพ,ชาย,45-54,5,B02,สีลม,2025-10-12,343,089-xxx-1413,False,2025-11-01,True,ซื้อแล้ว
C00188,ทิพย์,หญิง,35-44,4,B03,อารีย์,2026-07-16,66,088-xxx-8998,False,2026-08-24,True,ซื้อแล้ว
C00189,เกศ,ชาย,35-44,4,B01,สยาม,2026-05-13,130,082-xxx-1968,False,,False,ไม่เคยซื้อ
C00190,ศิริ,หญิง,55+,6,B05,มหาวิทยาลัย,2026-03-19,185,085-xxx-3522,False,,False,ไม่เคยซื้อ
C00191,อัญชลี,หญิง,35-44,4,B01,สยาม,2026-03-29,175,082-xxx-8333,False,2026-07-15,True,ซื้อแล้ว
C00192,วรรณ,หญิง,18-24,2,B05,มหาวิทยาลัย,2025-11-18,306,081-xxx-7248,False,2025-12-02,True,ซื้อแล้ว
C00193,มานพ,หญิง,18-24,2,B03,อารีย์,2026-02-14,218,082-xxx-6597,False,2026-02-22,True,ซื้อแล้ว
C00194,วีระ,ชาย,35-44,4,B05,มหาวิทยาลัย,2025-10-01,354,089-xxx-7803,False,2025-11-06,True,ซื้อแล้ว
C00195,ศิริ,ชาย,55+,6,B04,บางนา,2026-03-07,197,085-xxx-6131,False,2026-03-22,True,ซื้อแล้ว
C00196,ภัทร,หญิง,25-34,3,B04,บางนา,2025-12-07,287,087-xxx-4750,False,2025-12-12,True,ซื้อแล้ว
C00197,ทิพย์,ชาย,25-34,3,B04,บางนา,2026-05-05,138,088-xxx-9840,True,2026-06-16,True,ซื้อแล้ว
C00198,ปิยะ,หญิง,18-24,2,B01,สยาม,2026-08-16,35,085-xxx-1695,False,,False,ไม่เคยซื้อ
C00199,ภูมิ,หญิง,25-34,3,B03,อารีย์,2026-07-08,74,083-xxx-2200,False,2026-07-24,True,ซื้อแล้ว
C00200,พิม,หญิง,18-24,2,B01,สยาม,2025-07-15,432,086-xxx-9373,False,2025-08-01,True,ซื้อแล้ว
C00201,ธีร,ชาย,18-24,2,B01,สยาม,2026-04-09,164,082-xxx-4504,False,2026-07-18,True,ซื้อแล้ว
C00202,สมชาย,ชาย,35-44,4,B02,สีลม,2026-04-29,144,088-xxx-6687,False,2026-07-07,True,ซื้อแล้ว
C00203,ปวีณ,หญิง,25-34,3,B02,สีลม,2026-01-26,237,088-xxx-3646,False,2026-02-03,True,ซื้อแล้ว
C00204,ศิริ,ชาย,35-44,4,B05,มหาวิทยาลัย,2026-04-07,166,083-xxx-4750,False,2026-04-25,True,ซื้อแล้ว
C00205,วีระ,ชาย,25-34,3,B01,สยาม,2026-01-06,257,089-xxx-5548,True,2026-01-12,True,ซื้อแล้ว
C00206,ภูมิ,ชาย,45-54,5,B01,สยาม,2026-04-24,149,085-xxx-9673,False,2026-05-01,True,ซื้อแล้ว
C00207,ปิยะ,หญิง,18-24,2,B05,มหาวิทยาลัย,2026-08-27,24,081-xxx-7384,False,,False,สมาชิกใหม่ ยังไม่ซื้อ
C00208,ธีร,หญิง,18-24,2,B03,อารีย์,2026-03-01,203,081-xxx-7810,False,2026-03-11,True,ซื้อแล้ว
C00209,นภัส,ชาย,18-24,2,B01,สยาม,2025-07-23,424,085-xxx-9196,False,2025-08-06,True,ซื้อแล้ว
C00210,ศิริ,ชาย,18-24,2,B01,สยาม,2025-05-16,492,085-xxx-2389,False,2025-05-17,True,ซื้อแล้ว
C00211,ปิยะ,หญิง,35-44,4,B05,มหาวิทยาลัย,2025-12-22,272,088-xxx-1662,False,2026-01-26,True,ซื้อแล้ว
C00212,อรุณ,หญิง,55+,6,B01,สยาม,2026-04-20,153,081-xxx-6511,False,2026-08-30,True,ซื้อแล้ว
C00213,นภัส,หญิง,25-34,3,B02,สีลม,2026-01-13,250,082-xxx-9839,False,2026-01-18,True,ซื้อแล้ว
C00214,ธนา,หญิง,18-24,2,B05,มหาวิทยาลัย,2026-03-26,178,087-xxx-1072,False,2026-05-08,True,ซื้อแล้ว
C00215,กมล,หญิง,ต่ำกว่า 18,1,B05,มหาวิทยาลัย,2026-07-29,53,085-xxx-9049,False,,False,ไม่เคยซื้อ
C00216,นภัส,หญิง,35-44,4,B05,มหาวิทยาลัย,2026-08-14,37,087-xxx-3328,False,,False,ไม่เคยซื้อ
C00217,พิม,หญิง,18-24,2,B01,สยาม,2025-11-11,313,085-xxx-3776,False,2025-11-18,True,ซื้อแล้ว
C00218,ณัฐ,ชาย,35-44,4,B01,สยาม,2026-06-26,86,088-xxx-5690,True,2026-07-16,True,ซื้อแล้ว
C00219,สุดา,ชาย,18-24,2,B05,มหาวิทยาลัย,2026-05-05,138,085-xxx-4076,False,2026-05-25,True,ซื้อแล้ว
C00220,รัตนา,หญิง,35-44,4,B05,มหาวิทยาลัย,2026-04-03,170,088-xxx-4716,False,,False,ไม่เคยซื้อ
C00221,สุดา,หญิง,25-34,3,B02,สีลม,2026-07-22,60,088-xxx-2943,False,2026-09-08,True,ซื้อแล้ว
C00222,ธนา,หญิง,25-34,3,B01,สยาม,2025-10-31,324,088-xxx-6407,False,2025-12-14,True,ซื้อแล้ว
C00223,ธนา,ชาย,18-24,2,B01,สยาม,2025-11-28,296,088-xxx-4694,False,2025-11-29,True,ซื้อแล้ว
C00224,ปิยะ,หญิง,25-34,3,B04,บางนา,2026-03-17,187,084-xxx-8716,False,2026-03-17,True,ซื้อแล้ว
C00225,มานพ,หญิง,35-44,4,B02,สีลม,2026-07-14,68,082-xxx-8677,False,2026-08-26,True,ซื้อแล้ว
C00226,กิตติ,หญิง,ต่ำกว่า 18,1,B05,มหาวิทยาลัย,2025-12-11,283,089-xxx-3890,False,2026-02-02,True,ซื้อแล้ว
C00227,สมชาย,ชาย,18-24,2,B02,สีลม,2026-06-09,103,087-xxx-6615,False,2026-08-20,True,ซื้อแล้ว
C00228,ภูมิ,ไม่ระบุ,35-44,4,B03,อารีย์,2026-04-03,170,082-xxx-7829,False,2026-04-08,True,ซื้อแล้ว
C00229,จิรา,หญิง,18-24,2,B03,อารีย์,2025-12-25,269,084-xxx-4524,True,2025-12-26,True,ซื้อแล้ว
C00230,กิตติ,ชาย,35-44,4,B02,สีลม,2025-11-18,306,084-xxx-8978,False,2026-03-13,True,ซื้อแล้ว
C00231,กมล,หญิง,25-34,3,B02,สีลม,2026-07-27,55,081-xxx-7193,False,2026-08-14,True,ซื้อแล้ว
C00232,มานพ,หญิง,35-44,4,B03,อารีย์,2026-05-20,123,083-xxx-8904,False,2026-06-21,True,ซื้อแล้ว
C00233,จิรา,ชาย,45-54,5,B05,มหาวิทยาลัย,2025-06-24,453,085-xxx-1038,False,2025-07-01,True,ซื้อแล้ว
C00234,วีระ,ชาย,18-24,2,B05,มหาวิทยาลัย,2025-10-25,330,082-xxx-1456,False,2025-12-19,True,ซื้อแล้ว
C00235,ภัทร,หญิง,45-54,5,B02,สีลม,2026-01-12,251,084-xxx-6201,True,2026-01-14,True,ซื้อแล้ว
C00236,ปวีณ,หญิง,45-54,5,B04,บางนา,2025-05-15,493,083-xxx-3433,False,2025-05-29,True,ซื้อแล้ว
C00237,ศิริ,หญิง,25-34,3,B05,มหาวิทยาลัย,2026-06-06,106,082-xxx-9488,False,2026-07-23,True,ซื้อแล้ว
C00238,วีระ,ชาย,18-24,2,B01,สยาม,2025-12-04,290,087-xxx-3708,False,2026-01-05,True,ซื้อแล้ว
C00239,ปิยะ,หญิง,35-44,4,B03,อารีย์,2026-08-30,21,089-xxx-1573,False,,False,สมาชิกใหม่ ยังไม่ซื้อ
C00240,อรุณ,หญิง,25-34,3,B05,มหาวิทยาลัย,2025-08-26,390,083-xxx-1192,False,2025-09-19,True,ซื้อแล้ว
C00241,ธีร,ชาย,25-34,3,B04,บางนา,2025-04-05,533,082-xxx-7372,False,2025-04-08,True,ซื้อแล้ว
C00242,ภัทร,ชาย,18-24,2,B04,บางนา,2025-11-12,312,082-xxx-5716,False,2025-12-14,True,ซื้อแล้ว
C00243,กิตติ,ไม่ระบุ,25-34,3,B03,อารีย์,2026-09-12,8,081-xxx-2530,False,,False,สมาชิกใหม่ ยังไม่ซื้อ
C00244,จิรา,หญิง,18-24,2,B02,สีลม,2025-10-24,331,086-xxx-2013,False,2025-11-11,True,ซื้อแล้ว
C00245,ภัทร,หญิง,25-34,3,B01,สยาม,2025-08-12,404,089-xxx-4517,False,2025-08-17,True,ซื้อแล้ว
C00246,วรรณ,หญิง,18-24,2,B04,บางนา,2026-05-14,129,086-xxx-9028,False,2026-05-15,True,ซื้อแล้ว
C00247,สมชาย,หญิง,35-44,4,B03,อารีย์,2026-07-28,54,083-xxx-6572,False,,False,ไม่เคยซื้อ
C00248,ทิพย์,หญิง,25-34,3,B04,บางนา,2026-09-05,15,087-xxx-5949,False,,False,สมาชิกใหม่ ยังไม่ซื้อ
C00249,พิม,หญิง,18-24,2,B01,สยาม,2025-09-21,364,088-xxx-3550,False,2025-10-30,True,ซื้อแล้ว
C00250,อัญชลี,หญิง,25-34,3,B05,มหาวิทยาลัย,2025-07-15,432,086-xxx-9117,False,2025-07-17,True,ซื้อแล้ว
C00251,นภัส,ไม่ระบุ,18-24,2,B01,สยาม,2025-08-16,400,083-xxx-8251,False,2025-09-12,True,ซื้อแล้ว
C00252,ณัฐ,หญิง,18-24,2,B01,สยาม,2025-08-20,396,087-xxx-3110,False,2025-09-07,True,ซื้อแล้ว
C00253,อรุณ,หญิง,25-34,3,B03,อารีย์,2026-01-28,235,085-xxx-7976,False,2026-03-02,True,ซื้อแล้ว
C00254,รัตนา,ชาย,18-24,2,B04,บางนา,2025-05-09,499,089-xxx-3224,False,2025-05-16,True,ซื้อแล้ว
C00255,ปวีณ,ชาย,25-34,3,B03,อารีย์,2026-01-04,259,082-xxx-7102,False,2026-01-16,True,ซื้อแล้ว
C00256,ณัฐ,ชาย,25-34,3,B01,สยาม,2026-06-08,104,084-xxx-2187,False,2026-09-09,True,ซื้อแล้ว
C00257,รัตนา,หญิง,25-34,3,B02,สีลม,2025-07-08,439,081-xxx-6095,False,2025-07-14,True,ซื้อแล้ว
C00258,อัญชลี,ชาย,25-34,3,B05,มหาวิทยาลัย,2025-11-04,320,081-xxx-7712,False,2025-11-14,True,ซื้อแล้ว
C00259,ณัฐ,ไม่ระบุ,45-54,5,B01,สยาม,2026-06-24,88,087-xxx-1179,False,,False,ไม่เคยซื้อ
C00260,จิรา,หญิง,55+,6,B01,สยาม,2025-05-07,501,084-xxx-7480,False,2025-06-15,True,ซื้อแล้ว
C00261,รัตนา,ไม่ระบุ,18-24,2,B02,สีลม,2025-12-15,279,084-xxx-4808,True,2026-01-02,True,ซื้อแล้ว
C00262,อรุณ,หญิง,25-34,3,B01,สยาม,2026-07-15,67,082-xxx-8784,False,2026-08-22,True,ซื้อแล้ว
C00263,มานพ,หญิง,ต่ำกว่า 18,1,B04,บางนา,2026-01-03,260,081-xxx-7360,False,2026-01-13,True,ซื้อแล้ว
C00264,ทิพย์,ชาย,25-34,3,B03,อารีย์,2026-04-06,167,086-xxx-4751,False,2026-04-21,True,ซื้อแล้ว
C00265,สมชาย,ชาย,25-34,3,B03,อารีย์,2026-01-08,255,088-xxx-7473,False,2026-01-11,True,ซื้อแล้ว
C00266,ธนา,หญิง,ต่ำกว่า 18,1,B03,อารีย์,2026-08-21,30,083-xxx-9867,False,2026-09-08,True,ซื้อแล้ว
C00267,ศิริ,หญิง,45-54,5,B03,อารีย์,2026-04-26,147,085-xxx-8231,False,2026-04-29,True,ซื้อแล้ว
C00268,รัตนา,หญิง,25-34,3,B04,บางนา,2025-07-15,432,081-xxx-6696,False,2025-08-10,True,ซื้อแล้ว
C00269,ปิยะ,ชาย,25-34,3,B01,สยาม,2026-04-24,149,086-xxx-8413,False,2026-07-03,True,ซื้อแล้ว
C00270,อรุณ,หญิง,35-44,4,B04,บางนา,2025-12-04,290,087-xxx-5915,False,2025-12-05,True,ซื้อแล้ว
C00271,ปิยะ,หญิง,25-34,3,B05,มหาวิทยาลัย,2025-05-29,479,084-xxx-8506,False,2025-06-16,True,ซื้อแล้ว
C00272,ศิริ,ชาย,45-54,5,B01,สยาม,2025-07-26,421,089-xxx-5213,False,2025-09-26,True,ซื้อแล้ว
C00273,ปวีณ,ไม่ระบุ,18-24,2,B01,สยาม,2025-11-21,303,087-xxx-7216,False,2025-12-25,True,ซื้อแล้ว
C00274,สมชาย,ชาย,ต่ำกว่า 18,1,B01,สยาม,2026-02-04,228,082-xxx-1130,False,2026-03-29,True,ซื้อแล้ว
C00275,ปวีณ,หญิง,18-24,2,B01,สยาม,2026-06-19,93,085-xxx-6212,False,2026-08-01,True,ซื้อแล้ว
C00276,นภัส,ชาย,25-34,3,B01,สยาม,2026-08-14,37,085-xxx-6536,False,2026-09-17,True,ซื้อแล้ว
C00277,ชนา,หญิง,25-34,3,B02,สีลม,2026-03-03,201,082-xxx-3665,False,2026-05-08,True,ซื้อแล้ว
C00278,ธีร,หญิง,18-24,2,B02,สีลม,2026-04-26,147,082-xxx-5173,False,2026-05-21,True,ซื้อแล้ว
C00279,อัญชลี,หญิง,18-24,2,B01,สยาม,2026-08-09,42,086-xxx-3167,False,,False,ไม่เคยซื้อ
C00280,ธีร,หญิง,25-34,3,B05,มหาวิทยาลัย,2025-10-07,348,088-xxx-2741,False,2025-11-26,True,ซื้อแล้ว
C00281,พิม,ชาย,45-54,5,B02,สีลม,2025-08-09,407,083-xxx-6991,False,2025-08-18,True,ซื้อแล้ว
C00282,นภัส,หญิง,18-24,2,B04,บางนา,2026-01-17,246,081-xxx-9648,False,2026-04-11,True,ซื้อแล้ว
C00283,ภูมิ,หญิง,25-34,3,B02,สีลม,2025-08-25,391,082-xxx-8080,False,2025-09-10,True,ซื้อแล้ว
C00284,ปวีณ,ชาย,45-54,5,B02,สีลม,2025-07-01,446,088-xxx-5116,False,2025-08-06,True,ซื้อแล้ว
C00285,สุดา,ชาย,35-44,4,B01,สยาม,2026-02-04,228,087-xxx-9777,False,2026-02-14,True,ซื้อแล้ว
C00286,ปวีณ,ชาย,25-34,3,B02,สีลม,2025-12-03,291,087-xxx-9912,False,2025-12-03,True,ซื้อแล้ว
C00287,ชนา,ชาย,35-44,4,B02,สีลม,2026-09-08,12,086-xxx-6487,False,,False,สมาชิกใหม่ ยังไม่ซื้อ
C00288,จิรา,ไม่ระบุ,25-34,3,B02,สีลม,2026-01-26,237,086-xxx-7431,False,,False,ไม่เคยซื้อ
C00289,มานพ,หญิง,35-44,4,B03,อารีย์,2026-02-26,206,085-xxx-2708,False,2026-03-20,True,ซื้อแล้ว
C00290,ธีร,ชาย,18-24,2,B01,สยาม,2026-08-13,38,086-xxx-6025,False,,False,ไม่เคยซื้อ
C00291,ภูมิ,หญิง,18-24,2,B04,บางนา,2025-08-28,388,085-xxx-2864,False,2025-09-06,True,ซื้อแล้ว
C00292,จิรา,หญิง,25-34,3,B01,สยาม,2026-05-12,131,089-xxx-6437,False,2026-05-16,True,ซื้อแล้ว
C00293,ปวีณ,ชาย,35-44,4,B03,อารีย์,2026-02-19,213,087-xxx-2770,False,2026-08-20,True,ซื้อแล้ว
C00294,กิตติ,หญิง,45-54,5,B02,สีลม,2026-05-27,116,083-xxx-5657,False,2026-08-21,True,ซื้อแล้ว
C00295,ปิยะ,ชาย,25-34,3,B02,สีลม,2025-11-13,311,085-xxx-6528,False,2025-12-12,True,ซื้อแล้ว
C00296,มานพ,หญิง,25-34,3,B01,สยาม,2025-12-14,280,082-xxx-1497,False,2025-12-14,True,ซื้อแล้ว
C00297,จิรา,หญิง,55+,6,B04,บางนา,2025-06-22,455,085-xxx-4245,False,2025-07-24,True,ซื้อแล้ว
C00298,กมล,หญิง,45-54,5,B01,สยาม,2025-11-19,305,085-xxx-2148,False,2025-11-25,True,ซื้อแล้ว
C00299,ปิยะ,หญิง,25-34,3,B04,บางนา,2026-07-02,80,085-xxx-5104,False,2026-07-19,True,ซื้อแล้ว
C00300,ปิยะ,ชาย,25-34,3,B02,สีลม,2025-09-25,360,089-xxx-4756,False,2025-10-07,True,ซื้อแล้ว
C00301,ชนา,ชาย,18-24,2,B01,สยาม,2025-06-03,474,087-xxx-3506,False,2025-08-20,True,ซื้อแล้ว
C00302,กมล,หญิง,25-34,3,B01,สยาม,2025-04-28,510,084-xxx-6780,False,2025-06-13,True,ซื้อแล้ว
C00303,อรุณ,หญิง,18-24,2,B02,สีลม,2026-03-17,187,089-xxx-9912,False,,False,ไม่เคยซื้อ
C00304,วรรณ,หญิง,18-24,2,B04,บางนา,2025-09-02,383,085-xxx-3427,False,2025-09-15,True,ซื้อแล้ว
C00305,ธนา,หญิง,25-34,3,B02,สีลม,2025-06-15,462,082-xxx-3987,False,2025-06-21,True,ซื้อแล้ว
C00306,พิม,หญิง,25-34,3,B02,สีลม,2025-07-17,430,085-xxx-9719,False,2025-07-18,True,ซื้อแล้ว
C00307,จิรา,ชาย,18-24,2,B04,บางนา,2026-04-28,145,087-xxx-3020,False,2026-06-03,True,ซื้อแล้ว
C00308,รัตนา,หญิง,25-34,3,B01,สยาม,2026-01-05,258,089-xxx-5027,False,2026-02-10,True,ซื้อแล้ว
C00309,กิตติ,หญิง,25-34,3,B05,มหาวิทยาลัย,2025-04-24,514,088-xxx-5018,False,2025-04-25,True,ซื้อแล้ว
C00310,ธีร,หญิง,55+,6,B01,สยาม,2026-03-23,181,089-xxx-5179,False,2026-04-11,True,ซื้อแล้ว
C00311,อัญชลี,หญิง,18-24,2,B04,บางนา,2025-07-29,418,084-xxx-5452,False,2025-09-15,True,ซื้อแล้ว
C00312,สมชาย,ชาย,18-24,2,B04,บางนา,2026-06-05,107,083-xxx-5398,False,2026-07-10,True,ซื้อแล้ว
C00313,ปวีณ,หญิง,45-54,5,B02,สีลม,2026-06-17,95,089-xxx-2545,False,2026-08-04,True,ซื้อแล้ว
C00314,ธนา,ชาย,25-34,3,B04,บางนา,2025-12-10,284,081-xxx-8533,False,2026-03-03,True,ซื้อแล้ว
C00315,สุดา,ชาย,18-24,2,B03,อารีย์,2026-07-28,54,084-xxx-1510,False,2026-08-05,True,ซื้อแล้ว
C00316,ปวีณ,หญิง,35-44,4,B05,มหาวิทยาลัย,2026-08-19,32,085-xxx-6125,False,2026-09-02,True,ซื้อแล้ว
C00317,สุดา,หญิง,45-54,5,B02,สีลม,2026-02-23,209,083-xxx-6936,False,2026-02-27,True,ซื้อแล้ว
C00318,อัญชลี,หญิง,18-24,2,B03,อารีย์,2026-03-23,181,085-xxx-1453,False,2026-04-22,True,ซื้อแล้ว
C00319,สมชาย,หญิง,45-54,5,B04,บางนา,2026-05-14,129,085-xxx-2524,False,2026-05-16,True,ซื้อแล้ว
C00320,วีระ,หญิง,25-34,3,B01,สยาม,2026-04-12,161,085-xxx-7143,True,2026-04-22,True,ซื้อแล้ว
C00321,อัญชลี,ชาย,35-44,4,B01,สยาม,2025-12-22,272,084-xxx-4083,False,2025-12-23,True,ซื้อแล้ว
C00322,อรุณ,ชาย,45-54,5,B01,สยาม,2025-05-18,490,088-xxx-8723,False,2025-05-20,True,ซื้อแล้ว
C00323,กมล,หญิง,18-24,2,B04,บางนา,2026-08-07,44,081-xxx-1570,False,,False,ไม่เคยซื้อ
C00324,ภัทร,ชาย,25-34,3,B05,มหาวิทยาลัย,2025-07-24,423,087-xxx-5943,False,2025-08-05,True,ซื้อแล้ว
C00325,ทิพย์,หญิง,25-34,3,B02,สีลม,2025-06-10,467,083-xxx-9820,False,2025-06-18,True,ซื้อแล้ว
C00326,ชนา,ชาย,25-34,3,B04,บางนา,2026-01-26,237,085-xxx-4645,False,2026-02-11,True,ซื้อแล้ว
C00327,อัญชลี,หญิง,18-24,2,B01,สยาม,2026-06-27,85,081-xxx-2014,False,2026-07-27,True,ซื้อแล้ว
C00328,วีระ,หญิง,18-24,2,B03,อารีย์,2026-01-01,262,087-xxx-8172,False,2026-01-04,True,ซื้อแล้ว
C00329,เกศ,ชาย,18-24,2,B05,มหาวิทยาลัย,2026-04-22,151,089-xxx-1948,False,,False,ไม่เคยซื้อ
C00330,อรุณ,ชาย,18-24,2,B04,บางนา,2026-05-21,122,081-xxx-1194,False,2026-06-11,True,ซื้อแล้ว
C00331,วีระ,หญิง,35-44,4,B05,มหาวิทยาลัย,2026-08-18,33,083-xxx-3531,False,2026-09-09,True,ซื้อแล้ว
C00332,ภูมิ,ชาย,25-34,3,B01,สยาม,2025-11-16,308,084-xxx-8327,False,,False,ไม่เคยซื้อ
C00333,วีระ,หญิง,18-24,2,B02,สีลม,2025-05-15,493,085-xxx-9766,True,2025-07-20,True,ซื้อแล้ว
C00334,ชนา,ชาย,18-24,2,B05,มหาวิทยาลัย,2025-06-11,466,089-xxx-9015,False,2025-08-11,True,ซื้อแล้ว
C00335,สมชาย,ชาย,25-34,3,B02,สีลม,2026-03-08,196,081-xxx-4062,False,2026-07-24,True,ซื้อแล้ว
C00336,อัญชลี,หญิง,35-44,4,B05,มหาวิทยาลัย,2026-05-15,128,089-xxx-5598,False,2026-06-09,True,ซื้อแล้ว
C00337,ศิริ,ชาย,18-24,2,B01,สยาม,2025-12-01,293,086-xxx-3485,False,2025-12-03,True,ซื้อแล้ว
C00338,กมล,หญิง,25-34,3,B03,อารีย์,2026-07-19,63,082-xxx-2116,False,2026-08-28,True,ซื้อแล้ว
C00339,ชนา,ไม่ระบุ,25-34,3,B03,อารีย์,2025-11-06,318,086-xxx-2493,False,2025-11-11,True,ซื้อแล้ว
C00340,กมล,ชาย,35-44,4,B02,สีลม,2025-05-10,498,089-xxx-7697,False,2025-06-04,True,ซื้อแล้ว
C00341,ธีร,ชาย,18-24,2,B04,บางนา,2026-03-31,173,086-xxx-7324,False,2026-04-10,True,ซื้อแล้ว
C00342,ปวีณ,ชาย,25-34,3,B01,สยาม,2025-08-26,390,087-xxx-5937,False,2025-09-19,True,ซื้อแล้ว
C00343,กมล,หญิง,25-34,3,B01,สยาม,2026-02-09,223,086-xxx-5837,False,,False,ไม่เคยซื้อ
C00344,สมชาย,ชาย,25-34,3,B04,บางนา,2026-04-15,158,084-xxx-5723,False,2026-06-15,True,ซื้อแล้ว
C00345,ณัฐ,ชาย,35-44,4,B01,สยาม,2025-12-24,270,083-xxx-7360,False,2025-12-31,True,ซื้อแล้ว
C00346,สุดา,หญิง,25-34,3,B02,สีลม,2026-06-01,111,082-xxx-9370,False,2026-07-10,True,ซื้อแล้ว
C00347,เกศ,หญิง,25-34,3,B04,บางนา,2026-01-23,240,087-xxx-5102,False,2026-04-17,True,ซื้อแล้ว
C00348,ปวีณ,หญิง,25-34,3,B05,มหาวิทยาลัย,2025-06-15,462,087-xxx-9336,False,2025-06-20,True,ซื้อแล้ว
C00349,รัตนา,หญิง,45-54,5,B04,บางนา,2026-04-10,163,084-xxx-9169,False,2026-06-18,True,ซื้อแล้ว
C00350,รัตนา,ชาย,18-24,2,B02,สีลม,2026-08-14,37,084-xxx-4877,False,,False,ไม่เคยซื้อ
C00351,กมล,หญิง,35-44,4,B05,มหาวิทยาลัย,2026-03-30,174,089-xxx-4466,False,2026-09-04,True,ซื้อแล้ว
C00352,ปิยะ,ชาย,25-34,3,B02,สีลม,2026-08-02,49,081-xxx-3266,False,,False,ไม่เคยซื้อ
C00353,กิตติ,หญิง,25-34,3,B05,มหาวิทยาลัย,2025-07-09,438,081-xxx-1624,False,2025-08-01,True,ซื้อแล้ว
C00354,ชนา,หญิง,35-44,4,B02,สีลม,2025-08-11,405,083-xxx-9742,False,2025-10-07,True,ซื้อแล้ว
C00355,วีระ,หญิง,45-54,5,B02,สีลม,2025-06-01,476,088-xxx-4479,False,2025-06-23,True,ซื้อแล้ว
C00356,พิม,ชาย,25-34,3,B03,อารีย์,2026-06-09,103,086-xxx-8388,False,,False,ไม่เคยซื้อ
C00357,ภูมิ,หญิง,45-54,5,B05,มหาวิทยาลัย,2025-11-12,312,088-xxx-7744,True,2026-03-27,True,ซื้อแล้ว
C00358,กิตติ,หญิง,18-24,2,B04,บางนา,2026-05-23,120,086-xxx-7850,False,2026-05-28,True,ซื้อแล้ว
C00359,ปวีณ,หญิง,18-24,2,B01,สยาม,2026-07-25,57,083-xxx-4235,False,2026-07-28,True,ซื้อแล้ว
C00360,ชนา,หญิง,25-34,3,B01,สยาม,2025-07-08,439,089-xxx-4318,False,2025-07-17,True,ซื้อแล้ว
C00361,ชนา,ชาย,25-34,3,B04,บางนา,2026-02-24,208,085-xxx-7482,False,2026-03-07,True,ซื้อแล้ว
C00362,พิม,หญิง,18-24,2,B01,สยาม,2026-04-19,154,085-xxx-8106,False,2026-05-27,True,ซื้อแล้ว
C00363,ธนา,ชาย,45-54,5,B01,สยาม,2026-07-20,62,089-xxx-4239,False,2026-08-16,True,ซื้อแล้ว
C00364,ธีร,ชาย,45-54,5,B02,สีลม,2026-08-10,41,089-xxx-7679,False,,False,ไม่เคยซื้อ
C00365,ชนา,ชาย,25-34,3,B05,มหาวิทยาลัย,2025-07-19,428,081-xxx-4867,False,,False,ไม่เคยซื้อ
C00366,ธีร,หญิง,25-34,3,B02,สีลม,2026-02-03,229,087-xxx-9815,False,2026-02-17,True,ซื้อแล้ว
C00367,ธนา,ชาย,18-24,2,B02,สีลม,2025-04-11,527,082-xxx-9419,False,2025-05-26,True,ซื้อแล้ว
C00368,ณัฐ,หญิง,45-54,5,B04,บางนา,2026-04-19,154,083-xxx-4198,False,2026-06-21,True,ซื้อแล้ว
C00369,กมล,ไม่ระบุ,55+,6,B05,มหาวิทยาลัย,2025-07-30,417,087-xxx-2954,False,2025-09-18,True,ซื้อแล้ว
C00370,วรรณ,หญิง,35-44,4,B05,มหาวิทยาลัย,2025-09-06,379,085-xxx-7093,True,,False,ไม่เคยซื้อ
C00371,ธนา,หญิง,25-34,3,B04,บางนา,2025-12-19,275,088-xxx-6575,False,2026-02-22,True,ซื้อแล้ว
C00372,ภูมิ,หญิง,18-24,2,B05,มหาวิทยาลัย,2026-04-28,145,083-xxx-2574,False,2026-05-26,True,ซื้อแล้ว
C00373,กมล,ชาย,25-34,3,B01,สยาม,2025-12-16,278,083-xxx-1139,False,2026-04-30,True,ซื้อแล้ว
C00374,กมล,หญิง,18-24,2,B02,สีลม,2025-04-09,529,082-xxx-4357,True,2025-04-09,True,ซื้อแล้ว
C00375,สมชาย,ไม่ระบุ,45-54,5,B03,อารีย์,2025-12-08,286,089-xxx-6275,False,2025-12-12,True,ซื้อแล้ว
C00376,อัญชลี,หญิง,18-24,2,B01,สยาม,2025-06-10,467,089-xxx-8585,False,2025-08-06,True,ซื้อแล้ว
C00377,วีระ,ชาย,ต่ำกว่า 18,1,B03,อารีย์,2026-08-31,20,086-xxx-4689,False,2026-09-14,True,ซื้อแล้ว
C00378,สุดา,หญิง,ต่ำกว่า 18,1,B05,มหาวิทยาลัย,2025-07-22,425,088-xxx-3667,False,2025-08-11,True,ซื้อแล้ว
C00379,กิตติ,หญิง,25-34,3,B03,อารีย์,2026-08-03,48,083-xxx-1871,False,,False,ไม่เคยซื้อ
C00380,จิรา,ชาย,25-34,3,B01,สยาม,2025-11-28,296,085-xxx-4407,False,2025-11-28,True,ซื้อแล้ว
C00381,ภัทร,หญิง,25-34,3,B04,บางนา,2025-10-16,339,087-xxx-8602,False,2025-12-14,True,ซื้อแล้ว
C00382,รัตนา,หญิง,25-34,3,B03,อารีย์,2026-05-31,112,089-xxx-8935,False,,False,ไม่เคยซื้อ
C00383,รัตนา,หญิง,18-24,2,B03,อารีย์,2026-03-16,188,083-xxx-5744,False,2026-03-27,True,ซื้อแล้ว
C00384,ทิพย์,หญิง,25-34,3,B04,บางนา,2025-05-26,482,081-xxx-4275,False,2025-06-17,True,ซื้อแล้ว
C00385,ภัทร,หญิง,18-24,2,B01,สยาม,2026-03-25,179,089-xxx-9399,False,2026-03-27,True,ซื้อแล้ว
C00386,ณัฐ,หญิง,45-54,5,B01,สยาม,2025-12-10,284,083-xxx-1543,False,2025-12-30,True,ซื้อแล้ว
C00387,นภัส,หญิง,45-54,5,B04,บางนา,2026-08-26,25,087-xxx-6392,False,2026-09-20,True,ซื้อแล้ว
C00388,กิตติ,ชาย,25-34,3,B02,สีลม,2026-03-06,198,087-xxx-2438,False,,False,ไม่เคยซื้อ
C00389,ภัทร,ชาย,35-44,4,B03,อารีย์,2026-05-25,118,083-xxx-5681,False,2026-06-05,True,ซื้อแล้ว
C00390,อรุณ,หญิง,18-24,2,B05,มหาวิทยาลัย,2025-12-04,290,083-xxx-8365,False,2026-01-15,True,ซื้อแล้ว
C00391,ภัทร,ชาย,18-24,2,B01,สยาม,2025-09-20,365,087-xxx-7331,False,2025-09-21,True,ซื้อแล้ว
C00392,จิรา,หญิง,18-24,2,B05,มหาวิทยาลัย,2026-03-01,203,087-xxx-6327,False,,False,ไม่เคยซื้อ
C00393,ธีร,ชาย,25-34,3,B04,บางนา,2025-11-07,317,083-xxx-7210,False,2026-01-05,True,ซื้อแล้ว
C00394,สมชาย,หญิง,18-24,2,B05,มหาวิทยาลัย,2026-05-31,112,089-xxx-6300,False,,False,ไม่เคยซื้อ
C00395,กมล,ชาย,45-54,5,B01,สยาม,2025-10-21,334,087-xxx-6345,False,2025-11-23,True,ซื้อแล้ว
C00396,สมชาย,ชาย,35-44,4,B01,สยาม,2025-06-12,465,087-xxx-9103,False,2025-06-12,True,ซื้อแล้ว
C00397,สุดา,หญิง,55+,6,B02,สีลม,2025-09-20,365,089-xxx-7239,False,2025-10-22,True,ซื้อแล้ว
C00398,ปิยะ,ชาย,55+,6,B05,มหาวิทยาลัย,2026-07-11,71,087-xxx-1169,False,2026-08-18,True,ซื้อแล้ว
C00399,สมชาย,ชาย,25-34,3,B01,สยาม,2026-08-08,43,085-xxx-3385,False,2026-09-07,True,ซื้อแล้ว
C00400,ชนา,ชาย,35-44,4,B01,สยาม,2026-06-15,97,082-xxx-8324,False,2026-06-16,True,ซื้อแล้ว
C00401,นภัส,หญิง,35-44,4,B01,สยาม,2025-11-29,295,084-xxx-9238,False,2026-02-11,True,ซื้อแล้ว
C00402,ภูมิ,หญิง,18-24,2,B02,สีลม,2025-07-20,427,086-xxx-5716,False,2026-06-19,True,ซื้อแล้ว
C00403,สุดา,หญิง,25-34,3,B01,สยาม,2026-04-28,145,086-xxx-4277,False,2026-05-07,True,ซื้อแล้ว
C00404,ณัฐ,หญิง,18-24,2,B04,บางนา,2025-12-15,279,089-xxx-7046,False,2025-12-24,True,ซื้อแล้ว
C00405,เกศ,หญิง,18-24,2,B03,อารีย์,2026-03-17,187,089-xxx-1341,False,2026-08-11,True,ซื้อแล้ว
C00406,ทิพย์,ชาย,35-44,4,B02,สีลม,2026-02-01,231,086-xxx-1175,False,2026-02-03,True,ซื้อแล้ว
C00407,ธีร,หญิง,25-34,3,B01,สยาม,2025-12-25,269,084-xxx-1008,False,2026-02-04,True,ซื้อแล้ว
C00408,ธนา,ชาย,25-34,3,B01,สยาม,2026-03-09,195,084-xxx-9777,False,,False,ไม่เคยซื้อ
C00409,ภูมิ,หญิง,25-34,3,B02,สีลม,2025-09-04,381,083-xxx-6951,False,2025-11-28,True,ซื้อแล้ว
C00410,ทิพย์,ชาย,18-24,2,B01,สยาม,2025-11-22,302,088-xxx-1198,True,,False,ไม่เคยซื้อ
C00411,กิตติ,หญิง,25-34,3,B02,สีลม,2025-06-12,465,087-xxx-5549,False,2025-06-18,True,ซื้อแล้ว
C00412,ภูมิ,ชาย,25-34,3,B03,อารีย์,2026-01-26,237,082-xxx-9619,False,2026-02-15,True,ซื้อแล้ว
C00413,เกศ,ชาย,18-24,2,B03,อารีย์,2026-02-06,226,083-xxx-1220,False,2026-02-07,True,ซื้อแล้ว
C00414,กมล,ชาย,45-54,5,B04,บางนา,2026-08-23,28,083-xxx-8755,False,2026-09-20,True,ซื้อแล้ว
C00415,ภูมิ,หญิง,45-54,5,B03,อารีย์,2026-02-12,220,089-xxx-5134,False,2026-02-12,True,ซื้อแล้ว
C00416,ธีร,หญิง,25-34,3,B04,บางนา,2025-09-07,378,082-xxx-7778,False,2025-09-27,True,ซื้อแล้ว
C00417,กิตติ,ชาย,18-24,2,B04,บางนา,2026-08-07,44,085-xxx-6767,False,,False,ไม่เคยซื้อ
C00418,วีระ,ชาย,18-24,2,B01,สยาม,2025-08-21,395,086-xxx-4077,False,2025-09-23,True,ซื้อแล้ว
C00419,ธนา,หญิง,25-34,3,B01,สยาม,2026-05-13,130,088-xxx-3936,False,2026-05-30,True,ซื้อแล้ว
C00420,อัญชลี,ชาย,35-44,4,B03,อารีย์,2026-04-11,162,085-xxx-2818,False,2026-04-18,True,ซื้อแล้ว
C00421,กิตติ,หญิง,18-24,2,B01,สยาม,2025-12-10,284,089-xxx-1597,False,2026-01-05,True,ซื้อแล้ว
C00422,อรุณ,หญิง,55+,6,B01,สยาม,2026-03-04,200,086-xxx-5957,False,2026-03-11,True,ซื้อแล้ว
C00423,อัญชลี,ชาย,25-34,3,B01,สยาม,2026-01-25,238,083-xxx-1340,False,,False,ไม่เคยซื้อ
C00424,ณัฐ,ชาย,45-54,5,B04,บางนา,2026-05-14,129,084-xxx-4093,False,2026-07-22,True,ซื้อแล้ว
C00425,เกศ,หญิง,45-54,5,B02,สีลม,2026-09-09,11,086-xxx-2382,False,,False,สมาชิกใหม่ ยังไม่ซื้อ
C00426,กมล,หญิง,35-44,4,B01,สยาม,2026-04-20,153,089-xxx-9811,False,,False,ไม่เคยซื้อ
C00427,ปวีณ,หญิง,18-24,2,B03,อารีย์,2025-12-20,274,085-xxx-6451,False,2025-12-20,True,ซื้อแล้ว
C00428,ภัทร,หญิง,35-44,4,B02,สีลม,2025-10-23,332,082-xxx-2832,False,2026-03-01,True,ซื้อแล้ว
C00429,กมล,ชาย,25-34,3,B02,สีลม,2025-12-20,274,088-xxx-1071,False,2026-03-13,True,ซื้อแล้ว
C00430,กมล,ชาย,25-34,3,B04,บางนา,2025-07-22,425,089-xxx-4082,False,2025-07-28,True,ซื้อแล้ว
C00431,ณัฐ,ชาย,25-34,3,B03,อารีย์,2026-05-09,134,084-xxx-5191,False,2026-05-14,True,ซื้อแล้ว
C00432,ศิริ,หญิง,ต่ำกว่า 18,1,B01,สยาม,2025-06-16,461,084-xxx-5671,False,,False,ไม่เคยซื้อ
C00433,ปิยะ,หญิง,25-34,3,B02,สีลม,2025-06-12,465,089-xxx-4784,False,2025-07-16,True,ซื้อแล้ว
C00434,สุดา,ชาย,18-24,2,B02,สีลม,2026-01-20,243,086-xxx-6363,False,2026-01-27,True,ซื้อแล้ว
C00435,ภัทร,หญิง,45-54,5,B05,มหาวิทยาลัย,2025-08-08,408,082-xxx-7622,False,2025-10-07,True,ซื้อแล้ว
C00436,รัตนา,หญิง,18-24,2,B01,สยาม,2025-05-04,504,087-xxx-4523,False,2025-05-05,True,ซื้อแล้ว
C00437,รัตนา,ชาย,ต่ำกว่า 18,1,B03,อารีย์,2026-02-13,219,089-xxx-2820,False,2026-02-21,True,ซื้อแล้ว
C00438,ภูมิ,หญิง,25-34,3,B01,สยาม,2026-06-30,82,084-xxx-6767,False,2026-07-16,True,ซื้อแล้ว
C00439,ธนา,หญิง,35-44,4,B05,มหาวิทยาลัย,2025-08-08,408,088-xxx-6502,False,2025-09-11,True,ซื้อแล้ว
C00440,ธีร,หญิง,55+,6,B01,สยาม,2026-06-25,87,084-xxx-4794,False,,False,ไม่เคยซื้อ
C00441,วีระ,ชาย,25-34,3,B05,มหาวิทยาลัย,2025-12-18,276,082-xxx-4288,False,2025-12-25,True,ซื้อแล้ว
C00442,ศิริ,หญิง,25-34,3,B04,บางนา,2026-07-25,57,082-xxx-3737,False,,False,ไม่เคยซื้อ
C00443,สุดา,ชาย,18-24,2,B05,มหาวิทยาลัย,2025-06-14,463,083-xxx-6886,False,,False,ไม่เคยซื้อ
C00444,ธีร,หญิง,55+,6,B02,สีลม,2026-04-14,159,087-xxx-3681,False,2026-05-24,True,ซื้อแล้ว
C00445,นภัส,หญิง,18-24,2,B02,สีลม,2026-08-18,33,085-xxx-8166,False,,False,ไม่เคยซื้อ
C00446,นภัส,หญิง,ต่ำกว่า 18,1,B05,มหาวิทยาลัย,2025-12-05,289,086-xxx-9729,False,2026-01-20,True,ซื้อแล้ว
C00447,วรรณ,ชาย,ต่ำกว่า 18,1,B02,สีลม,2025-04-18,520,081-xxx-1871,False,2025-04-24,True,ซื้อแล้ว
C00448,ธีร,หญิง,35-44,4,B01,สยาม,2026-01-25,238,083-xxx-1117,False,2026-03-01,True,ซื้อแล้ว
C00449,สมชาย,ชาย,18-24,2,B04,บางนา,2026-03-03,201,085-xxx-8159,False,2026-03-07,True,ซื้อแล้ว
C00450,วรรณ,ชาย,45-54,5,B02,สีลม,2025-07-23,424,081-xxx-8627,False,2025-08-08,True,ซื้อแล้ว
C00451,ศิริ,ไม่ระบุ,35-44,4,B02,สีลม,2026-06-20,92,085-xxx-5735,False,2026-07-09,True,ซื้อแล้ว
C00452,ปวีณ,หญิง,35-44,4,B03,อารีย์,2026-02-04,228,084-xxx-1989,False,2026-03-10,True,ซื้อแล้ว
C00453,อัญชลี,หญิง,18-24,2,B02,สีลม,2026-01-15,248,088-xxx-5889,False,2026-02-11,True,ซื้อแล้ว
C00454,ธนา,ชาย,35-44,4,B04,บางนา,2025-09-26,359,087-xxx-3848,False,2025-11-10,True,ซื้อแล้ว
C00455,สมชาย,หญิง,55+,6,B05,มหาวิทยาลัย,2025-08-25,391,088-xxx-3623,False,,False,ไม่เคยซื้อ
C00456,ทิพย์,หญิง,45-54,5,B05,มหาวิทยาลัย,2026-01-01,262,085-xxx-3062,False,2026-01-17,True,ซื้อแล้ว
C00457,อัญชลี,ชาย,18-24,2,B02,สีลม,2025-04-18,520,087-xxx-1336,False,2025-05-16,True,ซื้อแล้ว
C00458,สมชาย,ชาย,18-24,2,B04,บางนา,2026-06-09,103,089-xxx-2801,False,2026-06-19,True,ซื้อแล้ว
C00459,อัญชลี,หญิง,25-34,3,B02,สีลม,2026-04-18,155,085-xxx-4191,False,2026-04-27,True,ซื้อแล้ว
C00460,นภัส,หญิง,18-24,2,B03,อารีย์,2026-08-26,25,089-xxx-1372,True,2026-09-11,True,ซื้อแล้ว
C00461,ชนา,ชาย,ต่ำกว่า 18,1,B01,สยาม,2025-08-22,394,089-xxx-2675,False,2025-08-26,True,ซื้อแล้ว
C00462,ศิริ,ชาย,18-24,2,B05,มหาวิทยาลัย,2026-05-10,133,082-xxx-2813,False,2026-06-10,True,ซื้อแล้ว
C00463,วรรณ,ชาย,25-34,3,B02,สีลม,2026-04-20,153,089-xxx-2251,False,2026-05-12,True,ซื้อแล้ว
C00464,ธนา,หญิง,35-44,4,B02,สีลม,2026-05-14,129,088-xxx-4527,False,2026-06-18,True,ซื้อแล้ว
C00465,ธนา,หญิง,18-24,2,B05,มหาวิทยาลัย,2025-06-03,474,085-xxx-7521,False,2025-06-23,True,ซื้อแล้ว
C00466,ชนา,หญิง,18-24,2,B03,อารีย์,2026-08-14,37,088-xxx-8686,False,2026-09-06,True,ซื้อแล้ว
C00467,อัญชลี,หญิง,18-24,2,B04,บางนา,2026-05-31,112,088-xxx-5387,False,2026-06-03,True,ซื้อแล้ว
C00468,มานพ,ชาย,35-44,4,B05,มหาวิทยาลัย,2025-10-01,354,081-xxx-7919,False,,False,ไม่เคยซื้อ
C00469,ธีร,หญิง,18-24,2,B01,สยาม,2025-11-14,310,089-xxx-4418,False,2025-11-15,True,ซื้อแล้ว
C00470,ชนา,หญิง,18-24,2,B03,อารีย์,2026-04-19,154,081-xxx-6967,False,2026-04-23,True,ซื้อแล้ว
C00471,กิตติ,หญิง,45-54,5,B05,มหาวิทยาลัย,2025-12-01,293,082-xxx-3245,False,2025-12-08,True,ซื้อแล้ว
C00472,ศิริ,ชาย,35-44,4,B01,สยาม,2026-08-04,47,089-xxx-5400,False,2026-08-04,True,ซื้อแล้ว
C00473,รัตนา,หญิง,18-24,2,B03,อารีย์,2026-05-15,128,087-xxx-6546,False,,False,ไม่เคยซื้อ
C00474,วีระ,ชาย,18-24,2,B01,สยาม,2026-07-01,81,083-xxx-2994,False,2026-08-14,True,ซื้อแล้ว
C00475,พิม,หญิง,55+,6,B03,อารีย์,2026-07-14,68,083-xxx-4563,False,2026-07-17,True,ซื้อแล้ว
C00476,ปวีณ,ชาย,18-24,2,B02,สีลม,2025-10-20,335,082-xxx-3846,False,2025-11-22,True,ซื้อแล้ว
C00477,อัญชลี,ชาย,35-44,4,B01,สยาม,2025-12-13,281,087-xxx-2865,False,2025-12-23,True,ซื้อแล้ว
C00478,ณัฐ,ชาย,25-34,3,B02,สีลม,2026-06-08,104,086-xxx-8843,False,,False,ไม่เคยซื้อ
C00479,รัตนา,หญิง,35-44,4,B03,อารีย์,2026-08-02,49,085-xxx-3660,False,2026-09-05,True,ซื้อแล้ว
C00480,ปิยะ,ชาย,25-34,3,B02,สีลม,2025-09-21,364,083-xxx-1657,False,2025-09-24,True,ซื้อแล้ว
C00481,ชนา,หญิง,25-34,3,B01,สยาม,2026-06-12,100,087-xxx-6806,False,2026-08-19,True,ซื้อแล้ว
C00482,กิตติ,หญิง,18-24,2,B01,สยาม,2025-11-28,296,089-xxx-3019,False,2025-11-28,True,ซื้อแล้ว
C00483,รัตนา,หญิง,35-44,4,B01,สยาม,2025-10-03,352,086-xxx-3204,False,2025-10-20,True,ซื้อแล้ว
C00484,ปิยะ,หญิง,55+,6,B04,บางนา,2026-09-06,14,088-xxx-9013,False,,False,สมาชิกใหม่ ยังไม่ซื้อ
C00485,เกศ,หญิง,25-34,3,B05,มหาวิทยาลัย,2025-05-29,479,082-xxx-5217,False,,False,ไม่เคยซื้อ
C00486,กิตติ,ชาย,25-34,3,B04,บางนา,2026-08-04,47,084-xxx-2111,False,2026-08-06,True,ซื้อแล้ว
C00487,ณัฐ,หญิง,35-44,4,B05,มหาวิทยาลัย,2026-04-14,159,089-xxx-5802,False,2026-06-04,True,ซื้อแล้ว
C00488,สมชาย,หญิง,35-44,4,B01,สยาม,2026-09-09,11,083-xxx-9782,False,,False,สมาชิกใหม่ ยังไม่ซื้อ
C00489,ธนา,ชาย,35-44,4,B04,บางนา,2025-11-25,299,086-xxx-9366,False,2025-11-26,True,ซื้อแล้ว
C00490,รัตนา,หญิง,18-24,2,B05,มหาวิทยาลัย,2026-02-23,209,082-xxx-3710,False,2026-02-24,True,ซื้อแล้ว
C00491,วรรณ,ชาย,45-54,5,B05,มหาวิทยาลัย,2025-04-10,528,082-xxx-6318,False,2025-05-16,True,ซื้อแล้ว
C00492,มานพ,หญิง,45-54,5,B01,สยาม,2025-07-15,432,088-xxx-4340,False,2026-08-30,True,ซื้อแล้ว
C00493,ณัฐ,ชาย,35-44,4,B01,สยาม,2025-09-05,380,081-xxx-8296,False,2025-11-08,True,ซื้อแล้ว
C00494,วรรณ,ชาย,ต่ำกว่า 18,1,B02,สีลม,2025-11-08,316,083-xxx-7109,False,2025-11-13,True,ซื้อแล้ว
C00495,สมชาย,ชาย,25-34,3,B01,สยาม,2026-08-12,39,081-xxx-3446,False,2026-08-26,True,ซื้อแล้ว
C00496,ปิยะ,ชาย,25-34,3,B05,มหาวิทยาลัย,2026-07-01,81,084-xxx-2732,False,,False,ไม่เคยซื้อ
C00497,ศิริ,ชาย,45-54,5,B01,สยาม,2026-05-07,136,089-xxx-9732,False,,False,ไม่เคยซื้อ
C00498,เกศ,หญิง,25-34,3,B03,อารีย์,2026-01-12,251,086-xxx-4388,False,2026-03-03,True,ซื้อแล้ว
C00499,นภัส,หญิง,25-34,3,B05,มหาวิทยาลัย,2026-07-12,70,085-xxx-6791,False,2026-09-09,True,ซื้อแล้ว
C00500,ทิพย์,หญิง,25-34,3,B05,มหาวิทยาลัย,2025-06-30,447,087-xxx-9172,False,2025-07-15,True,ซื้อแล้ว
C00501,สุดา,ชาย,18-24,2,B03,อารีย์,2025-12-24,270,088-xxx-3737,False,2026-01-14,True,ซื้อแล้ว
C00502,วรรณ,หญิง,55+,6,B02,สีลม,2026-03-29,175,083-xxx-6782,False,2026-04-02,True,ซื้อแล้ว
C00503,อัญชลี,ชาย,35-44,4,B03,อารีย์,2025-11-15,309,083-xxx-4392,False,2025-11-19,True,ซื้อแล้ว
C00504,ชนา,หญิง,35-44,4,B01,สยาม,2025-08-10,406,088-xxx-7000,False,2025-08-20,True,ซื้อแล้ว
C00505,กิตติ,หญิง,25-34,3,B01,สยาม,2026-04-21,152,085-xxx-4896,False,2026-06-14,True,ซื้อแล้ว
C00506,อรุณ,หญิง,18-24,2,B04,บางนา,2025-04-15,523,082-xxx-4032,False,2025-05-20,True,ซื้อแล้ว
C00507,สุดา,หญิง,35-44,4,B01,สยาม,2026-07-28,54,081-xxx-9347,False,,False,ไม่เคยซื้อ
C00508,สุดา,หญิง,18-24,2,B01,สยาม,2025-05-31,477,089-xxx-5264,False,2025-07-23,True,ซื้อแล้ว
C00509,จิรา,หญิง,18-24,2,B05,มหาวิทยาลัย,2025-06-02,475,083-xxx-7329,False,2025-06-08,True,ซื้อแล้ว
C00510,รัตนา,ชาย,25-34,3,B01,สยาม,2026-08-27,24,087-xxx-4099,False,,False,สมาชิกใหม่ ยังไม่ซื้อ
C00511,จิรา,หญิง,25-34,3,B04,บางนา,2025-07-28,419,088-xxx-4301,False,2025-08-27,True,ซื้อแล้ว
C00512,อัญชลี,หญิง,25-34,3,B01,สยาม,2025-10-14,341,082-xxx-9667,False,2025-11-12,True,ซื้อแล้ว
C00513,มานพ,ไม่ระบุ,45-54,5,B03,อารีย์,2026-05-30,113,085-xxx-7377,False,2026-08-30,True,ซื้อแล้ว
C00514,สมชาย,หญิง,25-34,3,B01,สยาม,2025-09-24,361,088-xxx-7817,False,2025-09-28,True,ซื้อแล้ว
C00515,วีระ,หญิง,35-44,4,B03,อารีย์,2026-02-19,213,083-xxx-6648,False,2026-03-15,True,ซื้อแล้ว
C00516,ภูมิ,ไม่ระบุ,25-34,3,B03,อารีย์,2026-05-08,135,089-xxx-7748,False,2026-05-21,True,ซื้อแล้ว
C00517,อรุณ,หญิง,35-44,4,B05,มหาวิทยาลัย,2026-04-04,169,088-xxx-6655,False,2026-04-06,True,ซื้อแล้ว
C00518,ปวีณ,ชาย,25-34,3,B01,สยาม,2026-02-22,210,082-xxx-8104,False,,False,ไม่เคยซื้อ
C00519,รัตนา,หญิง,25-34,3,B04,บางนา,2026-01-15,248,088-xxx-5701,False,2026-04-15,True,ซื้อแล้ว
C00520,ธีร,หญิง,25-34,3,B04,บางนา,2026-09-13,7,088-xxx-7575,False,,False,สมาชิกใหม่ ยังไม่ซื้อ
C00521,ศิริ,ชาย,25-34,3,B04,บางนา,2025-12-01,293,087-xxx-5977,False,2025-12-11,True,ซื้อแล้ว
C00522,มานพ,ชาย,25-34,3,B05,มหาวิทยาลัย,2025-09-17,368,087-xxx-7582,False,2025-11-17,True,ซื้อแล้ว
C00523,ธนา,ชาย,35-44,4,B04,บางนา,2026-07-24,58,084-xxx-6046,False,2026-07-29,True,ซื้อแล้ว
C00524,สุดา,ชาย,18-24,2,B03,อารีย์,2026-05-11,132,085-xxx-3564,False,2026-05-27,True,ซื้อแล้ว
C00525,ปิยะ,หญิง,25-34,3,B01,สยาม,2025-04-09,529,086-xxx-9142,False,2025-04-11,True,ซื้อแล้ว
C00526,ทิพย์,ชาย,35-44,4,B03,อารีย์,2026-02-05,227,083-xxx-2183,False,2026-02-17,True,ซื้อแล้ว
C00527,ธีร,ชาย,25-34,3,B05,มหาวิทยาลัย,2025-07-30,417,082-xxx-6292,False,2025-09-02,True,ซื้อแล้ว
C00528,ณัฐ,ไม่ระบุ,25-34,3,B05,มหาวิทยาลัย,2026-09-09,11,083-xxx-4068,False,,False,สมาชิกใหม่ ยังไม่ซื้อ
C00529,รัตนา,หญิง,55+,6,B02,สีลม,2025-11-25,299,089-xxx-3223,False,2025-12-15,True,ซื้อแล้ว
C00530,ปวีณ,ชาย,25-34,3,B04,บางนา,2026-01-22,241,087-xxx-9352,False,2026-02-15,True,ซื้อแล้ว
C00531,พิม,ชาย,45-54,5,B05,มหาวิทยาลัย,2026-08-01,50,088-xxx-9344,False,,False,ไม่เคยซื้อ
C00532,ภูมิ,ชาย,ต่ำกว่า 18,1,B05,มหาวิทยาลัย,2025-09-05,380,083-xxx-9904,False,2025-12-24,True,ซื้อแล้ว
C00533,สุดา,หญิง,35-44,4,B01,สยาม,2025-05-16,492,089-xxx-5726,False,2025-05-22,True,ซื้อแล้ว
C00534,อัญชลี,ไม่ระบุ,35-44,4,B01,สยาม,2026-09-10,10,088-xxx-6345,False,,False,สมาชิกใหม่ ยังไม่ซื้อ
C00535,เกศ,ชาย,25-34,3,B04,บางนา,2026-03-26,178,081-xxx-4530,False,,False,ไม่เคยซื้อ
C00536,ชนา,หญิง,18-24,2,B05,มหาวิทยาลัย,2026-04-04,169,083-xxx-5280,False,2026-04-15,True,ซื้อแล้ว
C00537,ศิริ,หญิง,18-24,2,B01,สยาม,2026-09-07,13,086-xxx-4706,False,,False,สมาชิกใหม่ ยังไม่ซื้อ
C00538,ทิพย์,หญิง,25-34,3,B03,อารีย์,2026-05-23,120,082-xxx-6699,False,2026-07-03,True,ซื้อแล้ว
C00539,เกศ,ชาย,ต่ำกว่า 18,1,B05,มหาวิทยาลัย,2025-04-01,537,083-xxx-5549,True,2025-04-07,True,ซื้อแล้ว
C00540,กมล,ชาย,25-34,3,B03,อารีย์,2026-04-26,147,082-xxx-2148,False,,False,ไม่เคยซื้อ
C00541,ธนา,ชาย,25-34,3,B01,สยาม,2025-05-29,479,081-xxx-2484,False,2025-06-08,True,ซื้อแล้ว
C00542,อัญชลี,ชาย,55+,6,B02,สีลม,2026-06-13,99,088-xxx-1649,True,2026-07-07,True,ซื้อแล้ว
C00543,อรุณ,ชาย,55+,6,B01,สยาม,2026-08-26,25,089-xxx-5516,False,2026-09-02,True,ซื้อแล้ว
C00544,ทิพย์,หญิง,25-34,3,B05,มหาวิทยาลัย,2026-08-21,30,082-xxx-3106,False,2026-09-01,True,ซื้อแล้ว
C00545,วีระ,ชาย,45-54,5,B02,สีลม,2026-08-08,43,086-xxx-5363,False,,False,ไม่เคยซื้อ
C00546,ภูมิ,หญิง,25-34,3,B04,บางนา,2026-03-08,196,089-xxx-3795,False,2026-04-19,True,ซื้อแล้ว
C00547,วีระ,หญิง,25-34,3,B01,สยาม,2026-03-15,189,089-xxx-8178,False,2026-05-10,True,ซื้อแล้ว
C00548,ณัฐ,หญิง,25-34,3,B04,บางนา,2026-09-11,9,085-xxx-8709,False,,False,สมาชิกใหม่ ยังไม่ซื้อ
C00549,นภัส,หญิง,35-44,4,B02,สีลม,2026-03-22,182,089-xxx-1506,False,2026-04-07,True,ซื้อแล้ว
C00550,นภัส,ชาย,18-24,2,B04,บางนา,2026-08-24,27,089-xxx-8990,False,2026-09-08,True,ซื้อแล้ว
C00551,อัญชลี,ชาย,18-24,2,B02,สีลม,2026-04-12,161,086-xxx-4040,False,2026-05-06,True,ซื้อแล้ว
C00552,ปิยะ,หญิง,35-44,4,B05,มหาวิทยาลัย,2025-06-29,448,088-xxx-5367,False,2025-07-22,True,ซื้อแล้ว
C00553,รัตนา,หญิง,35-44,4,B04,บางนา,2026-05-01,142,088-xxx-1968,False,2026-05-02,True,ซื้อแล้ว
C00554,สมชาย,ชาย,18-24,2,B01,สยาม,2026-05-12,131,089-xxx-1499,False,,False,ไม่เคยซื้อ
C00555,ปวีณ,ชาย,55+,6,B04,บางนา,2026-06-11,101,086-xxx-8450,False,2026-06-22,True,ซื้อแล้ว
C00556,ปิยะ,ชาย,35-44,4,B02,สีลม,2026-07-26,56,085-xxx-4564,False,,False,ไม่เคยซื้อ
C00557,กมล,ชาย,18-24,2,B01,สยาม,2026-08-25,26,085-xxx-2401,False,,False,สมาชิกใหม่ ยังไม่ซื้อ
C00558,พิม,หญิง,35-44,4,B03,อารีย์,2025-12-07,287,083-xxx-8056,False,2026-01-17,True,ซื้อแล้ว
C00559,ศิริ,หญิง,18-24,2,B02,สีลม,2026-01-19,244,087-xxx-6285,False,2026-02-05,True,ซื้อแล้ว
C00560,เกศ,หญิง,35-44,4,B02,สีลม,2025-07-12,435,082-xxx-7957,False,2025-07-14,True,ซื้อแล้ว
C00561,นภัส,ชาย,18-24,2,B01,สยาม,2025-12-05,289,085-xxx-5290,False,2025-12-10,True,ซื้อแล้ว
C00562,กิตติ,หญิง,18-24,2,B05,มหาวิทยาลัย,2025-06-30,447,085-xxx-4606,False,2025-07-24,True,ซื้อแล้ว
C00563,อัญชลี,หญิง,25-34,3,B01,สยาม,2025-08-06,410,081-xxx-8122,False,2025-09-15,True,ซื้อแล้ว
C00564,ชนา,ชาย,25-34,3,B01,สยาม,2026-01-08,255,082-xxx-6026,False,2026-01-14,True,ซื้อแล้ว
C00565,ภูมิ,หญิง,25-34,3,B03,อารีย์,2026-07-24,58,083-xxx-6183,False,2026-07-30,True,ซื้อแล้ว
C00566,ณัฐ,หญิง,25-34,3,B01,สยาม,2025-05-14,494,088-xxx-3694,False,2025-05-14,True,ซื้อแล้ว
C00567,เกศ,ไม่ระบุ,35-44,4,B04,บางนา,2026-06-08,104,081-xxx-5459,False,2026-06-28,True,ซื้อแล้ว
C00568,วีระ,ชาย,25-34,3,B02,สีลม,2025-07-08,439,086-xxx-4653,False,2025-07-09,True,ซื้อแล้ว
C00569,สมชาย,ชาย,25-34,3,B02,สีลม,2025-04-12,526,084-xxx-4298,False,2025-04-21,True,ซื้อแล้ว
C00570,อรุณ,ชาย,35-44,4,B01,สยาม,2025-08-19,397,084-xxx-9686,False,2025-09-12,True,ซื้อแล้ว
C00571,ปวีณ,ชาย,35-44,4,B05,มหาวิทยาลัย,2025-08-09,407,085-xxx-7634,False,2025-08-19,True,ซื้อแล้ว
C00572,ภูมิ,ชาย,55+,6,B05,มหาวิทยาลัย,2026-05-04,139,088-xxx-3772,False,,False,ไม่เคยซื้อ
C00573,ภูมิ,ชาย,18-24,2,B01,สยาม,2026-08-14,37,085-xxx-9243,False,,False,ไม่เคยซื้อ
C00574,อัญชลี,ชาย,55+,6,B05,มหาวิทยาลัย,2025-07-23,424,082-xxx-8051,False,2025-07-29,True,ซื้อแล้ว
C00575,ภูมิ,หญิง,18-24,2,B05,มหาวิทยาลัย,2026-06-16,96,084-xxx-1684,False,2026-08-10,True,ซื้อแล้ว
C00576,สุดา,หญิง,18-24,2,B01,สยาม,2026-08-06,45,088-xxx-9640,False,,False,ไม่เคยซื้อ
C00577,ศิริ,หญิง,35-44,4,B05,มหาวิทยาลัย,2026-04-17,156,086-xxx-7625,False,2026-04-24,True,ซื้อแล้ว
C00578,นภัส,หญิง,18-24,2,B04,บางนา,2025-05-27,481,083-xxx-8844,True,2025-07-09,True,ซื้อแล้ว
C00579,อรุณ,หญิง,35-44,4,B02,สีลม,2026-06-13,99,082-xxx-9979,False,2026-09-07,True,ซื้อแล้ว
C00580,เกศ,ชาย,25-34,3,B02,สีลม,2026-03-05,199,084-xxx-5105,False,2026-04-07,True,ซื้อแล้ว
C00581,รัตนา,ชาย,55+,6,B04,บางนา,2025-07-01,446,083-xxx-8493,False,2025-07-03,True,ซื้อแล้ว
C00582,ธนา,หญิง,35-44,4,B01,สยาม,2025-12-14,280,084-xxx-4364,False,2025-12-14,True,ซื้อแล้ว
C00583,ภัทร,หญิง,25-34,3,B02,สีลม,2025-08-27,389,084-xxx-6591,False,2025-09-28,True,ซื้อแล้ว
C00584,รัตนา,ชาย,35-44,4,B03,อารีย์,2025-12-17,277,082-xxx-9998,False,2025-12-26,True,ซื้อแล้ว
C00585,มานพ,หญิง,18-24,2,B01,สยาม,2026-09-11,9,086-xxx-9431,False,,False,สมาชิกใหม่ ยังไม่ซื้อ
C00586,ธีร,ชาย,25-34,3,B05,มหาวิทยาลัย,2025-09-24,361,088-xxx-4308,False,2026-06-04,True,ซื้อแล้ว
C00587,สุดา,หญิง,35-44,4,B01,สยาม,2025-10-01,354,086-xxx-3788,False,2025-10-17,True,ซื้อแล้ว
C00588,อัญชลี,ชาย,25-34,3,B01,สยาม,2026-04-06,167,083-xxx-9099,False,2026-04-12,True,ซื้อแล้ว
C00589,ปวีณ,หญิง,25-34,3,B05,มหาวิทยาลัย,2025-07-23,424,088-xxx-9195,False,2025-08-09,True,ซื้อแล้ว
C00590,เกศ,หญิง,18-24,2,B01,สยาม,2026-02-01,231,089-xxx-3588,False,2026-02-21,True,ซื้อแล้ว
C00591,ปิยะ,หญิง,25-34,3,B05,มหาวิทยาลัย,2025-04-12,526,089-xxx-1959,False,2025-04-17,True,ซื้อแล้ว
C00592,ธนา,ชาย,35-44,4,B03,อารีย์,2026-01-22,241,088-xxx-3249,False,2026-02-04,True,ซื้อแล้ว
C00593,ปวีณ,ไม่ระบุ,35-44,4,B03,อารีย์,2026-06-16,96,081-xxx-5105,False,,False,ไม่เคยซื้อ
C00594,กิตติ,หญิง,18-24,2,B03,อารีย์,2026-04-07,166,081-xxx-1712,False,2026-04-09,True,ซื้อแล้ว
C00595,อัญชลี,หญิง,25-34,3,B05,มหาวิทยาลัย,2025-04-07,531,089-xxx-8040,False,,False,ไม่เคยซื้อ
C00596,ศิริ,หญิง,25-34,3,B05,มหาวิทยาลัย,2025-06-15,462,089-xxx-7786,False,2025-06-17,True,ซื้อแล้ว
C00597,ปวีณ,ชาย,25-34,3,B03,อารีย์,2026-04-29,144,082-xxx-4643,False,2026-05-13,True,ซื้อแล้ว
C00598,ธนา,หญิง,55+,6,B05,มหาวิทยาลัย,2025-06-22,455,089-xxx-5729,False,2025-07-12,True,ซื้อแล้ว
C00599,กมล,ชาย,35-44,4,B05,มหาวิทยาลัย,2025-12-16,278,084-xxx-6893,False,,False,ไม่เคยซื้อ
C00600,ปิยะ,หญิง,18-24,2,B05,มหาวิทยาลัย,2025-09-15,370,087-xxx-1266,False,2025-11-19,True,ซื้อแล้ว
C00601,สมชาย,หญิง,35-44,4,B03,อารีย์,2026-08-24,27,086-xxx-3488,False,2026-08-28,True,ซื้อแล้ว
C00602,ทิพย์,ชาย,18-24,2,B01,สยาม,2025-08-15,401,087-xxx-5021,False,2025-09-04,True,ซื้อแล้ว
C00603,รัตนา,หญิง,25-34,3,B01,สยาม,2025-05-11,497,082-xxx-1164,False,2025-05-25,True,ซื้อแล้ว
C00604,ธนา,หญิง,25-34,3,B02,สีลม,2025-09-28,357,082-xxx-1687,True,2025-10-12,True,ซื้อแล้ว
C00605,สุดา,ชาย,25-34,3,B01,สยาม,2026-04-24,149,085-xxx-9347,False,2026-06-01,True,ซื้อแล้ว
C00606,พิม,หญิง,25-34,3,B03,อารีย์,2026-06-27,85,083-xxx-9895,False,,False,ไม่เคยซื้อ
C00607,สุดา,ชาย,25-34,3,B01,สยาม,2025-06-24,453,086-xxx-7140,False,2025-06-29,True,ซื้อแล้ว
C00608,ภูมิ,หญิง,18-24,2,B02,สีลม,2025-04-11,527,083-xxx-7987,False,2025-05-15,True,ซื้อแล้ว
C00609,อรุณ,ชาย,18-24,2,B01,สยาม,2026-07-10,72,086-xxx-2954,False,2026-09-13,True,ซื้อแล้ว
C00610,อัญชลี,ชาย,25-34,3,B02,สีลม,2026-03-12,192,089-xxx-8142,False,2026-04-11,True,ซื้อแล้ว
C00611,ศิริ,ชาย,25-34,3,B02,สีลม,2025-12-02,292,088-xxx-1843,False,2025-12-16,True,ซื้อแล้ว
C00612,ภัทร,หญิง,45-54,5,B03,อารีย์,2025-12-04,290,082-xxx-6279,False,2025-12-23,True,ซื้อแล้ว
C00613,ภัทร,ชาย,ต่ำกว่า 18,1,B01,สยาม,2025-05-14,494,088-xxx-4127,False,2025-05-14,True,ซื้อแล้ว
C00614,วรรณ,ชาย,45-54,5,B05,มหาวิทยาลัย,2026-09-08,12,086-xxx-9110,False,,False,สมาชิกใหม่ ยังไม่ซื้อ
C00615,ศิริ,ชาย,18-24,2,B02,สีลม,2025-10-21,334,081-xxx-8619,True,2025-11-13,True,ซื้อแล้ว
C00616,กมล,ชาย,35-44,4,B01,สยาม,2025-05-22,486,083-xxx-5383,False,2025-06-03,True,ซื้อแล้ว
C00617,กิตติ,หญิง,25-34,3,B02,สีลม,2025-07-30,417,085-xxx-5075,False,,False,ไม่เคยซื้อ
C00618,มานพ,ชาย,55+,6,B01,สยาม,2026-02-04,228,086-xxx-6223,False,,False,ไม่เคยซื้อ
C00619,กมล,หญิง,18-24,2,B03,อารีย์,2026-08-26,25,089-xxx-6564,False,,False,สมาชิกใหม่ ยังไม่ซื้อ
C00620,เกศ,หญิง,18-24,2,B01,สยาม,2026-05-10,133,083-xxx-2638,False,,False,ไม่เคยซื้อ
C00621,พิม,ชาย,25-34,3,B05,มหาวิทยาลัย,2026-05-09,134,083-xxx-2006,False,,False,ไม่เคยซื้อ
C00622,นภัส,ชาย,35-44,4,B01,สยาม,2025-05-07,501,089-xxx-6631,False,2025-05-23,True,ซื้อแล้ว
C00623,ชนา,ชาย,35-44,4,B03,อารีย์,2025-11-08,316,088-xxx-3800,False,2025-12-06,True,ซื้อแล้ว
C00624,ภัทร,หญิง,45-54,5,B02,สีลม,2025-09-25,360,088-xxx-6445,False,2025-10-09,True,ซื้อแล้ว
C00625,ภูมิ,ชาย,35-44,4,B02,สีลม,2025-12-02,292,087-xxx-5843,False,2026-05-13,True,ซื้อแล้ว
C00626,รัตนา,ชาย,55+,6,B05,มหาวิทยาลัย,2026-01-15,248,088-xxx-2586,False,2026-02-02,True,ซื้อแล้ว
C00627,กมล,หญิง,ต่ำกว่า 18,1,B01,สยาม,2026-05-10,133,085-xxx-5234,False,2026-05-10,True,ซื้อแล้ว
C00628,สุดา,ชาย,25-34,3,B05,มหาวิทยาลัย,2026-06-19,93,081-xxx-8836,False,2026-07-08,True,ซื้อแล้ว
C00629,มานพ,ไม่ระบุ,18-24,2,B02,สีลม,2025-05-16,492,089-xxx-1440,False,2025-06-19,True,ซื้อแล้ว
C00630,มานพ,หญิง,35-44,4,B04,บางนา,2025-11-17,307,085-xxx-7974,False,2025-12-14,True,ซื้อแล้ว
C00631,กมล,หญิง,25-34,3,B01,สยาม,2026-08-13,38,082-xxx-3651,False,,False,ไม่เคยซื้อ
C00632,อัญชลี,ชาย,25-34,3,B04,บางนา,2025-08-05,411,082-xxx-7987,False,2025-08-09,True,ซื้อแล้ว
C00633,ปิยะ,ชาย,18-24,2,B04,บางนา,2026-02-12,220,086-xxx-4447,False,2026-03-11,True,ซื้อแล้ว
C00634,วรรณ,ชาย,45-54,5,B02,สีลม,2026-04-13,160,089-xxx-6088,False,2026-05-19,True,ซื้อแล้ว
C00635,สุดา,ไม่ระบุ,25-34,3,B05,มหาวิทยาลัย,2026-09-13,7,083-xxx-3606,False,,False,สมาชิกใหม่ ยังไม่ซื้อ
C00636,สมชาย,ชาย,ต่ำกว่า 18,1,B04,บางนา,2025-04-16,522,083-xxx-9085,False,2025-05-04,True,ซื้อแล้ว
C00637,จิรา,ชาย,18-24,2,B05,มหาวิทยาลัย,2025-12-15,279,086-xxx-1988,False,2026-01-04,True,ซื้อแล้ว
C00638,วีระ,ชาย,25-34,3,B01,สยาม,2026-04-18,155,081-xxx-5078,False,2026-05-01,True,ซื้อแล้ว
C00639,สุดา,หญิง,25-34,3,B04,บางนา,2025-11-28,296,086-xxx-5852,False,2026-01-02,True,ซื้อแล้ว
C00640,พิม,หญิง,35-44,4,B03,อารีย์,2025-12-20,274,081-xxx-3544,False,2025-12-20,True,ซื้อแล้ว
C00641,พิม,ชาย,18-24,2,B02,สีลม,2026-08-08,43,088-xxx-4523,False,,False,ไม่เคยซื้อ
C00642,พิม,หญิง,18-24,2,B01,สยาม,2025-12-12,282,087-xxx-9563,False,2026-01-17,True,ซื้อแล้ว
C00643,มานพ,หญิง,25-34,3,B01,สยาม,2025-11-15,309,087-xxx-5616,False,2026-01-21,True,ซื้อแล้ว
C00644,ภูมิ,หญิง,18-24,2,B05,มหาวิทยาลัย,2025-10-21,334,089-xxx-8341,False,2025-10-28,True,ซื้อแล้ว
C00645,ชนา,หญิง,35-44,4,B01,สยาม,2025-11-05,319,082-xxx-9100,False,2025-12-28,True,ซื้อแล้ว
C00646,สมชาย,ชาย,45-54,5,B01,สยาม,2025-09-21,364,089-xxx-5388,False,2025-09-23,True,ซื้อแล้ว
C00647,วรรณ,ชาย,25-34,3,B01,สยาม,2025-09-23,362,081-xxx-8345,False,2025-10-05,True,ซื้อแล้ว
C00648,ปวีณ,หญิง,18-24,2,B02,สีลม,2026-02-01,231,083-xxx-1412,False,2026-02-02,True,ซื้อแล้ว
C00649,กิตติ,ชาย,45-54,5,B01,สยาม,2025-05-19,489,081-xxx-9550,False,2025-06-03,True,ซื้อแล้ว
C00650,ธีร,หญิง,55+,6,B01,สยาม,2025-12-09,285,082-xxx-5002,False,2026-01-11,True,ซื้อแล้ว
C00651,ปิยะ,ชาย,25-34,3,B01,สยาม,2026-03-12,192,089-xxx-2928,False,2026-08-23,True,ซื้อแล้ว
C00652,อัญชลี,ชาย,35-44,4,B03,อารีย์,2026-08-01,50,086-xxx-1877,False,2026-08-11,True,ซื้อแล้ว
C00653,กิตติ,หญิง,18-24,2,B05,มหาวิทยาลัย,2026-08-10,41,089-xxx-4416,False,2026-08-11,True,ซื้อแล้ว
C00654,กิตติ,หญิง,35-44,4,B05,มหาวิทยาลัย,2026-03-24,180,087-xxx-5783,False,,False,ไม่เคยซื้อ
C00655,เกศ,ชาย,18-24,2,B01,สยาม,2026-03-06,198,089-xxx-8562,False,2026-03-09,True,ซื้อแล้ว
C00656,สมชาย,หญิง,35-44,4,B03,อารีย์,2026-03-20,184,087-xxx-6778,True,2026-03-20,True,ซื้อแล้ว
C00657,มานพ,ชาย,18-24,2,B04,บางนา,2025-04-21,517,085-xxx-3479,False,2025-06-06,True,ซื้อแล้ว
C00658,นภัส,ชาย,25-34,3,B01,สยาม,2025-05-06,502,085-xxx-9699,False,2025-05-13,True,ซื้อแล้ว
C00659,กิตติ,ชาย,25-34,3,B05,มหาวิทยาลัย,2025-10-30,325,087-xxx-5199,False,2025-11-03,True,ซื้อแล้ว
C00660,ปวีณ,ชาย,45-54,5,B05,มหาวิทยาลัย,2025-04-13,525,085-xxx-8453,False,2025-04-21,True,ซื้อแล้ว
C00661,อรุณ,หญิง,25-34,3,B02,สีลม,2026-02-28,204,089-xxx-8849,False,2026-03-26,True,ซื้อแล้ว
C00662,จิรา,ชาย,25-34,3,B05,มหาวิทยาลัย,2025-05-26,482,086-xxx-1068,False,2025-07-01,True,ซื้อแล้ว
C00663,วรรณ,หญิง,18-24,2,B03,อารีย์,2026-07-25,57,086-xxx-2599,False,,False,ไม่เคยซื้อ
C00664,ทิพย์,หญิง,25-34,3,B02,สีลม,2026-06-23,89,089-xxx-6114,False,2026-07-16,True,ซื้อแล้ว
C00665,สุดา,ไม่ระบุ,25-34,3,B01,สยาม,2025-07-05,442,081-xxx-4719,False,2025-07-12,True,ซื้อแล้ว
C00666,สุดา,หญิง,25-34,3,B04,บางนา,2025-08-22,394,089-xxx-1638,False,2025-09-01,True,ซื้อแล้ว
C00667,ธีร,หญิง,25-34,3,B02,สีลม,2026-01-29,234,082-xxx-4177,False,2026-07-20,True,ซื้อแล้ว
C00668,วีระ,ชาย,55+,6,B02,สีลม,2026-01-14,249,085-xxx-4571,False,,False,ไม่เคยซื้อ
C00669,นภัส,ชาย,18-24,2,B04,บางนา,2026-03-22,182,083-xxx-7778,False,2026-04-22,True,ซื้อแล้ว
C00670,อรุณ,หญิง,25-34,3,B04,บางนา,2025-12-30,264,084-xxx-1578,False,2026-03-14,True,ซื้อแล้ว
C00671,ศิริ,ไม่ระบุ,ต่ำกว่า 18,1,B05,มหาวิทยาลัย,2025-12-12,282,084-xxx-8603,False,2026-02-19,True,ซื้อแล้ว
C00672,จิรา,ชาย,18-24,2,B02,สีลม,2025-10-20,335,082-xxx-9698,False,2025-10-30,True,ซื้อแล้ว
C00673,เกศ,ชาย,18-24,2,B02,สีลม,2025-08-01,415,089-xxx-7917,False,,False,ไม่เคยซื้อ
C00674,วีระ,ชาย,55+,6,B01,สยาม,2026-01-23,240,081-xxx-2349,False,2026-02-13,True,ซื้อแล้ว
C00675,สมชาย,หญิง,45-54,5,B05,มหาวิทยาลัย,2026-04-05,168,081-xxx-8459,False,,False,ไม่เคยซื้อ
C00676,เกศ,หญิง,ต่ำกว่า 18,1,B04,บางนา,2026-06-13,99,081-xxx-9504,False,2026-06-16,True,ซื้อแล้ว
C00677,ศิริ,หญิง,35-44,4,B01,สยาม,2025-12-31,263,082-xxx-1137,False,2026-01-15,True,ซื้อแล้ว
C00678,ธีร,หญิง,18-24,2,B01,สยาม,2026-02-27,205,083-xxx-3403,False,2026-03-06,True,ซื้อแล้ว
C00679,ชนา,หญิง,25-34,3,B02,สีลม,2026-06-18,94,086-xxx-1658,False,2026-09-01,True,ซื้อแล้ว
C00680,กิตติ,หญิง,25-34,3,B01,สยาม,2026-03-21,183,086-xxx-8667,False,2026-06-22,True,ซื้อแล้ว
C00681,กมล,หญิง,35-44,4,B02,สีลม,2026-01-20,243,089-xxx-9137,False,,False,ไม่เคยซื้อ
C00682,กิตติ,หญิง,25-34,3,B03,อารีย์,2026-08-30,21,088-xxx-4723,False,2026-08-30,True,ซื้อแล้ว
C00683,ชนา,ชาย,35-44,4,B02,สีลม,2025-11-23,301,088-xxx-2053,False,,False,ไม่เคยซื้อ
C00684,จิรา,ชาย,35-44,4,B02,สีลม,2026-02-08,224,088-xxx-9153,False,2026-02-20,True,ซื้อแล้ว
C00685,ชนา,หญิง,45-54,5,B03,อารีย์,2026-02-13,219,084-xxx-9947,False,2026-02-27,True,ซื้อแล้ว
C00686,ศิริ,ชาย,35-44,4,B04,บางนา,2025-09-10,375,084-xxx-8555,False,2025-09-11,True,ซื้อแล้ว
C00687,อัญชลี,ชาย,35-44,4,B04,บางนา,2026-05-29,114,085-xxx-6248,False,2026-07-11,True,ซื้อแล้ว
C00688,รัตนา,หญิง,25-34,3,B04,บางนา,2025-04-07,531,089-xxx-9191,False,2025-05-01,True,ซื้อแล้ว
C00689,ชนา,ชาย,25-34,3,B05,มหาวิทยาลัย,2025-11-02,322,086-xxx-9155,False,2025-11-21,True,ซื้อแล้ว
C00690,วรรณ,ชาย,18-24,2,B04,บางนา,2025-08-23,393,089-xxx-7673,False,2025-09-23,True,ซื้อแล้ว
C00691,กิตติ,หญิง,35-44,4,B02,สีลม,2026-04-30,143,086-xxx-7751,False,2026-05-05,True,ซื้อแล้ว
C00692,ศิริ,ชาย,18-24,2,B05,มหาวิทยาลัย,2026-01-22,241,086-xxx-1004,False,,False,ไม่เคยซื้อ
C00693,อัญชลี,ชาย,18-24,2,B04,บางนา,2026-08-13,38,087-xxx-8801,False,,False,ไม่เคยซื้อ
C00694,กมล,หญิง,25-34,3,B04,บางนา,2026-07-14,68,081-xxx-1657,False,2026-08-19,True,ซื้อแล้ว
C00695,ชนา,ชาย,25-34,3,B05,มหาวิทยาลัย,2025-07-19,428,083-xxx-6284,False,2025-07-23,True,ซื้อแล้ว
C00696,ภูมิ,ชาย,55+,6,B05,มหาวิทยาลัย,2025-05-17,491,089-xxx-1657,False,2025-05-17,True,ซื้อแล้ว
C00697,วีระ,ชาย,35-44,4,B02,สีลม,2025-11-22,302,083-xxx-7511,False,2025-12-09,True,ซื้อแล้ว
C00698,จิรา,หญิง,25-34,3,B01,สยาม,2025-06-19,458,085-xxx-3460,False,2025-07-18,True,ซื้อแล้ว
C00699,รัตนา,ชาย,55+,6,B04,บางนา,2026-05-20,123,084-xxx-6724,False,2026-06-06,True,ซื้อแล้ว
C00700,นภัส,ชาย,55+,6,B05,มหาวิทยาลัย,2025-10-30,325,087-xxx-4651,False,2026-01-02,True,ซื้อแล้ว
C00701,นภัส,หญิง,25-34,3,B01,สยาม,2025-04-01,537,087-xxx-6012,False,2025-04-01,True,ซื้อแล้ว
C00702,ธนา,หญิง,18-24,2,B02,สีลม,2025-09-09,376,083-xxx-5440,False,2025-11-26,True,ซื้อแล้ว
C00703,อัญชลี,ชาย,25-34,3,B01,สยาม,2025-11-13,311,086-xxx-7415,False,2025-12-05,True,ซื้อแล้ว
C00704,ทิพย์,หญิง,45-54,5,B03,อารีย์,2026-02-21,211,081-xxx-7161,False,2026-02-22,True,ซื้อแล้ว
C00705,กิตติ,หญิง,35-44,4,B05,มหาวิทยาลัย,2026-09-09,11,084-xxx-9415,False,,False,สมาชิกใหม่ ยังไม่ซื้อ
C00706,สมชาย,หญิง,18-24,2,B01,สยาม,2025-11-19,305,082-xxx-7898,False,2026-07-29,True,ซื้อแล้ว
C00707,ธีร,หญิง,25-34,3,B05,มหาวิทยาลัย,2025-09-11,374,089-xxx-4137,False,2025-10-07,True,ซื้อแล้ว
C00708,กิตติ,ชาย,35-44,4,B04,บางนา,2026-03-24,180,086-xxx-1999,False,2026-05-17,True,ซื้อแล้ว
C00709,กมล,หญิง,25-34,3,B02,สีลม,2025-12-16,278,087-xxx-8168,False,2025-12-17,True,ซื้อแล้ว
C00710,สมชาย,หญิง,25-34,3,B05,มหาวิทยาลัย,2025-07-18,429,089-xxx-5268,False,2025-07-20,True,ซื้อแล้ว
C00711,มานพ,หญิง,55+,6,B05,มหาวิทยาลัย,2025-07-27,420,087-xxx-7867,False,2025-08-04,True,ซื้อแล้ว
C00712,สมชาย,ไม่ระบุ,18-24,2,B05,มหาวิทยาลัย,2026-04-27,146,087-xxx-2866,False,,False,ไม่เคยซื้อ
C00713,รัตนา,หญิง,35-44,4,B04,บางนา,2025-07-29,418,086-xxx-4454,False,2025-09-14,True,ซื้อแล้ว
C00714,สมชาย,ชาย,45-54,5,B02,สีลม,2026-01-12,251,085-xxx-5323,False,2026-02-28,True,ซื้อแล้ว
C00715,อัญชลี,หญิง,25-34,3,B05,มหาวิทยาลัย,2025-04-10,528,089-xxx-6193,False,2025-06-01,True,ซื้อแล้ว
C00716,ปิยะ,หญิง,25-34,3,B04,บางนา,2025-05-02,506,081-xxx-4728,False,2025-06-02,True,ซื้อแล้ว
C00717,อรุณ,ชาย,25-34,3,B05,มหาวิทยาลัย,2026-06-08,104,088-xxx-7498,False,,False,ไม่เคยซื้อ
C00718,ธีร,ชาย,25-34,3,B01,สยาม,2026-07-19,63,086-xxx-3100,False,2026-08-21,True,ซื้อแล้ว
C00719,สุดา,ชาย,35-44,4,B04,บางนา,2025-11-26,298,088-xxx-8917,False,2025-12-17,True,ซื้อแล้ว
C00720,รัตนา,หญิง,35-44,4,B05,มหาวิทยาลัย,2025-10-19,336,081-xxx-6295,False,2025-10-27,True,ซื้อแล้ว
C00721,กิตติ,ชาย,25-34,3,B01,สยาม,2026-03-13,191,089-xxx-3837,False,2026-03-31,True,ซื้อแล้ว
C00722,ณัฐ,ชาย,25-34,3,B03,อารีย์,2026-06-27,85,083-xxx-7139,False,2026-07-11,True,ซื้อแล้ว
C00723,นภัส,ชาย,35-44,4,B01,สยาม,2025-10-23,332,081-xxx-8741,False,2025-12-16,True,ซื้อแล้ว
C00724,เกศ,ไม่ระบุ,18-24,2,B01,สยาม,2026-03-21,183,083-xxx-3378,False,2026-03-25,True,ซื้อแล้ว
C00725,ปวีณ,ชาย,25-34,3,B02,สีลม,2025-12-06,288,084-xxx-2030,False,2025-12-09,True,ซื้อแล้ว
C00726,ธนา,ชาย,55+,6,B04,บางนา,2025-08-26,390,082-xxx-7571,False,2025-09-09,True,ซื้อแล้ว
C00727,ชนา,ไม่ระบุ,25-34,3,B03,อารีย์,2025-12-28,266,081-xxx-6463,False,2026-01-08,True,ซื้อแล้ว
C00728,อัญชลี,ชาย,35-44,4,B04,บางนา,2026-04-03,170,085-xxx-3971,False,2026-04-09,True,ซื้อแล้ว
C00729,ทิพย์,ชาย,25-34,3,B02,สีลม,2025-04-14,524,088-xxx-4131,False,2025-05-12,True,ซื้อแล้ว
C00730,ชนา,หญิง,18-24,2,B03,อารีย์,2025-11-22,302,082-xxx-6736,False,2025-11-29,True,ซื้อแล้ว
C00731,ศิริ,หญิง,25-34,3,B02,สีลม,2025-09-08,377,083-xxx-3274,False,2025-09-29,True,ซื้อแล้ว
C00732,กิตติ,ชาย,35-44,4,B02,สีลม,2025-07-24,423,088-xxx-3188,False,2025-07-26,True,ซื้อแล้ว
C00733,วีระ,ชาย,25-34,3,B05,มหาวิทยาลัย,2025-11-17,307,085-xxx-5146,False,,False,ไม่เคยซื้อ
C00734,รัตนา,หญิง,35-44,4,B02,สีลม,2026-07-25,57,082-xxx-5194,False,,False,ไม่เคยซื้อ
C00735,ภัทร,หญิง,25-34,3,B05,มหาวิทยาลัย,2025-10-24,331,088-xxx-3216,False,2025-11-07,True,ซื้อแล้ว
C00736,ธีร,หญิง,18-24,2,B04,บางนา,2025-05-24,484,082-xxx-8994,False,2025-06-11,True,ซื้อแล้ว
C00737,มานพ,หญิง,18-24,2,B05,มหาวิทยาลัย,2026-06-10,102,085-xxx-4361,False,2026-08-19,True,ซื้อแล้ว
C00738,มานพ,ชาย,55+,6,B04,บางนา,2026-04-12,161,086-xxx-9098,False,2026-04-23,True,ซื้อแล้ว
C00739,กิตติ,ไม่ระบุ,25-34,3,B05,มหาวิทยาลัย,2025-05-08,500,083-xxx-7692,False,2025-06-10,True,ซื้อแล้ว
C00740,ธนา,หญิง,35-44,4,B03,อารีย์,2026-07-30,52,089-xxx-7545,False,2026-08-02,True,ซื้อแล้ว
C00741,ณัฐ,ชาย,25-34,3,B02,สีลม,2026-04-21,152,081-xxx-8301,False,,False,ไม่เคยซื้อ
C00742,วรรณ,หญิง,25-34,3,B02,สีลม,2025-11-28,296,085-xxx-2673,False,2025-12-09,True,ซื้อแล้ว
C00743,รัตนา,ชาย,45-54,5,B05,มหาวิทยาลัย,2025-04-18,520,081-xxx-1209,False,2025-08-07,True,ซื้อแล้ว
C00744,กมล,หญิง,18-24,2,B02,สีลม,2025-04-27,511,086-xxx-2790,False,2025-05-19,True,ซื้อแล้ว
C00745,สมชาย,ชาย,25-34,3,B05,มหาวิทยาลัย,2025-11-06,318,086-xxx-9000,False,,False,ไม่เคยซื้อ
C00746,ชนา,หญิง,18-24,2,B05,มหาวิทยาลัย,2026-06-30,82,082-xxx-4197,False,,False,ไม่เคยซื้อ
C00747,กิตติ,ชาย,55+,6,B05,มหาวิทยาลัย,2026-06-26,86,086-xxx-8364,False,2026-07-06,True,ซื้อแล้ว
C00748,ธนา,หญิง,45-54,5,B01,สยาม,2026-04-19,154,085-xxx-5359,False,2026-08-02,True,ซื้อแล้ว
C00749,อรุณ,หญิง,25-34,3,B05,มหาวิทยาลัย,2026-05-22,121,085-xxx-9481,False,2026-05-29,True,ซื้อแล้ว
C00750,จิรา,ชาย,18-24,2,B03,อารีย์,2026-04-25,148,086-xxx-5664,False,2026-04-30,True,ซื้อแล้ว
C00751,ปิยะ,ชาย,25-34,3,B03,อารีย์,2026-09-03,17,087-xxx-1199,False,,False,สมาชิกใหม่ ยังไม่ซื้อ
C00752,ชนา,หญิง,45-54,5,B05,มหาวิทยาลัย,2025-06-28,449,089-xxx-1458,False,2025-07-03,True,ซื้อแล้ว
C00753,ภัทร,ชาย,35-44,4,B01,สยาม,2025-08-01,415,086-xxx-2116,False,2025-08-12,True,ซื้อแล้ว
C00754,รัตนา,หญิง,45-54,5,B03,อารีย์,2026-06-25,87,085-xxx-6640,False,2026-08-01,True,ซื้อแล้ว
C00755,สุดา,หญิง,45-54,5,B03,อารีย์,2026-06-12,100,088-xxx-6441,False,2026-06-12,True,ซื้อแล้ว
C00756,พิม,หญิง,18-24,2,B01,สยาม,2026-05-14,129,089-xxx-8241,False,2026-05-24,True,ซื้อแล้ว
C00757,อัญชลี,ชาย,25-34,3,B05,มหาวิทยาลัย,2025-05-26,482,086-xxx-3645,False,2025-06-13,True,ซื้อแล้ว
C00758,ทิพย์,ชาย,18-24,2,B02,สีลม,2025-08-01,415,088-xxx-7705,False,2025-09-08,True,ซื้อแล้ว
C00759,อรุณ,ชาย,18-24,2,B01,สยาม,2025-04-03,535,082-xxx-8876,False,2025-04-04,True,ซื้อแล้ว
C00760,อัญชลี,ชาย,18-24,2,B02,สีลม,2025-05-18,490,084-xxx-2827,False,2025-05-31,True,ซื้อแล้ว
C00761,ธนา,ชาย,55+,6,B05,มหาวิทยาลัย,2025-08-01,415,088-xxx-8751,False,2025-08-04,True,ซื้อแล้ว
C00762,กมล,ชาย,45-54,5,B01,สยาม,2026-05-24,119,083-xxx-8661,False,2026-05-26,True,ซื้อแล้ว
C00763,ศิริ,หญิง,45-54,5,B03,อารีย์,2026-05-16,127,086-xxx-4681,False,2026-07-01,True,ซื้อแล้ว
C00764,กิตติ,ชาย,18-24,2,B01,สยาม,2026-07-24,58,087-xxx-7716,False,2026-07-24,True,ซื้อแล้ว
C00765,วรรณ,ชาย,18-24,2,B01,สยาม,2025-05-09,499,081-xxx-9387,True,2025-05-27,True,ซื้อแล้ว
C00766,จิรา,หญิง,18-24,2,B05,มหาวิทยาลัย,2025-12-25,269,083-xxx-9892,False,,False,ไม่เคยซื้อ
C00767,อรุณ,หญิง,25-34,3,B04,บางนา,2025-09-10,375,088-xxx-5848,False,2025-09-14,True,ซื้อแล้ว
C00768,ภัทร,ชาย,45-54,5,B04,บางนา,2025-06-15,462,084-xxx-4545,False,2025-06-22,True,ซื้อแล้ว
C00769,สมชาย,หญิง,25-34,3,B05,มหาวิทยาลัย,2025-05-11,497,088-xxx-7744,True,2025-06-13,True,ซื้อแล้ว
C00770,ปวีณ,ชาย,25-34,3,B04,บางนา,2026-03-09,195,085-xxx-8296,False,2026-03-17,True,ซื้อแล้ว
C00771,ทิพย์,ชาย,45-54,5,B01,สยาม,2025-08-20,396,086-xxx-7973,False,2025-09-04,True,ซื้อแล้ว
C00772,ภูมิ,ชาย,25-34,3,B03,อารีย์,2026-04-01,172,083-xxx-5988,False,2026-07-28,True,ซื้อแล้ว
C00773,พิม,ชาย,45-54,5,B04,บางนา,2025-11-07,317,084-xxx-7038,False,2025-11-15,True,ซื้อแล้ว
C00774,วีระ,หญิง,55+,6,B02,สีลม,2025-12-27,267,089-xxx-9520,False,2026-02-18,True,ซื้อแล้ว
C00775,ธีร,หญิง,25-34,3,B05,มหาวิทยาลัย,2025-09-13,372,086-xxx-3293,False,,False,ไม่เคยซื้อ
C00776,ทิพย์,ชาย,35-44,4,B05,มหาวิทยาลัย,2025-11-04,320,088-xxx-1506,False,2025-11-04,True,ซื้อแล้ว
C00777,ปิยะ,ชาย,35-44,4,B03,อารีย์,2026-04-06,167,083-xxx-5976,False,2026-04-10,True,ซื้อแล้ว
C00778,สมชาย,ชาย,18-24,2,B02,สีลม,2025-05-03,505,088-xxx-6605,False,2025-06-02,True,ซื้อแล้ว
C00779,วีระ,ชาย,25-34,3,B04,บางนา,2026-08-24,27,085-xxx-4916,False,,False,สมาชิกใหม่ ยังไม่ซื้อ
C00780,อัญชลี,ไม่ระบุ,18-24,2,B03,อารีย์,2026-03-02,202,081-xxx-3332,False,2026-03-27,True,ซื้อแล้ว
C00781,ศิริ,ชาย,55+,6,B01,สยาม,2025-05-24,484,086-xxx-1883,False,2025-06-05,True,ซื้อแล้ว
C00782,กมล,ชาย,25-34,3,B03,อารีย์,2026-02-07,225,083-xxx-4139,False,2026-02-16,True,ซื้อแล้ว
C00783,ธนา,ชาย,25-34,3,B05,มหาวิทยาลัย,2026-02-04,228,083-xxx-8369,False,,False,ไม่เคยซื้อ
C00784,ชนา,หญิง,18-24,2,B04,บางนา,2026-05-19,124,085-xxx-2702,False,2026-07-31,True,ซื้อแล้ว
C00785,ธีร,หญิง,45-54,5,B04,บางนา,2025-06-26,451,081-xxx-3642,False,2025-08-08,True,ซื้อแล้ว
C00786,ณัฐ,ชาย,25-34,3,B01,สยาม,2026-08-07,44,089-xxx-3897,False,,False,ไม่เคยซื้อ
C00787,ปวีณ,ชาย,18-24,2,B05,มหาวิทยาลัย,2025-08-21,395,083-xxx-1020,False,2025-10-08,True,ซื้อแล้ว
C00788,อัญชลี,ไม่ระบุ,25-34,3,B02,สีลม,2025-10-13,342,082-xxx-4084,False,2025-11-13,True,ซื้อแล้ว
C00789,เกศ,หญิง,25-34,3,B01,สยาม,2025-09-23,362,083-xxx-9412,False,2025-09-26,True,ซื้อแล้ว
C00790,ปิยะ,หญิง,25-34,3,B04,บางนา,2026-04-15,158,089-xxx-1390,False,2026-05-30,True,ซื้อแล้ว
C00791,วรรณ,หญิง,25-34,3,B04,บางนา,2026-03-16,188,083-xxx-9243,False,2026-03-21,True,ซื้อแล้ว
C00792,มานพ,หญิง,18-24,2,B01,สยาม,2025-08-10,406,086-xxx-5855,False,2025-10-10,True,ซื้อแล้ว
C00793,สมชาย,หญิง,18-24,2,B05,มหาวิทยาลัย,2026-06-24,88,086-xxx-3403,False,2026-07-09,True,ซื้อแล้ว
C00794,สมชาย,หญิง,18-24,2,B04,บางนา,2025-06-06,471,083-xxx-5536,False,2025-06-06,True,ซื้อแล้ว
C00795,กิตติ,ไม่ระบุ,25-34,3,B02,สีลม,2025-12-23,271,082-xxx-5546,False,2025-12-30,True,ซื้อแล้ว
C00796,กิตติ,ชาย,35-44,4,B01,สยาม,2025-04-21,517,084-xxx-7158,False,2025-05-01,True,ซื้อแล้ว
C00797,สุดา,หญิง,18-24,2,B01,สยาม,2025-11-22,302,082-xxx-6223,False,2025-12-22,True,ซื้อแล้ว
C00798,กิตติ,ชาย,25-34,3,B02,สีลม,2026-01-04,259,085-xxx-4666,False,2026-01-06,True,ซื้อแล้ว
C00799,ภัทร,หญิง,35-44,4,B02,สีลม,2026-04-21,152,082-xxx-8183,False,2026-04-22,True,ซื้อแล้ว
C00800,มานพ,หญิง,18-24,2,B01,สยาม,2026-06-30,82,085-xxx-7442,False,2026-08-31,True,ซื้อแล้ว
C00801,ชนา,ชาย,35-44,4,B03,อารีย์,2026-05-13,130,086-xxx-8976,False,2026-07-13,True,ซื้อแล้ว
C00802,มานพ,ชาย,18-24,2,B02,สีลม,2025-09-09,376,086-xxx-6319,False,2025-09-23,True,ซื้อแล้ว
C00803,กิตติ,ชาย,35-44,4,B05,มหาวิทยาลัย,2026-01-16,247,086-xxx-9827,False,2026-01-23,True,ซื้อแล้ว
C00804,ชนา,หญิง,25-34,3,B05,มหาวิทยาลัย,2026-05-25,118,082-xxx-5656,False,2026-05-27,True,ซื้อแล้ว
C00805,ณัฐ,หญิง,25-34,3,B05,มหาวิทยาลัย,2026-01-15,248,087-xxx-4516,False,2026-02-03,True,ซื้อแล้ว
C00806,รัตนา,หญิง,18-24,2,B01,สยาม,2026-04-08,165,082-xxx-1106,False,2026-04-20,True,ซื้อแล้ว
C00807,มานพ,ชาย,45-54,5,B01,สยาม,2025-05-17,491,086-xxx-5781,False,2025-06-02,True,ซื้อแล้ว
C00808,ศิริ,ชาย,25-34,3,B03,อารีย์,2026-05-17,126,085-xxx-1318,False,2026-05-23,True,ซื้อแล้ว
C00809,ธนา,ชาย,25-34,3,B02,สีลม,2025-07-06,441,088-xxx-5383,False,2025-09-22,True,ซื้อแล้ว
C00810,มานพ,ไม่ระบุ,45-54,5,B04,บางนา,2026-02-16,216,084-xxx-8386,False,2026-03-13,True,ซื้อแล้ว
C00811,สุดา,หญิง,18-24,2,B03,อารีย์,2026-08-19,32,083-xxx-4738,False,2026-09-12,True,ซื้อแล้ว
C00812,ชนา,ชาย,45-54,5,B03,อารีย์,2026-01-15,248,087-xxx-5941,False,2026-01-21,True,ซื้อแล้ว
C00813,จิรา,ไม่ระบุ,18-24,2,B02,สีลม,2026-06-10,102,089-xxx-6805,False,2026-07-13,True,ซื้อแล้ว
C00814,อรุณ,หญิง,45-54,5,B01,สยาม,2026-07-14,68,086-xxx-2026,False,2026-08-28,True,ซื้อแล้ว
C00815,สุดา,หญิง,18-24,2,B02,สีลม,2025-05-06,502,085-xxx-1217,False,2025-05-14,True,ซื้อแล้ว
C00816,ชนา,หญิง,45-54,5,B01,สยาม,2026-02-24,208,084-xxx-3384,False,2026-04-04,True,ซื้อแล้ว
C00817,ปิยะ,ชาย,ต่ำกว่า 18,1,B05,มหาวิทยาลัย,2026-03-04,200,088-xxx-1930,False,2026-03-21,True,ซื้อแล้ว
C00818,เกศ,ชาย,25-34,3,B01,สยาม,2026-09-14,6,083-xxx-1971,False,,False,สมาชิกใหม่ ยังไม่ซื้อ
C00819,นภัส,หญิง,35-44,4,B02,สีลม,2026-02-19,213,087-xxx-6457,False,2026-02-25,True,ซื้อแล้ว
C00820,ภูมิ,ชาย,18-24,2,B02,สีลม,2026-03-11,193,081-xxx-9916,False,,False,ไม่เคยซื้อ
C00821,อรุณ,หญิง,18-24,2,B01,สยาม,2026-03-15,189,087-xxx-4168,False,2026-03-23,True,ซื้อแล้ว
C00822,วีระ,ชาย,25-34,3,B02,สีลม,2025-06-20,457,087-xxx-8776,False,2025-08-11,True,ซื้อแล้ว
C00823,ณัฐ,หญิง,25-34,3,B04,บางนา,2025-06-29,448,086-xxx-1069,False,2025-07-09,True,ซื้อแล้ว
C00824,ธีร,ชาย,18-24,2,B02,สีลม,2026-03-08,196,089-xxx-1372,True,2026-07-06,True,ซื้อแล้ว
C00825,พิม,หญิง,18-24,2,B02,สีลม,2025-04-03,535,086-xxx-5796,False,2025-04-03,True,ซื้อแล้ว
C00826,เกศ,ชาย,25-34,3,B05,มหาวิทยาลัย,2025-06-29,448,084-xxx-2524,False,2025-07-03,True,ซื้อแล้ว
C00827,เกศ,หญิง,25-34,3,B02,สีลม,2025-08-06,410,084-xxx-6169,False,2025-08-24,True,ซื้อแล้ว
C00828,รัตนา,ชาย,35-44,4,B01,สยาม,2025-11-16,308,087-xxx-3825,False,2025-11-17,True,ซื้อแล้ว
C00829,สมชาย,ชาย,18-24,2,B03,อารีย์,2026-07-19,63,085-xxx-6401,False,,False,ไม่เคยซื้อ
C00830,ปิยะ,หญิง,25-34,3,B05,มหาวิทยาลัย,2025-11-20,304,082-xxx-1664,False,2025-12-02,True,ซื้อแล้ว
C00831,สมชาย,ชาย,35-44,4,B03,อารีย์,2026-07-21,61,083-xxx-1618,False,2026-08-30,True,ซื้อแล้ว
C00832,อัญชลี,หญิง,25-34,3,B01,สยาม,2025-07-03,444,083-xxx-1360,False,2025-08-09,True,ซื้อแล้ว
C00833,ภูมิ,หญิง,35-44,4,B04,บางนา,2025-04-10,528,083-xxx-7933,False,2025-04-12,True,ซื้อแล้ว
C00834,มานพ,หญิง,18-24,2,B03,อารีย์,2026-07-26,56,084-xxx-5560,False,2026-07-26,True,ซื้อแล้ว
C00835,ภัทร,หญิง,35-44,4,B01,สยาม,2025-12-07,287,085-xxx-7788,False,2026-02-10,True,ซื้อแล้ว
C00836,พิม,หญิง,18-24,2,B04,บางนา,2025-06-11,466,083-xxx-9561,False,2025-06-20,True,ซื้อแล้ว
C00837,ปิยะ,ชาย,25-34,3,B04,บางนา,2026-04-25,148,082-xxx-7951,False,2026-05-30,True,ซื้อแล้ว
C00838,ปิยะ,หญิง,25-34,3,B05,มหาวิทยาลัย,2026-05-05,138,087-xxx-6043,False,2026-06-15,True,ซื้อแล้ว
C00839,ภัทร,ชาย,18-24,2,B02,สีลม,2026-04-18,155,085-xxx-4493,False,2026-04-25,True,ซื้อแล้ว
C00840,กิตติ,ชาย,18-24,2,B05,มหาวิทยาลัย,2026-01-03,260,088-xxx-8466,False,2026-01-06,True,ซื้อแล้ว
C00841,มานพ,ชาย,18-24,2,B03,อารีย์,2026-07-04,78,085-xxx-7572,False,,False,ไม่เคยซื้อ
C00842,กิตติ,หญิง,18-24,2,B04,บางนา,2026-04-15,158,085-xxx-9289,False,2026-05-23,True,ซื้อแล้ว
C00843,สมชาย,หญิง,35-44,4,B05,มหาวิทยาลัย,2026-01-05,258,085-xxx-2724,False,2026-06-05,True,ซื้อแล้ว
C00844,กิตติ,หญิง,18-24,2,B05,มหาวิทยาลัย,2025-12-13,281,088-xxx-8707,False,2025-12-13,True,ซื้อแล้ว
C00845,สุดา,ชาย,25-34,3,B04,บางนา,2026-05-15,128,085-xxx-9166,False,2026-05-15,True,ซื้อแล้ว
C00846,ปวีณ,ชาย,45-54,5,B05,มหาวิทยาลัย,2025-06-18,459,086-xxx-7021,False,2025-07-04,True,ซื้อแล้ว
C00847,พิม,หญิง,18-24,2,B01,สยาม,2025-10-21,334,087-xxx-1788,True,2025-12-01,True,ซื้อแล้ว
C00848,อัญชลี,หญิง,25-34,3,B02,สีลม,2026-02-22,210,082-xxx-7593,False,2026-06-08,True,ซื้อแล้ว
C00849,ปวีณ,ชาย,25-34,3,B03,อารีย์,2026-07-30,52,088-xxx-3884,False,,False,ไม่เคยซื้อ
C00850,ชนา,หญิง,ต่ำกว่า 18,1,B04,บางนา,2026-02-09,223,089-xxx-4765,False,2026-03-12,True,ซื้อแล้ว
C00851,ปิยะ,ชาย,25-34,3,B02,สีลม,2025-08-22,394,086-xxx-8308,False,2025-09-01,True,ซื้อแล้ว
C00852,ปิยะ,ไม่ระบุ,18-24,2,B05,มหาวิทยาลัย,2025-10-18,337,085-xxx-2538,False,2025-10-29,True,ซื้อแล้ว
C00853,นภัส,หญิง,55+,6,B01,สยาม,2025-05-04,504,089-xxx-5283,False,2025-05-04,True,ซื้อแล้ว
C00854,รัตนา,หญิง,55+,6,B04,บางนา,2025-08-03,413,081-xxx-9625,False,2025-08-18,True,ซื้อแล้ว
C00855,กมล,หญิง,25-34,3,B01,สยาม,2025-09-06,379,086-xxx-7827,False,2025-09-24,True,ซื้อแล้ว
C00856,ภัทร,ชาย,25-34,3,B03,อารีย์,2026-01-17,246,082-xxx-3312,False,2026-01-20,True,ซื้อแล้ว
C00857,อรุณ,ชาย,35-44,4,B05,มหาวิทยาลัย,2025-07-11,436,081-xxx-6493,False,2025-09-13,True,ซื้อแล้ว
C00858,ธนา,ชาย,25-34,3,B02,สีลม,2025-05-07,501,086-xxx-1905,False,2025-05-20,True,ซื้อแล้ว
C00859,จิรา,หญิง,55+,6,B03,อารีย์,2026-05-29,114,081-xxx-1145,False,,False,ไม่เคยซื้อ
C00860,วรรณ,หญิง,45-54,5,B05,มหาวิทยาลัย,2025-11-04,320,087-xxx-1569,False,2025-11-11,True,ซื้อแล้ว
C00861,อรุณ,ชาย,45-54,5,B04,บางนา,2026-04-17,156,087-xxx-4535,False,2026-08-02,True,ซื้อแล้ว
C00862,ธีร,ชาย,25-34,3,B01,สยาม,2026-07-21,61,084-xxx-3267,True,2026-07-23,True,ซื้อแล้ว
C00863,ปิยะ,หญิง,25-34,3,B02,สีลม,2026-05-23,120,087-xxx-6431,False,2026-05-28,True,ซื้อแล้ว
C00864,ปิยะ,ชาย,18-24,2,B05,มหาวิทยาลัย,2026-02-21,211,081-xxx-8739,False,,False,ไม่เคยซื้อ
C00865,ศิริ,ชาย,45-54,5,B01,สยาม,2025-11-08,316,082-xxx-6865,False,2025-12-24,True,ซื้อแล้ว
C00866,ปิยะ,หญิง,25-34,3,B01,สยาม,2025-04-27,511,083-xxx-5673,False,2025-04-27,True,ซื้อแล้ว
C00867,อรุณ,ชาย,35-44,4,B05,มหาวิทยาลัย,2025-04-02,536,089-xxx-9793,False,2025-04-18,True,ซื้อแล้ว
C00868,ชนา,หญิง,18-24,2,B05,มหาวิทยาลัย,2026-01-10,253,085-xxx-2119,False,2026-02-23,True,ซื้อแล้ว
C00869,ทิพย์,หญิง,45-54,5,B02,สีลม,2025-10-20,335,089-xxx-6404,False,2026-01-02,True,ซื้อแล้ว
C00870,มานพ,หญิง,25-34,3,B01,สยาม,2026-09-09,11,081-xxx-7051,False,,False,สมาชิกใหม่ ยังไม่ซื้อ
C00871,ศิริ,ชาย,25-34,3,B01,สยาม,2026-08-21,30,087-xxx-9675,False,2026-08-23,True,ซื้อแล้ว
C00872,อัญชลี,ชาย,25-34,3,B04,บางนา,2026-02-23,209,087-xxx-7747,False,2026-03-10,True,ซื้อแล้ว
C00873,สมชาย,ชาย,ต่ำกว่า 18,1,B02,สีลม,2026-08-08,43,085-xxx-5314,False,,False,ไม่เคยซื้อ
C00874,กิตติ,หญิง,25-34,3,B01,สยาม,2025-08-30,386,086-xxx-3754,False,2025-08-30,True,ซื้อแล้ว
C00875,สุดา,ชาย,25-34,3,B01,สยาม,2026-03-08,196,087-xxx-6954,False,2026-04-16,True,ซื้อแล้ว
C00876,รัตนา,หญิง,25-34,3,B02,สีลม,2025-06-12,465,082-xxx-3971,False,2025-07-07,True,ซื้อแล้ว
C00877,นภัส,หญิง,35-44,4,B05,มหาวิทยาลัย,2025-09-25,360,087-xxx-7115,False,2025-10-01,True,ซื้อแล้ว
C00878,อัญชลี,ชาย,25-34,3,B05,มหาวิทยาลัย,2026-03-21,183,081-xxx-3996,False,2026-04-18,True,ซื้อแล้ว
C00879,ภัทร,หญิง,18-24,2,B03,อารีย์,2026-01-04,259,084-xxx-4991,False,2026-01-10,True,ซื้อแล้ว
C00880,เกศ,หญิง,25-34,3,B04,บางนา,2025-06-02,475,088-xxx-8500,False,2025-06-14,True,ซื้อแล้ว
C00881,อัญชลี,หญิง,25-34,3,B05,มหาวิทยาลัย,2026-06-11,101,086-xxx-4684,False,2026-07-04,True,ซื้อแล้ว
C00882,อรุณ,ชาย,18-24,2,B03,อารีย์,2025-12-09,285,083-xxx-2409,False,2026-01-29,True,ซื้อแล้ว
C00883,ศิริ,ชาย,35-44,4,B02,สีลม,2025-10-04,351,082-xxx-4995,False,2025-10-15,True,ซื้อแล้ว
C00884,ภัทร,ชาย,45-54,5,B01,สยาม,2025-09-07,378,081-xxx-6451,True,2025-10-24,True,ซื้อแล้ว
C00885,อัญชลี,หญิง,35-44,4,B01,สยาม,2026-03-23,181,083-xxx-2699,False,2026-04-11,True,ซื้อแล้ว
C00886,ทิพย์,หญิง,35-44,4,B01,สยาม,2025-08-29,387,085-xxx-4070,False,2025-09-04,True,ซื้อแล้ว
C00887,ศิริ,หญิง,25-34,3,B03,อารีย์,2026-04-26,147,085-xxx-5150,False,2026-06-09,True,ซื้อแล้ว
C00888,เกศ,หญิง,45-54,5,B04,บางนา,2026-08-26,25,089-xxx-1570,False,,False,สมาชิกใหม่ ยังไม่ซื้อ
C00889,ศิริ,ชาย,55+,6,B03,อารีย์,2026-04-10,163,084-xxx-7978,False,2026-04-25,True,ซื้อแล้ว
C00890,ศิริ,หญิง,25-34,3,B04,บางนา,2026-03-20,184,086-xxx-2110,False,2026-03-24,True,ซื้อแล้ว
C00891,สมชาย,หญิง,35-44,4,B05,มหาวิทยาลัย,2025-10-20,335,088-xxx-3993,False,2025-11-03,True,ซื้อแล้ว
C00892,วีระ,ชาย,18-24,2,B04,บางนา,2025-10-12,343,086-xxx-8545,False,2025-11-24,True,ซื้อแล้ว
C00893,ณัฐ,หญิง,35-44,4,B05,มหาวิทยาลัย,2025-08-18,398,085-xxx-2256,False,,False,ไม่เคยซื้อ
C00894,สมชาย,ชาย,35-44,4,B03,อารีย์,2026-08-26,25,083-xxx-4789,False,2026-08-30,True,ซื้อแล้ว
C00895,ณัฐ,ชาย,35-44,4,B03,อารีย์,2026-06-17,95,086-xxx-1081,False,,False,ไม่เคยซื้อ
C00896,ชนา,ชาย,55+,6,B01,สยาม,2026-06-23,89,083-xxx-8971,False,2026-09-04,True,ซื้อแล้ว
C00897,ภูมิ,ไม่ระบุ,45-54,5,B04,บางนา,2026-03-13,191,085-xxx-9093,False,2026-03-15,True,ซื้อแล้ว
C00898,ปวีณ,ชาย,18-24,2,B05,มหาวิทยาลัย,2026-08-31,20,089-xxx-7581,False,,False,สมาชิกใหม่ ยังไม่ซื้อ
C00899,ศิริ,ชาย,25-34,3,B01,สยาม,2025-09-06,379,086-xxx-2301,False,2025-10-02,True,ซื้อแล้ว
C00900,ชนา,ชาย,25-34,3,B01,สยาม,2026-05-04,139,086-xxx-8185,False,2026-05-14,True,ซื้อแล้ว
C00901,อัญชลี,ชาย,18-24,2,B03,อารีย์,2026-08-17,34,086-xxx-3438,False,,False,ไม่เคยซื้อ
C00902,ทิพย์,ชาย,45-54,5,B05,มหาวิทยาลัย,2025-05-26,482,089-xxx-9949,False,2025-06-18,True,ซื้อแล้ว
C00903,สุดา,หญิง,55+,6,B05,มหาวิทยาลัย,2026-02-16,216,086-xxx-5336,False,2026-03-21,True,ซื้อแล้ว
C00904,ศิริ,หญิง,18-24,2,B05,มหาวิทยาลัย,2026-01-16,247,083-xxx-4121,False,2026-01-16,True,ซื้อแล้ว
C00905,จิรา,หญิง,18-24,2,B01,สยาม,2026-07-13,69,088-xxx-9470,False,2026-09-11,True,ซื้อแล้ว
C00906,ปวีณ,ชาย,55+,6,B02,สีลม,2025-10-30,325,084-xxx-8359,False,2025-11-10,True,ซื้อแล้ว
C00907,ปวีณ,หญิง,25-34,3,B01,สยาม,2025-08-19,397,084-xxx-2204,False,2025-09-28,True,ซื้อแล้ว
C00908,ทิพย์,ชาย,18-24,2,B05,มหาวิทยาลัย,2026-05-09,134,083-xxx-1064,False,2026-06-06,True,ซื้อแล้ว
C00909,ณัฐ,หญิง,18-24,2,B03,อารีย์,2026-06-18,94,084-xxx-5989,False,2026-08-14,True,ซื้อแล้ว
C00910,ปวีณ,ไม่ระบุ,45-54,5,B01,สยาม,2025-04-09,529,082-xxx-5235,False,2025-04-10,True,ซื้อแล้ว
C00911,สมชาย,หญิง,18-24,2,B05,มหาวิทยาลัย,2025-10-18,337,085-xxx-1102,False,,False,ไม่เคยซื้อ
C00912,ศิริ,หญิง,35-44,4,B03,อารีย์,2026-06-20,92,088-xxx-1102,False,2026-06-30,True,ซื้อแล้ว
C00913,ธีร,ชาย,18-24,2,B05,มหาวิทยาลัย,2026-06-20,92,088-xxx-3135,False,2026-07-20,True,ซื้อแล้ว
C00914,รัตนา,หญิง,18-24,2,B04,บางนา,2026-07-18,64,089-xxx-8284,False,,False,ไม่เคยซื้อ
C00915,ภัทร,หญิง,35-44,4,B01,สยาม,2025-06-15,462,082-xxx-5997,False,2025-06-16,True,ซื้อแล้ว
C00916,มานพ,หญิง,35-44,4,B03,อารีย์,2026-08-18,33,086-xxx-2823,False,,False,ไม่เคยซื้อ
C00917,อัญชลี,หญิง,18-24,2,B02,สีลม,2026-01-13,250,089-xxx-6192,True,2026-02-09,True,ซื้อแล้ว
C00918,ธนา,ชาย,18-24,2,B01,สยาม,2025-09-30,355,089-xxx-7293,False,2025-10-19,True,ซื้อแล้ว
C00919,ภูมิ,ชาย,18-24,2,B01,สยาม,2026-02-26,206,085-xxx-7642,False,2026-03-22,True,ซื้อแล้ว
C00920,วรรณ,ชาย,25-34,3,B04,บางนา,2025-07-29,418,082-xxx-1219,False,2025-08-24,True,ซื้อแล้ว
C00921,ปิยะ,หญิง,25-34,3,B05,มหาวิทยาลัย,2026-07-10,72,082-xxx-2288,False,,False,ไม่เคยซื้อ
C00922,สุดา,หญิง,35-44,4,B05,มหาวิทยาลัย,2026-06-01,111,085-xxx-5466,False,2026-06-13,True,ซื้อแล้ว
C00923,อัญชลี,ชาย,18-24,2,B05,มหาวิทยาลัย,2025-08-22,394,083-xxx-5038,False,2025-09-01,True,ซื้อแล้ว
C00924,พิม,ชาย,25-34,3,B04,บางนา,2026-05-20,123,084-xxx-8195,False,2026-06-06,True,ซื้อแล้ว
C00925,จิรา,ชาย,18-24,2,B01,สยาม,2025-09-18,367,084-xxx-9948,False,2025-10-11,True,ซื้อแล้ว
C00926,สมชาย,ชาย,18-24,2,B03,อารีย์,2026-03-30,174,088-xxx-2375,False,2026-04-03,True,ซื้อแล้ว
C00927,เกศ,หญิง,ต่ำกว่า 18,1,B02,สีลม,2026-07-20,62,081-xxx-6928,False,2026-08-13,True,ซื้อแล้ว
C00928,ธีร,หญิง,ต่ำกว่า 18,1,B04,บางนา,2026-05-04,139,084-xxx-3478,False,2026-05-09,True,ซื้อแล้ว
C00929,ศิริ,ชาย,25-34,3,B03,อารีย์,2026-07-31,51,087-xxx-8956,False,2026-09-16,True,ซื้อแล้ว
C00930,กิตติ,หญิง,25-34,3,B01,สยาม,2026-04-12,161,081-xxx-6670,False,2026-04-13,True,ซื้อแล้ว
C00931,ศิริ,หญิง,18-24,2,B03,อารีย์,2026-02-05,227,084-xxx-2964,False,2026-03-05,True,ซื้อแล้ว
C00932,ทิพย์,ชาย,55+,6,B01,สยาม,2025-04-30,508,088-xxx-4075,False,2025-05-10,True,ซื้อแล้ว
C00933,ปิยะ,หญิง,45-54,5,B01,สยาม,2026-06-23,89,086-xxx-7717,False,,False,ไม่เคยซื้อ
C00934,ณัฐ,ชาย,35-44,4,B02,สีลม,2026-07-20,62,085-xxx-6077,False,,False,ไม่เคยซื้อ
C00935,มานพ,หญิง,18-24,2,B05,มหาวิทยาลัย,2025-11-18,306,084-xxx-8804,False,2026-08-24,True,ซื้อแล้ว
C00936,ธนา,ชาย,25-34,3,B01,สยาม,2025-09-22,363,088-xxx-4400,False,2025-10-12,True,ซื้อแล้ว
C00937,ณัฐ,หญิง,25-34,3,B05,มหาวิทยาลัย,2025-05-19,489,082-xxx-1427,False,2025-05-21,True,ซื้อแล้ว
C00938,กมล,ชาย,ต่ำกว่า 18,1,B05,มหาวิทยาลัย,2025-04-13,525,084-xxx-7995,False,2025-04-17,True,ซื้อแล้ว
C00939,สุดา,หญิง,18-24,2,B05,มหาวิทยาลัย,2026-06-19,93,083-xxx-8158,False,2026-07-14,True,ซื้อแล้ว
C00940,วีระ,หญิง,18-24,2,B04,บางนา,2026-04-16,157,088-xxx-7530,False,2026-09-06,True,ซื้อแล้ว
C00941,ทิพย์,ชาย,18-24,2,B03,อารีย์,2026-08-28,23,089-xxx-7430,False,2026-09-02,True,ซื้อแล้ว
C00942,ทิพย์,ไม่ระบุ,25-34,3,B05,มหาวิทยาลัย,2026-07-06,76,087-xxx-3941,False,2026-08-13,True,ซื้อแล้ว
C00943,ชนา,ชาย,45-54,5,B05,มหาวิทยาลัย,2025-08-04,412,085-xxx-1088,True,2025-11-11,True,ซื้อแล้ว
C00944,กิตติ,หญิง,25-34,3,B04,บางนา,2026-04-27,146,086-xxx-2693,False,2026-06-21,True,ซื้อแล้ว
C00945,ธนา,หญิง,35-44,4,B01,สยาม,2025-11-22,302,087-xxx-2846,False,2025-11-26,True,ซื้อแล้ว
C00946,ปวีณ,หญิง,35-44,4,B02,สีลม,2026-09-07,13,086-xxx-6632,False,,False,สมาชิกใหม่ ยังไม่ซื้อ
C00947,ปิยะ,หญิง,25-34,3,B05,มหาวิทยาลัย,2025-06-14,463,087-xxx-2722,False,2025-08-08,True,ซื้อแล้ว
C00948,อรุณ,หญิง,25-34,3,B02,สีลม,2026-05-04,139,089-xxx-7858,False,2026-07-23,True,ซื้อแล้ว
C00949,พิม,ชาย,25-34,3,B01,สยาม,2025-11-05,319,083-xxx-2953,False,2025-12-27,True,ซื้อแล้ว
C00950,ธีร,หญิง,35-44,4,B03,อารีย์,2026-03-06,198,087-xxx-4363,False,2026-03-20,True,ซื้อแล้ว
C00951,สมชาย,หญิง,18-24,2,B01,สยาม,2026-08-14,37,083-xxx-6864,False,,False,ไม่เคยซื้อ
C00952,ธีร,หญิง,ต่ำกว่า 18,1,B02,สีลม,2026-01-04,259,081-xxx-9204,False,2026-01-26,True,ซื้อแล้ว
C00953,อรุณ,หญิง,25-34,3,B01,สยาม,2025-11-28,296,081-xxx-7604,False,2026-02-01,True,ซื้อแล้ว
C00954,ปวีณ,หญิง,55+,6,B03,อารีย์,2025-11-16,308,085-xxx-4298,False,2025-11-30,True,ซื้อแล้ว
C00955,วรรณ,หญิง,35-44,4,B02,สีลม,2025-07-24,423,083-xxx-2016,False,,False,ไม่เคยซื้อ
C00956,วรรณ,หญิง,25-34,3,B03,อารีย์,2026-07-20,62,086-xxx-6379,False,,False,ไม่เคยซื้อ
C00957,สมชาย,ชาย,45-54,5,B04,บางนา,2025-10-21,334,083-xxx-6131,False,2025-12-25,True,ซื้อแล้ว
C00958,มานพ,ไม่ระบุ,45-54,5,B01,สยาม,2025-11-07,317,088-xxx-6701,False,2025-11-08,True,ซื้อแล้ว
C00959,อรุณ,หญิง,25-34,3,B02,สีลม,2025-08-10,406,088-xxx-4932,False,2025-09-10,True,ซื้อแล้ว
C00960,สุดา,หญิง,25-34,3,B01,สยาม,2025-11-14,310,089-xxx-4823,False,2025-11-22,True,ซื้อแล้ว
C00961,ปวีณ,ชาย,18-24,2,B05,มหาวิทยาลัย,2025-10-30,325,082-xxx-2934,False,2025-11-28,True,ซื้อแล้ว
C00962,อัญชลี,หญิง,35-44,4,B01,สยาม,2026-03-10,194,085-xxx-8741,False,2026-04-04,True,ซื้อแล้ว
C00963,ธีร,หญิง,18-24,2,B05,มหาวิทยาลัย,2025-05-18,490,083-xxx-8398,False,,False,ไม่เคยซื้อ
C00964,เกศ,หญิง,18-24,2,B01,สยาม,2025-10-16,339,081-xxx-1677,False,2025-11-05,True,ซื้อแล้ว
C00965,ธีร,ไม่ระบุ,25-34,3,B03,อารีย์,2026-05-29,114,088-xxx-6071,False,2026-05-30,True,ซื้อแล้ว
C00966,จิรา,ชาย,25-34,3,B04,บางนา,2026-02-12,220,087-xxx-8107,False,2026-02-15,True,ซื้อแล้ว
C00967,สุดา,หญิง,55+,6,B01,สยาม,2025-06-11,466,088-xxx-7038,False,2025-09-27,True,ซื้อแล้ว
C00968,ทิพย์,หญิง,18-24,2,B01,สยาม,2026-07-07,75,083-xxx-6515,False,2026-08-10,True,ซื้อแล้ว
C00969,อรุณ,ชาย,25-34,3,B04,บางนา,2025-09-08,377,084-xxx-8341,False,2025-10-23,True,ซื้อแล้ว
C00970,ภูมิ,หญิง,25-34,3,B01,สยาม,2025-09-04,381,087-xxx-6771,False,,False,ไม่เคยซื้อ
C00971,รัตนา,หญิง,25-34,3,B01,สยาม,2026-07-28,54,088-xxx-4430,False,,False,ไม่เคยซื้อ
C00972,เกศ,ชาย,25-34,3,B04,บางนา,2026-02-14,218,083-xxx-5083,True,,False,ไม่เคยซื้อ
C00973,จิรา,ชาย,35-44,4,B01,สยาม,2026-06-04,108,086-xxx-3850,False,2026-06-04,True,ซื้อแล้ว
C00974,อัญชลี,หญิง,55+,6,B02,สีลม,2025-08-08,408,089-xxx-7779,False,2025-11-12,True,ซื้อแล้ว
C00975,ภัทร,หญิง,25-34,3,B01,สยาม,2025-11-05,319,085-xxx-4128,False,2025-11-21,True,ซื้อแล้ว
C00976,มานพ,หญิง,25-34,3,B02,สีลม,2026-02-20,212,084-xxx-1956,False,2026-06-03,True,ซื้อแล้ว
C00977,พิม,ไม่ระบุ,18-24,2,B05,มหาวิทยาลัย,2026-01-19,244,087-xxx-3518,False,2026-02-10,True,ซื้อแล้ว
C00978,อรุณ,หญิง,18-24,2,B02,สีลม,2026-08-02,49,084-xxx-3957,False,2026-08-04,True,ซื้อแล้ว
C00979,เกศ,หญิง,35-44,4,B02,สีลม,2026-05-24,119,082-xxx-1876,False,2026-06-25,True,ซื้อแล้ว
C00980,อรุณ,ชาย,25-34,3,B02,สีลม,2025-10-27,328,084-xxx-6443,False,2025-12-03,True,ซื้อแล้ว
C00981,กมล,ชาย,25-34,3,B02,สีลม,2025-09-02,383,087-xxx-6294,False,2025-09-02,True,ซื้อแล้ว
C00982,พิม,ชาย,35-44,4,B02,สีลม,2025-04-14,524,088-xxx-1657,False,2025-04-26,True,ซื้อแล้ว
C00983,สุดา,หญิง,25-34,3,B05,มหาวิทยาลัย,2026-05-27,116,084-xxx-2029,False,2026-09-14,True,ซื้อแล้ว
C00984,ทิพย์,หญิง,25-34,3,B05,มหาวิทยาลัย,2025-07-30,417,082-xxx-8289,False,2025-08-02,True,ซื้อแล้ว
C00985,สมชาย,หญิง,25-34,3,B05,มหาวิทยาลัย,2025-08-17,399,086-xxx-5374,False,2025-08-28,True,ซื้อแล้ว
C00986,ภัทร,ชาย,18-24,2,B04,บางนา,2026-01-11,252,086-xxx-2133,False,2026-02-11,True,ซื้อแล้ว
C00987,ทิพย์,หญิง,18-24,2,B01,สยาม,2025-05-22,486,086-xxx-4704,False,2025-06-15,True,ซื้อแล้ว
C00988,ปวีณ,ชาย,45-54,5,B05,มหาวิทยาลัย,2025-10-08,347,083-xxx-8514,False,2025-10-31,True,ซื้อแล้ว
C00989,กมล,ชาย,25-34,3,B02,สีลม,2026-04-03,170,088-xxx-1050,False,2026-04-03,True,ซื้อแล้ว
C00990,ปวีณ,ชาย,25-34,3,B05,มหาวิทยาลัย,2026-01-11,252,087-xxx-2363,False,2026-01-24,True,ซื้อแล้ว
C00991,อรุณ,หญิง,18-24,2,B01,สยาม,2025-07-17,430,081-xxx-7476,False,2025-07-17,True,ซื้อแล้ว
C00992,รัตนา,ชาย,18-24,2,B05,มหาวิทยาลัย,2026-03-07,197,085-xxx-4622,False,2026-04-01,True,ซื้อแล้ว
C00993,ธีร,ชาย,25-34,3,B01,สยาม,2025-10-10,345,084-xxx-8569,False,,False,ไม่เคยซื้อ
C00994,อรุณ,ชาย,35-44,4,B05,มหาวิทยาลัย,2025-06-14,463,084-xxx-2707,False,2025-07-16,True,ซื้อแล้ว
C00995,ธีร,หญิง,18-24,2,B05,มหาวิทยาลัย,2026-07-07,75,089-xxx-8110,False,2026-07-07,True,ซื้อแล้ว
C00996,ธนา,ชาย,35-44,4,B03,อารีย์,2026-01-18,245,083-xxx-3178,False,2026-02-17,True,ซื้อแล้ว
C00997,อัญชลี,ชาย,ต่ำกว่า 18,1,B04,บางนา,2025-06-01,476,083-xxx-7127,False,2025-06-02,True,ซื้อแล้ว
C00998,ศิริ,หญิง,25-34,3,B01,สยาม,2026-01-16,247,082-xxx-7312,False,2026-02-19,True,ซื้อแล้ว
C00999,รัตนา,หญิง,25-34,3,B02,สีลม,2026-05-24,119,089-xxx-6516,False,,False,ไม่เคยซื้อ
C01000,รัตนา,หญิง,ต่ำกว่า 18,1,B02,สีลม,2025-06-16,461,086-xxx-5097,False,2025-07-07,True,ซื้อแล้ว
C01001,ชนา,ชาย,45-54,5,B05,มหาวิทยาลัย,2026-03-09,195,085-xxx-2502,False,2026-04-27,True,ซื้อแล้ว
C01002,ภูมิ,หญิง,25-34,3,B04,บางนา,2026-04-20,153,085-xxx-8057,False,2026-04-25,True,ซื้อแล้ว
C01003,เกศ,ชาย,55+,6,B01,สยาม,2026-05-04,139,087-xxx-2227,False,2026-06-02,True,ซื้อแล้ว
C01004,สุดา,ชาย,ต่ำกว่า 18,1,B03,อารีย์,2026-04-14,159,081-xxx-7111,False,2026-07-20,True,ซื้อแล้ว
C01005,นภัส,ชาย,35-44,4,B01,สยาม,2025-12-22,272,087-xxx-8936,False,2026-01-28,True,ซื้อแล้ว
C01006,ธนา,หญิง,55+,6,B05,มหาวิทยาลัย,2026-03-11,193,083-xxx-8303,False,,False,ไม่เคยซื้อ
C01007,มานพ,ไม่ระบุ,25-34,3,B02,สีลม,2025-05-09,499,084-xxx-5403,False,2025-05-23,True,ซื้อแล้ว
C01008,ปิยะ,หญิง,25-34,3,B05,มหาวิทยาลัย,2025-06-24,453,084-xxx-9459,False,2025-07-28,True,ซื้อแล้ว
C01009,จิรา,ชาย,25-34,3,B03,อารีย์,2026-07-07,75,084-xxx-4586,False,,False,ไม่เคยซื้อ
C01010,ชนา,หญิง,18-24,2,B04,บางนา,2026-08-12,39,088-xxx-6832,False,,False,ไม่เคยซื้อ
C01011,สุดา,ชาย,35-44,4,B05,มหาวิทยาลัย,2025-07-18,429,088-xxx-3960,False,2025-12-23,True,ซื้อแล้ว
C01012,มานพ,หญิง,35-44,4,B02,สีลม,2026-09-02,18,089-xxx-6551,False,,False,สมาชิกใหม่ ยังไม่ซื้อ
C01013,ศิริ,หญิง,45-54,5,B01,สยาม,2025-07-25,422,088-xxx-9407,False,2025-09-06,True,ซื้อแล้ว
C01014,กมล,ชาย,35-44,4,B01,สยาม,2026-03-15,189,084-xxx-7568,False,2026-03-17,True,ซื้อแล้ว
C01015,ศิริ,หญิง,18-24,2,B05,มหาวิทยาลัย,2025-11-19,305,086-xxx-6439,False,2025-12-01,True,ซื้อแล้ว
C01016,อัญชลี,หญิง,18-24,2,B01,สยาม,2025-10-13,342,081-xxx-4099,False,2025-11-09,True,ซื้อแล้ว
C01017,วรรณ,ชาย,25-34,3,B01,สยาม,2026-06-29,83,083-xxx-3341,False,,False,ไม่เคยซื้อ
C01018,สุดา,หญิง,35-44,4,B01,สยาม,2026-04-17,156,085-xxx-9197,False,,False,ไม่เคยซื้อ
C01019,จิรา,ชาย,18-24,2,B05,มหาวิทยาลัย,2025-09-06,379,087-xxx-3220,False,2025-11-30,True,ซื้อแล้ว
C01020,นภัส,ชาย,35-44,4,B02,สีลม,2025-09-23,362,086-xxx-4935,False,2025-12-06,True,ซื้อแล้ว
C01021,ภัทร,หญิง,25-34,3,B01,สยาม,2026-04-14,159,082-xxx-1711,False,2026-04-14,True,ซื้อแล้ว
C01022,รัตนา,ชาย,25-34,3,B01,สยาม,2026-03-16,188,086-xxx-3036,False,2026-03-22,True,ซื้อแล้ว
C01023,วีระ,หญิง,25-34,3,B05,มหาวิทยาลัย,2026-05-15,128,088-xxx-4657,False,2026-05-20,True,ซื้อแล้ว
C01024,ณัฐ,หญิง,45-54,5,B04,บางนา,2025-11-11,313,084-xxx-6201,True,2025-12-21,True,ซื้อแล้ว
C01025,ทิพย์,หญิง,55+,6,B02,สีลม,2025-11-08,316,086-xxx-5396,False,2025-11-24,True,ซื้อแล้ว
C01026,สมชาย,หญิง,18-24,2,B01,สยาม,2026-03-07,197,084-xxx-8170,False,2026-03-13,True,ซื้อแล้ว
C01027,อัญชลี,ชาย,45-54,5,B01,สยาม,2025-07-24,423,086-xxx-3462,False,2025-08-21,True,ซื้อแล้ว
C01028,กิตติ,หญิง,55+,6,B02,สีลม,2026-07-25,57,086-xxx-9455,False,,False,ไม่เคยซื้อ
C01029,ชนา,ไม่ระบุ,18-24,2,B05,มหาวิทยาลัย,2025-12-27,267,082-xxx-6984,False,,False,ไม่เคยซื้อ
C01030,สมชาย,ชาย,18-24,2,B01,สยาม,2025-08-15,401,084-xxx-1715,False,2025-09-10,True,ซื้อแล้ว
C01031,พิม,หญิง,18-24,2,B02,สีลม,2026-02-05,227,084-xxx-5616,False,2026-03-02,True,ซื้อแล้ว
C01032,จิรา,ชาย,25-34,3,B03,อารีย์,2026-04-18,155,084-xxx-4294,False,2026-05-17,True,ซื้อแล้ว
C01033,จิรา,หญิง,25-34,3,B03,อารีย์,2026-02-26,206,087-xxx-6506,False,2026-04-26,True,ซื้อแล้ว
C01034,สุดา,ชาย,25-34,3,B02,สีลม,2025-09-14,371,088-xxx-6210,False,2025-10-04,True,ซื้อแล้ว
C01035,อัญชลี,ชาย,18-24,2,B03,อารีย์,2026-04-16,157,087-xxx-8710,False,2026-05-14,True,ซื้อแล้ว
C01036,ปิยะ,ชาย,18-24,2,B05,มหาวิทยาลัย,2026-07-24,58,082-xxx-3205,False,2026-08-02,True,ซื้อแล้ว
C01037,ปิยะ,หญิง,ต่ำกว่า 18,1,B04,บางนา,2025-04-03,535,088-xxx-5927,False,2025-04-24,True,ซื้อแล้ว
C01038,กมล,หญิง,35-44,4,B04,บางนา,2026-08-19,32,084-xxx-4938,False,,False,ไม่เคยซื้อ
C01039,ชนา,ชาย,25-34,3,B05,มหาวิทยาลัย,2026-09-08,12,081-xxx-4932,False,,False,สมาชิกใหม่ ยังไม่ซื้อ
C01040,ภูมิ,หญิง,18-24,2,B01,สยาม,2025-09-21,364,084-xxx-2696,False,2025-10-11,True,ซื้อแล้ว
C01041,ณัฐ,ชาย,25-34,3,B01,สยาม,2026-01-03,260,088-xxx-7262,False,2026-01-04,True,ซื้อแล้ว
C01042,พิม,ชาย,18-24,2,B01,สยาม,2026-04-25,148,084-xxx-1581,False,2026-04-26,True,ซื้อแล้ว
C01043,วีระ,ชาย,35-44,4,B01,สยาม,2025-11-02,322,085-xxx-8476,False,2025-12-01,True,ซื้อแล้ว
C01044,ณัฐ,ชาย,25-34,3,B04,บางนา,2025-08-07,409,085-xxx-9295,False,2025-08-19,True,ซื้อแล้ว
C01045,พิม,ชาย,25-34,3,B05,มหาวิทยาลัย,2026-06-20,92,088-xxx-6494,False,2026-09-09,True,ซื้อแล้ว
C01046,ปิยะ,หญิง,25-34,3,B02,สีลม,2025-12-24,270,088-xxx-3741,False,2026-02-02,True,ซื้อแล้ว
C01047,จิรา,ชาย,35-44,4,B05,มหาวิทยาลัย,2025-08-24,392,081-xxx-7745,False,2025-09-12,True,ซื้อแล้ว
C01048,วีระ,หญิง,45-54,5,B05,มหาวิทยาลัย,2026-03-20,184,087-xxx-6969,False,2026-04-29,True,ซื้อแล้ว
C01049,กมล,ชาย,25-34,3,B01,สยาม,2025-07-05,442,085-xxx-1808,False,2025-07-13,True,ซื้อแล้ว
C01050,นภัส,ชาย,35-44,4,B01,สยาม,2026-04-20,153,089-xxx-5410,False,2026-06-18,True,ซื้อแล้ว
C01051,รัตนา,หญิง,25-34,3,B01,สยาม,2025-10-22,333,085-xxx-6202,False,2025-10-24,True,ซื้อแล้ว
C01052,วีระ,หญิง,18-24,2,B05,มหาวิทยาลัย,2026-08-12,39,084-xxx-7089,False,,False,ไม่เคยซื้อ
C01053,จิรา,ชาย,18-24,2,B02,สีลม,2025-08-29,387,087-xxx-3239,False,2025-11-07,True,ซื้อแล้ว
C01054,ภัทร,ชาย,35-44,4,B02,สีลม,2025-12-24,270,088-xxx-2913,False,2026-01-29,True,ซื้อแล้ว
C01055,มานพ,หญิง,45-54,5,B01,สยาม,2026-04-24,149,086-xxx-4423,False,2026-05-16,True,ซื้อแล้ว
C01056,อัญชลี,หญิง,25-34,3,B02,สีลม,2025-11-21,303,081-xxx-3399,False,2025-12-19,True,ซื้อแล้ว
C01057,ธนา,ชาย,25-34,3,B02,สีลม,2025-10-23,332,085-xxx-9036,False,2026-01-07,True,ซื้อแล้ว
C01058,ศิริ,ชาย,25-34,3,B01,สยาม,2026-03-12,192,085-xxx-2288,False,2026-03-28,True,ซื้อแล้ว
C01059,กิตติ,หญิง,18-24,2,B03,อารีย์,2026-06-06,106,087-xxx-3455,False,2026-06-11,True,ซื้อแล้ว
C01060,ศิริ,หญิง,45-54,5,B04,บางนา,2025-11-16,308,084-xxx-1137,False,2025-11-16,True,ซื้อแล้ว
C01061,ธนา,ชาย,25-34,3,B05,มหาวิทยาลัย,2026-04-03,170,086-xxx-8801,False,2026-04-08,True,ซื้อแล้ว
C01062,กมล,ชาย,35-44,4,B01,สยาม,2026-08-09,42,084-xxx-5948,False,2026-08-28,True,ซื้อแล้ว
C01063,นภัส,ชาย,25-34,3,B02,สีลม,2025-11-25,299,085-xxx-1678,False,2026-02-10,True,ซื้อแล้ว
C01064,พิม,ชาย,25-34,3,B02,สีลม,2026-06-03,109,081-xxx-4592,False,2026-06-06,True,ซื้อแล้ว
C01065,ปวีณ,ชาย,35-44,4,B05,มหาวิทยาลัย,2025-09-04,381,089-xxx-3453,False,2025-09-06,True,ซื้อแล้ว
C01066,อัญชลี,ชาย,55+,6,B01,สยาม,2025-12-03,291,085-xxx-3945,False,2025-12-18,True,ซื้อแล้ว
C01067,ชนา,หญิง,35-44,4,B02,สีลม,2026-05-29,114,083-xxx-3545,False,2026-07-30,True,ซื้อแล้ว
C01068,ธนา,หญิง,35-44,4,B03,อารีย์,2026-05-09,134,089-xxx-4386,False,2026-05-18,True,ซื้อแล้ว
C01069,ณัฐ,หญิง,35-44,4,B01,สยาม,2025-06-14,463,085-xxx-2747,False,2025-06-17,True,ซื้อแล้ว
C01070,เกศ,ชาย,25-34,3,B05,มหาวิทยาลัย,2025-07-05,442,083-xxx-7821,False,2025-07-11,True,ซื้อแล้ว
C01071,พิม,หญิง,45-54,5,B02,สีลม,2025-04-06,532,081-xxx-5860,False,2025-04-23,True,ซื้อแล้ว
C01072,ภัทร,ชาย,18-24,2,B03,อารีย์,2026-05-14,129,084-xxx-9961,False,2026-05-14,True,ซื้อแล้ว
C01073,ปิยะ,หญิง,25-34,3,B02,สีลม,2025-04-05,533,081-xxx-2339,False,2025-04-22,True,ซื้อแล้ว
C01074,กมล,ชาย,45-54,5,B01,สยาม,2026-08-07,44,085-xxx-1115,False,2026-08-27,True,ซื้อแล้ว
C01075,เกศ,หญิง,18-24,2,B04,บางนา,2026-08-30,21,086-xxx-7207,False,,False,สมาชิกใหม่ ยังไม่ซื้อ
C01076,กิตติ,หญิง,18-24,2,B04,บางนา,2026-05-16,127,084-xxx-1100,False,2026-07-31,True,ซื้อแล้ว
C01077,ทิพย์,หญิง,25-34,3,B05,มหาวิทยาลัย,2025-05-30,478,086-xxx-3881,False,2025-06-15,True,ซื้อแล้ว
C01078,ศิริ,หญิง,45-54,5,B02,สีลม,2026-01-29,234,087-xxx-3184,False,2026-02-01,True,ซื้อแล้ว
C01079,ภูมิ,หญิง,25-34,3,B04,บางนา,2026-07-16,66,089-xxx-4119,False,,False,ไม่เคยซื้อ
C01080,มานพ,หญิง,25-34,3,B04,บางนา,2026-08-15,36,088-xxx-8605,False,2026-08-19,True,ซื้อแล้ว
C01081,วรรณ,ไม่ระบุ,18-24,2,B04,บางนา,2025-09-07,378,085-xxx-4306,False,2025-09-12,True,ซื้อแล้ว
C01082,กิตติ,หญิง,55+,6,B05,มหาวิทยาลัย,2026-02-27,205,085-xxx-2795,False,2026-03-03,True,ซื้อแล้ว
C01083,ทิพย์,หญิง,35-44,4,B01,สยาม,2025-09-22,363,083-xxx-3582,False,2025-10-16,True,ซื้อแล้ว
C01084,จิรา,หญิง,25-34,3,B04,บางนา,2026-06-01,111,087-xxx-2812,False,2026-06-25,True,ซื้อแล้ว
C01085,ทิพย์,หญิง,35-44,4,B01,สยาม,2026-01-12,251,088-xxx-1299,False,2026-05-08,True,ซื้อแล้ว
C01086,วรรณ,ชาย,25-34,3,B03,อารีย์,2026-08-22,29,088-xxx-3511,False,2026-09-08,True,ซื้อแล้ว
C01087,นภัส,หญิง,35-44,4,B01,สยาม,2025-12-25,269,083-xxx-1831,False,2026-01-29,True,ซื้อแล้ว
C01088,วรรณ,หญิง,25-34,3,B02,สีลม,2025-07-21,426,088-xxx-8097,False,2025-08-14,True,ซื้อแล้ว
C01089,ปิยะ,หญิง,45-54,5,B03,อารีย์,2026-04-06,167,082-xxx-7394,False,2026-04-14,True,ซื้อแล้ว
C01090,กิตติ,ชาย,18-24,2,B02,สีลม,2026-05-07,136,082-xxx-5261,False,2026-05-22,True,ซื้อแล้ว
C01091,ธีร,ชาย,18-24,2,B01,สยาม,2025-04-29,509,086-xxx-5373,False,2025-05-02,True,ซื้อแล้ว
C01092,ณัฐ,หญิง,45-54,5,B02,สีลม,2026-02-16,216,088-xxx-3898,False,,False,ไม่เคยซื้อ
C01093,มานพ,หญิง,25-34,3,B05,มหาวิทยาลัย,2026-02-18,214,082-xxx-5095,False,2026-08-04,True,ซื้อแล้ว
C01094,วรรณ,หญิง,18-24,2,B01,สยาม,2026-07-21,61,085-xxx-9358,False,,False,ไม่เคยซื้อ
C01095,ภัทร,หญิง,18-24,2,B04,บางนา,2025-11-13,311,088-xxx-1789,False,2025-11-20,True,ซื้อแล้ว
C01096,ปวีณ,หญิง,35-44,4,B02,สีลม,2026-07-12,70,086-xxx-3519,False,2026-07-30,True,ซื้อแล้ว
C01097,จิรา,ชาย,45-54,5,B01,สยาม,2026-04-06,167,087-xxx-2049,False,2026-04-16,True,ซื้อแล้ว
C01098,อรุณ,หญิง,35-44,4,B03,อารีย์,2026-08-12,39,089-xxx-2347,False,,False,ไม่เคยซื้อ
C01099,กมล,ชาย,35-44,4,B01,สยาม,2025-10-27,328,082-xxx-1334,False,2025-11-01,True,ซื้อแล้ว
C01100,วีระ,หญิง,45-54,5,B05,มหาวิทยาลัย,2025-04-02,536,088-xxx-2729,False,2025-04-25,True,ซื้อแล้ว
C01101,มานพ,หญิง,ต่ำกว่า 18,1,B01,สยาม,2025-04-15,523,089-xxx-9463,False,2025-04-17,True,ซื้อแล้ว
C01102,วีระ,ชาย,25-34,3,B03,อารีย์,2025-12-23,271,088-xxx-6031,False,2026-01-16,True,ซื้อแล้ว
C01103,นภัส,หญิง,35-44,4,B02,สีลม,2026-05-22,121,089-xxx-6416,False,2026-07-29,True,ซื้อแล้ว
C01104,มานพ,ชาย,45-54,5,B04,บางนา,2026-05-09,134,082-xxx-4528,False,2026-05-21,True,ซื้อแล้ว
C01105,ปิยะ,ชาย,35-44,4,B01,สยาม,2026-08-02,49,082-xxx-8466,False,2026-08-12,True,ซื้อแล้ว
C01106,ธนา,ชาย,25-34,3,B05,มหาวิทยาลัย,2025-05-16,492,081-xxx-9603,False,,False,ไม่เคยซื้อ
C01107,มานพ,หญิง,35-44,4,B01,สยาม,2026-07-05,77,086-xxx-9658,False,,False,ไม่เคยซื้อ
C01108,อรุณ,หญิง,35-44,4,B04,บางนา,2026-06-14,98,082-xxx-3076,False,2026-06-17,True,ซื้อแล้ว
C01109,นภัส,ชาย,18-24,2,B02,สีลม,2026-07-02,80,085-xxx-9038,False,,False,ไม่เคยซื้อ
C01110,เกศ,หญิง,18-24,2,B03,อารีย์,2025-11-06,318,085-xxx-2012,False,2025-11-30,True,ซื้อแล้ว
C01111,ณัฐ,ชาย,25-34,3,B05,มหาวิทยาลัย,2026-06-22,90,088-xxx-6032,False,,False,ไม่เคยซื้อ
C01112,ปิยะ,ชาย,45-54,5,B01,สยาม,2025-12-14,280,089-xxx-9849,False,2025-12-20,True,ซื้อแล้ว
C01113,จิรา,หญิง,25-34,3,B01,สยาม,2026-07-04,78,082-xxx-2920,False,2026-07-17,True,ซื้อแล้ว
C01114,ศิริ,ชาย,25-34,3,B05,มหาวิทยาลัย,2026-06-04,108,081-xxx-1206,False,2026-06-12,True,ซื้อแล้ว
C01115,ภูมิ,ชาย,25-34,3,B01,สยาม,2026-07-04,78,084-xxx-1800,True,2026-09-16,True,ซื้อแล้ว
C01116,วรรณ,หญิง,35-44,4,B04,บางนา,2026-07-11,71,086-xxx-6274,True,2026-08-11,True,ซื้อแล้ว
C01117,ปิยะ,หญิง,18-24,2,B03,อารีย์,2026-01-13,250,088-xxx-8616,False,2026-01-19,True,ซื้อแล้ว
C01118,กิตติ,หญิง,18-24,2,B04,บางนา,2025-10-28,327,085-xxx-9132,False,2025-11-09,True,ซื้อแล้ว
C01119,ชนา,หญิง,45-54,5,B01,สยาม,2026-07-25,57,082-xxx-2386,False,,False,ไม่เคยซื้อ
C01120,ธีร,ชาย,18-24,2,B05,มหาวิทยาลัย,2026-09-07,13,089-xxx-6354,False,,False,สมาชิกใหม่ ยังไม่ซื้อ
C01121,เกศ,ชาย,55+,6,B05,มหาวิทยาลัย,2025-12-07,287,081-xxx-8731,False,2025-12-08,True,ซื้อแล้ว
C01122,วีระ,หญิง,18-24,2,B02,สีลม,2026-02-14,218,081-xxx-4267,False,2026-02-24,True,ซื้อแล้ว
C01123,ธนา,ชาย,18-24,2,B01,สยาม,2025-11-17,307,084-xxx-5089,False,2026-03-30,True,ซื้อแล้ว
C01124,สุดา,หญิง,25-34,3,B01,สยาม,2026-08-09,42,084-xxx-4348,False,,False,ไม่เคยซื้อ
C01125,ภัทร,หญิง,18-24,2,B01,สยาม,2025-11-18,306,081-xxx-1348,False,2026-01-19,True,ซื้อแล้ว
C01126,ปิยะ,หญิง,35-44,4,B01,สยาม,2025-10-16,339,084-xxx-2828,False,2025-10-22,True,ซื้อแล้ว
C01127,ปวีณ,หญิง,35-44,4,B05,มหาวิทยาลัย,2025-09-15,370,087-xxx-5677,False,2025-09-15,True,ซื้อแล้ว
C01128,ปิยะ,ชาย,18-24,2,B04,บางนา,2025-10-30,325,081-xxx-9198,False,,False,ไม่เคยซื้อ
C01129,กมล,ชาย,18-24,2,B03,อารีย์,2026-08-10,41,089-xxx-3014,False,2026-09-07,True,ซื้อแล้ว
C01130,วีระ,หญิง,35-44,4,B02,สีลม,2025-09-07,378,085-xxx-5566,False,2025-09-09,True,ซื้อแล้ว
C01131,สุดา,ชาย,45-54,5,B01,สยาม,2026-08-21,30,082-xxx-7355,False,2026-09-08,True,ซื้อแล้ว
C01132,อรุณ,ชาย,25-34,3,B04,บางนา,2026-04-03,170,084-xxx-3213,False,2026-04-24,True,ซื้อแล้ว
C01133,วีระ,ชาย,35-44,4,B02,สีลม,2025-12-18,276,086-xxx-7009,False,2025-12-30,True,ซื้อแล้ว
C01134,พิม,ชาย,25-34,3,B02,สีลม,2025-05-18,490,085-xxx-3808,False,2025-05-26,True,ซื้อแล้ว
C01135,อัญชลี,ไม่ระบุ,18-24,2,B02,สีลม,2026-04-10,163,081-xxx-7457,False,2026-05-03,True,ซื้อแล้ว
C01136,ปวีณ,หญิง,ต่ำกว่า 18,1,B04,บางนา,2025-11-10,314,083-xxx-2114,False,2025-11-10,True,ซื้อแล้ว
C01137,จิรา,ชาย,35-44,4,B02,สีลม,2025-10-03,352,087-xxx-7109,False,2025-10-30,True,ซื้อแล้ว
C01138,นภัส,ชาย,45-54,5,B02,สีลม,2026-06-23,89,089-xxx-2544,False,2026-07-04,True,ซื้อแล้ว
C01139,กมล,หญิง,25-34,3,B02,สีลม,2025-10-01,354,082-xxx-8596,False,2025-10-29,True,ซื้อแล้ว
C01140,กมล,หญิง,25-34,3,B01,สยาม,2025-08-28,388,085-xxx-7318,False,2025-08-31,True,ซื้อแล้ว
C01141,ธีร,หญิง,25-34,3,B05,มหาวิทยาลัย,2025-12-31,263,081-xxx-7445,False,2026-01-16,True,ซื้อแล้ว
C01142,นภัส,ชาย,18-24,2,B04,บางนา,2025-11-06,318,088-xxx-3396,False,2025-11-10,True,ซื้อแล้ว
C01143,ธนา,ชาย,25-34,3,B05,มหาวิทยาลัย,2026-01-08,255,087-xxx-9881,False,2026-01-22,True,ซื้อแล้ว
C01144,วรรณ,หญิง,25-34,3,B01,สยาม,2025-11-03,321,084-xxx-1229,False,2025-11-06,True,ซื้อแล้ว
C01145,อรุณ,ชาย,18-24,2,B03,อารีย์,2025-11-24,300,083-xxx-1227,False,2025-11-24,True,ซื้อแล้ว
C01146,ณัฐ,ชาย,25-34,3,B01,สยาม,2025-06-03,474,082-xxx-4689,False,,False,ไม่เคยซื้อ
C01147,ชนา,หญิง,25-34,3,B01,สยาม,2026-05-25,118,084-xxx-2494,False,2026-07-06,True,ซื้อแล้ว
C01148,ปวีณ,หญิง,ต่ำกว่า 18,1,B01,สยาม,2025-08-06,410,084-xxx-1848,False,2025-10-04,True,ซื้อแล้ว
C01149,ปิยะ,หญิง,55+,6,B02,สีลม,2025-06-18,459,088-xxx-2128,False,2025-07-18,True,ซื้อแล้ว
C01150,ชนา,ชาย,25-34,3,B05,มหาวิทยาลัย,2026-09-03,17,085-xxx-3266,False,2026-09-08,True,ซื้อแล้ว
C01151,สุดา,หญิง,25-34,3,B04,บางนา,2025-05-25,483,088-xxx-1819,False,2025-06-01,True,ซื้อแล้ว
C01152,พิม,ชาย,25-34,3,B02,สีลม,2025-10-11,344,083-xxx-7583,True,2025-10-14,True,ซื้อแล้ว
C01153,ชนา,ชาย,18-24,2,B03,อารีย์,2026-05-01,142,086-xxx-7053,False,2026-05-09,True,ซื้อแล้ว
C01154,ปวีณ,ไม่ระบุ,25-34,3,B05,มหาวิทยาลัย,2025-07-01,446,082-xxx-7591,False,2025-07-31,True,ซื้อแล้ว
C01155,ณัฐ,ชาย,25-34,3,B01,สยาม,2026-06-12,100,085-xxx-3877,False,2026-07-12,True,ซื้อแล้ว
C01156,อรุณ,หญิง,25-34,3,B02,สีลม,2025-06-30,447,089-xxx-8367,False,2025-07-31,True,ซื้อแล้ว
C01157,ทิพย์,หญิง,25-34,3,B05,มหาวิทยาลัย,2026-05-27,116,086-xxx-9750,False,2026-08-16,True,ซื้อแล้ว
C01158,รัตนา,ชาย,25-34,3,B02,สีลม,2026-03-04,200,089-xxx-2372,False,,False,ไม่เคยซื้อ
C01159,ทิพย์,หญิง,25-34,3,B02,สีลม,2025-09-08,377,088-xxx-5230,False,2025-09-16,True,ซื้อแล้ว
C01160,อัญชลี,หญิง,45-54,5,B01,สยาม,2025-11-13,311,086-xxx-8550,False,,False,ไม่เคยซื้อ
C01161,กมล,หญิง,25-34,3,B03,อารีย์,2026-01-16,247,081-xxx-5586,False,2026-01-24,True,ซื้อแล้ว
C01162,จิรา,หญิง,35-44,4,B04,บางนา,2025-04-18,520,086-xxx-5255,False,2025-05-02,True,ซื้อแล้ว
C01163,อัญชลี,หญิง,25-34,3,B01,สยาม,2025-04-08,530,087-xxx-1476,True,2025-04-21,True,ซื้อแล้ว
C01164,สมชาย,หญิง,25-34,3,B01,สยาม,2026-03-24,180,081-xxx-9683,False,,False,ไม่เคยซื้อ
C01165,ณัฐ,หญิง,35-44,4,B05,มหาวิทยาลัย,2026-04-16,157,083-xxx-8123,False,2026-04-22,True,ซื้อแล้ว
C01166,สุดา,ชาย,25-34,3,B04,บางนา,2026-02-27,205,082-xxx-8531,False,2026-04-01,True,ซื้อแล้ว
C01167,ทิพย์,หญิง,45-54,5,B01,สยาม,2026-08-05,46,087-xxx-7685,True,2026-09-12,True,ซื้อแล้ว
C01168,จิรา,ชาย,35-44,4,B05,มหาวิทยาลัย,2026-08-04,47,083-xxx-4290,False,,False,ไม่เคยซื้อ
C01169,ปิยะ,หญิง,45-54,5,B02,สีลม,2026-04-09,164,086-xxx-1647,False,2026-04-27,True,ซื้อแล้ว
C01170,รัตนา,ชาย,35-44,4,B02,สีลม,2025-09-22,363,084-xxx-7358,False,2025-10-02,True,ซื้อแล้ว
C01171,ณัฐ,หญิง,35-44,4,B04,บางนา,2025-04-07,531,082-xxx-9099,False,2025-04-07,True,ซื้อแล้ว
C01172,อรุณ,ชาย,25-34,3,B05,มหาวิทยาลัย,2026-03-31,173,081-xxx-1384,False,2026-04-29,True,ซื้อแล้ว
C01173,รัตนา,ชาย,35-44,4,B03,อารีย์,2026-04-29,144,088-xxx-3158,False,2026-05-31,True,ซื้อแล้ว
C01174,รัตนา,หญิง,45-54,5,B04,บางนา,2025-04-26,512,083-xxx-6068,False,2025-04-27,True,ซื้อแล้ว
C01175,มานพ,ชาย,25-34,3,B03,อารีย์,2026-03-09,195,086-xxx-8655,False,2026-03-20,True,ซื้อแล้ว
C01176,ณัฐ,หญิง,18-24,2,B03,อารีย์,2026-04-25,148,086-xxx-9297,False,2026-05-14,True,ซื้อแล้ว
C01177,ภูมิ,ชาย,ต่ำกว่า 18,1,B05,มหาวิทยาลัย,2025-10-02,353,084-xxx-9636,False,2025-10-30,True,ซื้อแล้ว
C01178,พิม,หญิง,18-24,2,B01,สยาม,2026-06-24,88,085-xxx-5898,False,,False,ไม่เคยซื้อ
C01179,ปวีณ,หญิง,25-34,3,B05,มหาวิทยาลัย,2025-07-18,429,081-xxx-1817,False,2025-08-20,True,ซื้อแล้ว
C01180,รัตนา,หญิง,18-24,2,B02,สีลม,2025-06-08,469,089-xxx-5194,False,2025-06-09,True,ซื้อแล้ว
C01181,พิม,หญิง,18-24,2,B05,มหาวิทยาลัย,2025-10-31,324,082-xxx-1848,False,2026-03-02,True,ซื้อแล้ว
C01182,ชนา,ชาย,25-34,3,B05,มหาวิทยาลัย,2026-08-30,21,083-xxx-8811,False,,False,สมาชิกใหม่ ยังไม่ซื้อ
C01183,อรุณ,หญิง,18-24,2,B04,บางนา,2025-04-12,526,089-xxx-1015,False,2025-04-23,True,ซื้อแล้ว
C01184,ธนา,หญิง,25-34,3,B01,สยาม,2025-12-26,268,087-xxx-3227,False,2026-04-15,True,ซื้อแล้ว
C01185,ภูมิ,ชาย,45-54,5,B05,มหาวิทยาลัย,2025-08-11,405,081-xxx-9671,False,2025-08-27,True,ซื้อแล้ว
C01186,ภัทร,หญิง,18-24,2,B03,อารีย์,2025-12-10,284,085-xxx-4981,False,2025-12-14,True,ซื้อแล้ว
C01187,รัตนา,ไม่ระบุ,ต่ำกว่า 18,1,B01,สยาม,2026-01-25,238,081-xxx-6898,False,,False,ไม่เคยซื้อ
C01188,ณัฐ,ชาย,35-44,4,B01,สยาม,2026-01-20,243,081-xxx-2195,False,2026-03-02,True,ซื้อแล้ว
C01189,มานพ,ชาย,ต่ำกว่า 18,1,B05,มหาวิทยาลัย,2025-11-18,306,088-xxx-6619,False,2026-01-12,True,ซื้อแล้ว
C01190,ชนา,หญิง,35-44,4,B05,มหาวิทยาลัย,2025-08-01,415,083-xxx-5549,True,2025-09-11,True,ซื้อแล้ว
C01191,พิม,หญิง,25-34,3,B01,สยาม,2025-09-19,366,088-xxx-8914,False,2026-01-11,True,ซื้อแล้ว
C01192,ทิพย์,หญิง,18-24,2,B05,มหาวิทยาลัย,2026-04-05,168,083-xxx-2559,False,2026-05-05,True,ซื้อแล้ว
C01193,เกศ,ชาย,35-44,4,B01,สยาม,2026-04-06,167,089-xxx-6355,False,2026-04-07,True,ซื้อแล้ว
C01194,อัญชลี,หญิง,35-44,4,B05,มหาวิทยาลัย,2025-08-05,411,087-xxx-8620,False,2025-09-17,True,ซื้อแล้ว
C01195,ปวีณ,หญิง,25-34,3,B02,สีลม,2026-02-04,228,085-xxx-3654,False,2026-02-26,True,ซื้อแล้ว
C01196,อัญชลี,ชาย,55+,6,B05,มหาวิทยาลัย,2026-08-26,25,088-xxx-1122,False,2026-09-02,True,ซื้อแล้ว
C01197,รัตนา,หญิง,18-24,2,B01,สยาม,2025-04-28,510,082-xxx-5654,False,2025-05-17,True,ซื้อแล้ว
C01198,ปิยะ,หญิง,35-44,4,B05,มหาวิทยาลัย,2026-05-18,125,082-xxx-2821,False,2026-06-09,True,ซื้อแล้ว
C01199,วีระ,หญิง,35-44,4,B04,บางนา,2026-05-11,132,089-xxx-6758,False,,False,ไม่เคยซื้อ
C01200,อัญชลี,หญิง,18-24,2,B02,สีลม,2026-07-01,81,088-xxx-4549,False,2026-08-18,True,ซื้อแล้ว
C01201,วรรณ,หญิง,35-44,4,B03,อารีย์,2026-02-12,220,086-xxx-9393,False,2026-02-28,True,ซื้อแล้ว
C01202,มานพ,หญิง,25-34,3,B05,มหาวิทยาลัย,2026-01-22,241,087-xxx-2778,False,2026-02-26,True,ซื้อแล้ว
C01203,ณัฐ,ไม่ระบุ,18-24,2,B02,สีลม,2025-10-20,335,089-xxx-3765,False,2025-10-24,True,ซื้อแล้ว
C01204,อัญชลี,ชาย,45-54,5,B05,มหาวิทยาลัย,2026-08-01,50,083-xxx-5422,False,2026-08-05,True,ซื้อแล้ว
C01205,สุดา,หญิง,25-34,3,B04,บางนา,2025-05-11,497,083-xxx-9822,False,2025-05-29,True,ซื้อแล้ว
C01206,วรรณ,ชาย,25-34,3,B01,สยาม,2025-06-10,467,081-xxx-3636,False,2025-07-23,True,ซื้อแล้ว
C01207,อัญชลี,หญิง,35-44,4,B03,อารีย์,2025-12-23,271,084-xxx-4804,False,2026-01-24,True,ซื้อแล้ว
C01208,นภัส,ชาย,25-34,3,B04,บางนา,2025-07-29,418,087-xxx-8881,False,2025-08-20,True,ซื้อแล้ว
C01209,จิรา,หญิง,35-44,4,B03,อารีย์,2025-11-27,297,088-xxx-6993,False,2025-12-12,True,ซื้อแล้ว
C01210,พิม,ชาย,45-54,5,B05,มหาวิทยาลัย,2025-08-26,390,089-xxx-6835,False,2025-09-29,True,ซื้อแล้ว
C01211,วรรณ,ชาย,45-54,5,B02,สีลม,2025-11-14,310,089-xxx-1651,False,,False,ไม่เคยซื้อ
C01212,ณัฐ,ไม่ระบุ,18-24,2,B04,บางนา,2026-04-02,171,083-xxx-7516,False,2026-05-04,True,ซื้อแล้ว
C01213,ธนา,หญิง,25-34,3,B05,มหาวิทยาลัย,2026-01-29,234,082-xxx-6358,True,2026-01-31,True,ซื้อแล้ว
C01214,ธีร,หญิง,25-34,3,B01,สยาม,2025-07-30,417,089-xxx-3237,False,2025-08-17,True,ซื้อแล้ว
C01215,นภัส,หญิง,25-34,3,B01,สยาม,2026-01-30,233,085-xxx-3565,False,2026-02-12,True,ซื้อแล้ว
C01216,อัญชลี,หญิง,18-24,2,B03,อารีย์,2026-03-07,197,087-xxx-3803,False,2026-03-08,True,ซื้อแล้ว
C01217,พิม,หญิง,18-24,2,B05,มหาวิทยาลัย,2026-08-09,42,081-xxx-3633,False,2026-08-10,True,ซื้อแล้ว
C01218,จิรา,หญิง,35-44,4,B01,สยาม,2026-03-04,200,086-xxx-2451,False,2026-03-22,True,ซื้อแล้ว
C01219,สมชาย,ชาย,35-44,4,B05,มหาวิทยาลัย,2025-10-21,334,086-xxx-4831,False,2025-11-20,True,ซื้อแล้ว
C01220,ภัทร,หญิง,18-24,2,B04,บางนา,2025-05-21,487,084-xxx-5956,False,2025-05-21,True,ซื้อแล้ว
C01221,ปวีณ,หญิง,35-44,4,B04,บางนา,2026-01-15,248,082-xxx-7013,False,2026-01-24,True,ซื้อแล้ว
C01222,ปวีณ,ชาย,25-34,3,B05,มหาวิทยาลัย,2025-09-15,370,081-xxx-4280,False,2025-10-28,True,ซื้อแล้ว
C01223,วรรณ,ชาย,45-54,5,B05,มหาวิทยาลัย,2026-06-21,91,088-xxx-4004,False,,False,ไม่เคยซื้อ
C01224,ปวีณ,หญิง,25-34,3,B01,สยาม,2026-02-05,227,083-xxx-9623,False,2026-03-31,True,ซื้อแล้ว
C01225,อัญชลี,หญิง,18-24,2,B05,มหาวิทยาลัย,2026-03-26,178,087-xxx-8720,False,2026-07-03,True,ซื้อแล้ว
C01226,อรุณ,ชาย,ต่ำกว่า 18,1,B04,บางนา,2026-04-01,172,083-xxx-8877,False,2026-07-08,True,ซื้อแล้ว
C01227,ปิยะ,ชาย,18-24,2,B05,มหาวิทยาลัย,2026-03-21,183,085-xxx-2905,False,2026-03-30,True,ซื้อแล้ว
C01228,กิตติ,หญิง,ต่ำกว่า 18,1,B01,สยาม,2025-06-11,466,082-xxx-4133,False,2025-06-19,True,ซื้อแล้ว
C01229,นภัส,ชาย,25-34,3,B05,มหาวิทยาลัย,2025-08-22,394,082-xxx-4352,False,,False,ไม่เคยซื้อ
C01230,ชนา,หญิง,18-24,2,B01,สยาม,2026-04-02,171,083-xxx-4411,False,2026-04-18,True,ซื้อแล้ว
C01231,รัตนา,ชาย,25-34,3,B01,สยาม,2025-08-18,398,083-xxx-1814,False,2025-09-09,True,ซื้อแล้ว
C01232,รัตนา,ชาย,18-24,2,B05,มหาวิทยาลัย,2025-12-15,279,082-xxx-5348,False,2026-02-03,True,ซื้อแล้ว
C01233,ปวีณ,หญิง,25-34,3,B01,สยาม,2025-08-22,394,087-xxx-6253,False,2025-08-28,True,ซื้อแล้ว
C01234,จิรา,ชาย,35-44,4,B03,อารีย์,2026-07-10,72,088-xxx-5830,False,2026-09-20,True,ซื้อแล้ว
C01235,พิม,หญิง,25-34,3,B05,มหาวิทยาลัย,2025-06-17,460,088-xxx-5938,False,2025-06-25,True,ซื้อแล้ว
C01236,ธนา,หญิง,18-24,2,B02,สีลม,2026-03-06,198,087-xxx-1788,True,2026-03-06,True,ซื้อแล้ว
C01237,สุดา,หญิง,35-44,4,B02,สีลม,2025-12-24,270,088-xxx-6922,False,2026-01-02,True,ซื้อแล้ว
C01238,พิม,หญิง,35-44,4,B02,สีลม,2026-04-25,148,086-xxx-3320,False,2026-06-08,True,ซื้อแล้ว
C01239,เกศ,หญิง,25-34,3,B03,อารีย์,2026-08-26,25,083-xxx-8844,True,2026-09-06,True,ซื้อแล้ว
C01240,ศิริ,ชาย,35-44,4,B04,บางนา,2025-05-05,503,084-xxx-4005,False,2025-05-13,True,ซื้อแล้ว
C01241,วีระ,ชาย,55+,6,B01,สยาม,2026-08-11,40,085-xxx-6101,False,,False,ไม่เคยซื้อ
C01242,ปิยะ,ชาย,35-44,4,B02,สีลม,2026-03-09,195,088-xxx-4031,False,2026-03-26,True,ซื้อแล้ว
C01243,วรรณ,ชาย,35-44,4,B02,สีลม,2026-07-25,57,084-xxx-7432,False,,False,ไม่เคยซื้อ
C01244,มานพ,หญิง,55+,6,B05,มหาวิทยาลัย,2025-07-09,438,082-xxx-3367,False,2025-08-19,True,ซื้อแล้ว
C01245,ทิพย์,ชาย,25-34,3,B05,มหาวิทยาลัย,2026-08-28,23,082-xxx-9021,False,,False,สมาชิกใหม่ ยังไม่ซื้อ
C01246,ศิริ,ชาย,55+,6,B05,มหาวิทยาลัย,2026-05-10,133,082-xxx-2537,False,2026-06-29,True,ซื้อแล้ว
C01247,สมชาย,หญิง,18-24,2,B02,สีลม,2026-08-18,33,089-xxx-6851,False,,False,ไม่เคยซื้อ
C01248,กิตติ,หญิง,25-34,3,B05,มหาวิทยาลัย,2025-05-28,480,086-xxx-8815,False,,False,ไม่เคยซื้อ
C01249,ปวีณ,หญิง,25-34,3,B02,สีลม,2026-07-20,62,085-xxx-6362,False,2026-07-27,True,ซื้อแล้ว
C01250,มานพ,ชาย,25-34,3,B05,มหาวิทยาลัย,2026-03-30,174,084-xxx-9957,False,2026-04-21,True,ซื้อแล้ว
C01251,อัญชลี,ชาย,ต่ำกว่า 18,1,B02,สีลม,2025-07-12,435,087-xxx-8809,False,2025-07-27,True,ซื้อแล้ว
C01252,กมล,หญิง,55+,6,B03,อารีย์,2026-09-10,10,089-xxx-9213,False,2026-09-16,True,ซื้อแล้ว
C01253,ศิริ,ชาย,18-24,2,B01,สยาม,2025-12-09,285,081-xxx-7267,False,2026-02-07,True,ซื้อแล้ว
C01254,ธนา,ชาย,18-24,2,B01,สยาม,2025-06-03,474,088-xxx-3777,False,2025-06-25,True,ซื้อแล้ว
C01255,นภัส,หญิง,35-44,4,B04,บางนา,2025-05-01,507,083-xxx-2065,True,2025-05-17,True,ซื้อแล้ว
C01256,พิม,ชาย,45-54,5,B03,อารีย์,2025-11-06,318,084-xxx-5706,False,2025-12-02,True,ซื้อแล้ว
C01257,ทิพย์,หญิง,25-34,3,B02,สีลม,2026-05-03,140,082-xxx-6457,False,2026-05-28,True,ซื้อแล้ว
C01258,มานพ,หญิง,25-34,3,B04,บางนา,2026-04-26,147,081-xxx-2100,False,2026-07-12,True,ซื้อแล้ว
C01259,รัตนา,หญิง,35-44,4,B05,มหาวิทยาลัย,2026-09-04,16,082-xxx-9148,False,2026-09-14,True,ซื้อแล้ว
C01260,ธีร,หญิง,45-54,5,B04,บางนา,2025-06-23,454,082-xxx-7618,False,2025-06-28,True,ซื้อแล้ว
C01261,สมชาย,ไม่ระบุ,18-24,2,B01,สยาม,2025-04-09,529,087-xxx-4640,False,2025-04-12,True,ซื้อแล้ว
C01262,วีระ,ชาย,35-44,4,B03,อารีย์,2026-02-20,212,088-xxx-3372,False,2026-02-21,True,ซื้อแล้ว
C01263,กิตติ,หญิง,25-34,3,B02,สีลม,2025-07-20,427,081-xxx-6791,False,2025-07-30,True,ซื้อแล้ว
C01264,ปิยะ,หญิง,45-54,5,B05,มหาวิทยาลัย,2025-09-09,376,086-xxx-6926,False,2026-01-12,True,ซื้อแล้ว
C01265,สุดา,หญิง,25-34,3,B01,สยาม,2025-06-25,452,083-xxx-8917,False,2025-07-06,True,ซื้อแล้ว
C01266,พิม,หญิง,18-24,2,B03,อารีย์,2025-11-01,323,083-xxx-2637,False,2025-11-02,True,ซื้อแล้ว
C01267,เกศ,ชาย,55+,6,B03,อารีย์,2026-02-04,228,083-xxx-8746,False,2026-02-04,True,ซื้อแล้ว
C01268,สมชาย,หญิง,55+,6,B03,อารีย์,2026-07-21,61,089-xxx-9184,False,2026-08-15,True,ซื้อแล้ว
C01269,วีระ,ชาย,18-24,2,B04,บางนา,2025-05-21,487,084-xxx-7819,False,2025-05-23,True,ซื้อแล้ว
C01270,ธนา,หญิง,18-24,2,B01,สยาม,2026-06-09,103,088-xxx-4678,False,2026-09-14,True,ซื้อแล้ว
C01271,รัตนา,ชาย,18-24,2,B04,บางนา,2026-05-11,132,089-xxx-7739,False,,False,ไม่เคยซื้อ
C01272,ชนา,หญิง,25-34,3,B02,สีลม,2026-03-10,194,082-xxx-5926,False,2026-04-23,True,ซื้อแล้ว
C01273,วรรณ,หญิง,18-24,2,B05,มหาวิทยาลัย,2025-10-28,327,088-xxx-8250,False,2025-11-19,True,ซื้อแล้ว
C01274,กมล,หญิง,45-54,5,B04,บางนา,2025-08-24,392,087-xxx-5320,False,2025-10-03,True,ซื้อแล้ว
C01275,นภัส,ชาย,25-34,3,B05,มหาวิทยาลัย,2025-08-01,415,083-xxx-3068,False,2025-08-25,True,ซื้อแล้ว
C01276,วรรณ,ชาย,35-44,4,B02,สีลม,2026-07-07,75,085-xxx-9855,False,2026-09-16,True,ซื้อแล้ว
C01277,ภูมิ,หญิง,25-34,3,B01,สยาม,2026-04-12,161,081-xxx-1561,False,2026-09-20,True,ซื้อแล้ว
C01278,ภัทร,หญิง,55+,6,B04,บางนา,2025-11-09,315,084-xxx-1750,False,2025-11-11,True,ซื้อแล้ว
C01279,สมชาย,หญิง,45-54,5,B01,สยาม,2026-05-08,135,086-xxx-9022,False,2026-06-15,True,ซื้อแล้ว
C01280,วีระ,ชาย,35-44,4,B02,สีลม,2025-10-31,324,088-xxx-5303,False,2025-11-18,True,ซื้อแล้ว
C01281,สมชาย,ชาย,ต่ำกว่า 18,1,B05,มหาวิทยาลัย,2025-08-31,385,081-xxx-9480,False,2025-09-08,True,ซื้อแล้ว
C01282,วีระ,ชาย,25-34,3,B01,สยาม,2026-06-05,107,082-xxx-2244,False,2026-06-07,True,ซื้อแล้ว
C01283,ปวีณ,ชาย,35-44,4,B03,อารีย์,2026-08-22,29,083-xxx-4967,False,,False,สมาชิกใหม่ ยังไม่ซื้อ
C01284,ภูมิ,หญิง,25-34,3,B01,สยาม,2025-09-07,378,086-xxx-4063,False,2025-09-11,True,ซื้อแล้ว
C01285,เกศ,ชาย,18-24,2,B03,อารีย์,2026-02-20,212,083-xxx-2609,False,2026-03-20,True,ซื้อแล้ว
C01286,อัญชลี,หญิง,18-24,2,B01,สยาม,2025-12-11,283,088-xxx-9907,False,2025-12-22,True,ซื้อแล้ว
C01287,ธนา,ชาย,35-44,4,B05,มหาวิทยาลัย,2026-07-25,57,083-xxx-2300,False,2026-08-05,True,ซื้อแล้ว
C01288,ธนา,หญิง,ต่ำกว่า 18,1,B04,บางนา,2026-08-15,36,087-xxx-5383,False,,False,ไม่เคยซื้อ
C01289,กิตติ,ชาย,25-34,3,B03,อารีย์,2026-04-26,147,088-xxx-7305,False,2026-05-06,True,ซื้อแล้ว
C01290,เกศ,หญิง,25-34,3,B04,บางนา,2025-07-13,434,089-xxx-1786,False,2025-07-16,True,ซื้อแล้ว
C01291,ปวีณ,หญิง,18-24,2,B05,มหาวิทยาลัย,2025-10-23,332,082-xxx-9977,False,2025-11-30,True,ซื้อแล้ว
C01292,ทิพย์,หญิง,35-44,4,B01,สยาม,2025-04-01,537,082-xxx-4265,False,2025-04-02,True,ซื้อแล้ว
C01293,จิรา,หญิง,35-44,4,B03,อารีย์,2026-03-27,177,083-xxx-6759,False,2026-06-13,True,ซื้อแล้ว
C01294,วีระ,หญิง,45-54,5,B01,สยาม,2026-06-05,107,089-xxx-6890,False,2026-09-01,True,ซื้อแล้ว
C01295,กมล,ชาย,35-44,4,B01,สยาม,2025-12-03,291,082-xxx-1801,False,2025-12-22,True,ซื้อแล้ว
C01296,วรรณ,ชาย,45-54,5,B04,บางนา,2025-05-23,485,081-xxx-5322,False,2025-06-03,True,ซื้อแล้ว
C01297,สมชาย,หญิง,35-44,4,B01,สยาม,2025-04-21,517,081-xxx-7601,False,2025-05-16,True,ซื้อแล้ว
C01298,มานพ,ชาย,18-24,2,B01,สยาม,2025-07-05,442,089-xxx-8183,False,,False,ไม่เคยซื้อ
C01299,ปวีณ,ชาย,25-34,3,B05,มหาวิทยาลัย,2025-06-28,449,089-xxx-2403,False,2025-07-17,True,ซื้อแล้ว
C01300,ภัทร,ชาย,35-44,4,B02,สีลม,2025-09-02,383,083-xxx-7782,False,2025-09-15,True,ซื้อแล้ว
C01301,ปิยะ,ชาย,35-44,4,B02,สีลม,2026-06-04,108,081-xxx-3763,False,2026-07-13,True,ซื้อแล้ว
C01302,สมชาย,ชาย,18-24,2,B05,มหาวิทยาลัย,2025-05-04,504,085-xxx-9877,False,2025-05-09,True,ซื้อแล้ว
C01303,มานพ,ชาย,35-44,4,B05,มหาวิทยาลัย,2026-09-11,9,085-xxx-9066,False,,False,สมาชิกใหม่ ยังไม่ซื้อ
C01304,กมล,ชาย,55+,6,B01,สยาม,2026-01-20,243,081-xxx-2287,False,2026-02-24,True,ซื้อแล้ว
C01305,พิม,ไม่ระบุ,25-34,3,B04,บางนา,2026-07-12,70,082-xxx-7892,False,,False,ไม่เคยซื้อ
C01306,ศิริ,ชาย,35-44,4,B03,อารีย์,2026-08-05,46,083-xxx-6082,False,,False,ไม่เคยซื้อ
C01307,ธนา,หญิง,18-24,2,B05,มหาวิทยาลัย,2025-09-04,381,088-xxx-7647,True,2025-10-07,True,ซื้อแล้ว
C01308,ภัทร,หญิง,18-24,2,B05,มหาวิทยาลัย,2025-08-08,408,081-xxx-8696,False,2025-10-07,True,ซื้อแล้ว
C01309,ปิยะ,ชาย,35-44,4,B03,อารีย์,2026-05-18,125,081-xxx-2351,False,2026-05-19,True,ซื้อแล้ว
C01310,ภูมิ,หญิง,18-24,2,B05,มหาวิทยาลัย,2025-11-28,296,086-xxx-3177,False,2026-01-10,True,ซื้อแล้ว
C01311,ศิริ,ชาย,25-34,3,B02,สีลม,2025-07-14,433,082-xxx-5421,False,2025-07-16,True,ซื้อแล้ว
C01312,ธีร,ไม่ระบุ,18-24,2,B02,สีลม,2026-09-09,11,087-xxx-5613,False,2026-09-16,True,ซื้อแล้ว
C01313,ชนา,ชาย,25-34,3,B02,สีลม,2025-04-19,519,081-xxx-9088,False,2025-05-01,True,ซื้อแล้ว
C01314,ธนา,หญิง,25-34,3,B01,สยาม,2026-09-03,17,088-xxx-9545,False,,False,สมาชิกใหม่ ยังไม่ซื้อ
C01315,จิรา,ชาย,25-34,3,B03,อารีย์,2026-01-26,237,081-xxx-8778,False,2026-03-03,True,ซื้อแล้ว
C01316,ภัทร,ชาย,25-34,3,B04,บางนา,2025-05-26,482,088-xxx-4229,True,2025-06-08,True,ซื้อแล้ว
C01317,ภูมิ,หญิง,25-34,3,B01,สยาม,2025-11-06,318,089-xxx-3325,False,2025-11-22,True,ซื้อแล้ว
C01318,ศิริ,ชาย,18-24,2,B05,มหาวิทยาลัย,2026-04-17,156,083-xxx-5629,False,,False,ไม่เคยซื้อ
C01319,นภัส,ชาย,45-54,5,B01,สยาม,2025-07-27,420,088-xxx-4129,False,2025-08-06,True,ซื้อแล้ว
C01320,รัตนา,ชาย,25-34,3,B01,สยาม,2026-07-22,60,082-xxx-9857,False,,False,ไม่เคยซื้อ
C01321,รัตนา,หญิง,18-24,2,B01,สยาม,2025-09-11,374,084-xxx-8412,False,2025-09-22,True,ซื้อแล้ว
C01322,ธนา,ชาย,25-34,3,B05,มหาวิทยาลัย,2026-02-19,213,084-xxx-1800,True,2026-02-27,True,ซื้อแล้ว
C01323,จิรา,หญิง,35-44,4,B04,บางนา,2026-01-11,252,087-xxx-7590,False,2026-01-28,True,ซื้อแล้ว
C01324,วีระ,ชาย,25-34,3,B01,สยาม,2026-08-07,44,088-xxx-8025,False,,False,ไม่เคยซื้อ
C01325,กมล,ชาย,35-44,4,B03,อารีย์,2026-05-06,137,083-xxx-7242,False,2026-05-10,True,ซื้อแล้ว
C01326,กมล,หญิง,18-24,2,B03,อารีย์,2026-09-08,12,084-xxx-4633,False,,False,สมาชิกใหม่ ยังไม่ซื้อ
C01327,วรรณ,หญิง,55+,6,B05,มหาวิทยาลัย,2026-07-12,70,082-xxx-9486,False,,False,ไม่เคยซื้อ
C01328,กิตติ,ไม่ระบุ,18-24,2,B01,สยาม,2026-07-19,63,081-xxx-1006,False,2026-08-01,True,ซื้อแล้ว
C01329,จิรา,ชาย,25-34,3,B03,อารีย์,2025-12-16,278,084-xxx-4808,True,2025-12-17,True,ซื้อแล้ว
C01330,พิม,หญิง,35-44,4,B03,อารีย์,2026-08-17,34,081-xxx-7511,False,,False,ไม่เคยซื้อ
C01331,นภัส,ชาย,25-34,3,B02,สีลม,2025-10-16,339,088-xxx-1692,False,2025-10-21,True,ซื้อแล้ว
C01332,ชนา,ชาย,25-34,3,B03,อารีย์,2026-06-25,87,086-xxx-8965,False,2026-08-24,True,ซื้อแล้ว
C01333,จิรา,ชาย,45-54,5,B05,มหาวิทยาลัย,2026-01-08,255,083-xxx-6837,False,,False,ไม่เคยซื้อ
C01334,จิรา,ชาย,18-24,2,B04,บางนา,2025-10-21,334,083-xxx-2892,False,2025-10-27,True,ซื้อแล้ว
C01335,เกศ,หญิง,35-44,4,B03,อารีย์,2025-11-24,300,081-xxx-3494,False,2025-12-05,True,ซื้อแล้ว
C01336,ภูมิ,ชาย,18-24,2,B01,สยาม,2025-05-14,494,088-xxx-7674,False,2025-05-21,True,ซื้อแล้ว
C01337,ชนา,หญิง,18-24,2,B01,สยาม,2025-07-09,438,085-xxx-8796,False,2025-07-12,True,ซื้อแล้ว
C01338,จิรา,หญิง,18-24,2,B03,อารีย์,2026-04-21,152,085-xxx-9717,False,2026-04-28,True,ซื้อแล้ว
C01339,เกศ,หญิง,35-44,4,B03,อารีย์,2025-12-28,266,085-xxx-6092,False,2026-01-15,True,ซื้อแล้ว
C01340,ภัทร,หญิง,18-24,2,B05,มหาวิทยาลัย,2025-12-27,267,081-xxx-3940,False,2026-01-15,True,ซื้อแล้ว
C01341,ธีร,หญิง,25-34,3,B04,บางนา,2026-01-19,244,089-xxx-8576,False,2026-02-14,True,ซื้อแล้ว
C01342,มานพ,หญิง,35-44,4,B02,สีลม,2025-07-27,420,084-xxx-2109,False,2025-08-05,True,ซื้อแล้ว
C01343,ภูมิ,หญิง,25-34,3,B05,มหาวิทยาลัย,2026-04-16,157,086-xxx-5671,False,2026-05-07,True,ซื้อแล้ว
C01344,กิตติ,หญิง,18-24,2,B02,สีลม,2026-05-02,141,081-xxx-4472,False,2026-05-09,True,ซื้อแล้ว
C01345,ปวีณ,ชาย,18-24,2,B02,สีลม,2025-11-12,312,081-xxx-8313,False,,False,ไม่เคยซื้อ
C01346,กมล,หญิง,25-34,3,B01,สยาม,2026-08-05,46,089-xxx-3165,False,,False,ไม่เคยซื้อ
C01347,ภัทร,หญิง,55+,6,B02,สีลม,2025-11-21,303,083-xxx-3541,False,2025-12-03,True,ซื้อแล้ว
C01348,อัญชลี,หญิง,18-24,2,B01,สยาม,2025-12-14,280,089-xxx-6378,False,2025-12-17,True,ซื้อแล้ว
C01349,ธนา,หญิง,25-34,3,B05,มหาวิทยาลัย,2025-10-30,325,083-xxx-6925,False,2025-11-20,True,ซื้อแล้ว
C01350,อรุณ,หญิง,18-24,2,B02,สีลม,2026-07-11,71,081-xxx-9271,False,,False,ไม่เคยซื้อ
C01351,อรุณ,หญิง,18-24,2,B02,สีลม,2026-06-26,86,081-xxx-5407,False,2026-07-10,True,ซื้อแล้ว
C01352,ทิพย์,หญิง,25-34,3,B03,อารีย์,2026-05-24,119,083-xxx-5080,False,2026-06-21,True,ซื้อแล้ว
C01353,ภูมิ,หญิง,25-34,3,B01,สยาม,2026-02-02,230,083-xxx-8292,False,,False,ไม่เคยซื้อ
C01354,ทิพย์,หญิง,18-24,2,B03,อารีย์,2026-09-13,7,089-xxx-1643,False,,False,สมาชิกใหม่ ยังไม่ซื้อ
C01355,นภัส,หญิง,45-54,5,B05,มหาวิทยาลัย,2026-01-22,241,081-xxx-9499,False,,False,ไม่เคยซื้อ
C01356,วรรณ,ชาย,45-54,5,B03,อารีย์,2026-05-12,131,084-xxx-8497,False,2026-05-24,True,ซื้อแล้ว
C01357,ทิพย์,หญิง,18-24,2,B02,สีลม,2026-08-03,48,089-xxx-3286,False,2026-08-05,True,ซื้อแล้ว
C01358,สมชาย,หญิง,35-44,4,B01,สยาม,2026-06-14,98,081-xxx-5348,False,2026-06-16,True,ซื้อแล้ว
C01359,กิตติ,ชาย,18-24,2,B01,สยาม,2026-08-05,46,086-xxx-4365,False,2026-08-09,True,ซื้อแล้ว
C01360,ปวีณ,ชาย,25-34,3,B01,สยาม,2025-09-29,356,083-xxx-8614,False,2025-10-25,True,ซื้อแล้ว
C01361,กมล,ชาย,35-44,4,B02,สีลม,2025-10-13,342,085-xxx-3663,False,2026-01-24,True,ซื้อแล้ว
C01362,วรรณ,ชาย,25-34,3,B02,สีลม,2025-06-10,467,085-xxx-3900,False,2025-06-21,True,ซื้อแล้ว
C01363,นภัส,หญิง,35-44,4,B04,บางนา,2026-03-05,199,087-xxx-4632,False,2026-03-22,True,ซื้อแล้ว
C01364,ศิริ,ชาย,25-34,3,B05,มหาวิทยาลัย,2025-10-23,332,084-xxx-6900,False,2025-10-31,True,ซื้อแล้ว
C01365,ภัทร,ชาย,45-54,5,B02,สีลม,2025-07-10,437,085-xxx-2349,False,2025-07-24,True,ซื้อแล้ว
C01366,กิตติ,ชาย,18-24,2,B03,อารีย์,2026-06-05,107,085-xxx-1703,False,2026-07-07,True,ซื้อแล้ว
C01367,รัตนา,หญิง,45-54,5,B01,สยาม,2025-04-21,517,081-xxx-6276,False,2025-05-24,True,ซื้อแล้ว
C01368,อัญชลี,หญิง,35-44,4,B05,มหาวิทยาลัย,2025-11-24,300,089-xxx-3738,False,2026-02-06,True,ซื้อแล้ว
C01369,นภัส,ชาย,35-44,4,B02,สีลม,2025-09-29,356,083-xxx-7608,False,2025-10-10,True,ซื้อแล้ว
C01370,อรุณ,หญิง,35-44,4,B01,สยาม,2026-03-11,193,081-xxx-4947,False,2026-04-09,True,ซื้อแล้ว
C01371,ภัทร,ชาย,35-44,4,B01,สยาม,2025-09-19,366,086-xxx-3109,False,2025-10-02,True,ซื้อแล้ว
C01372,อัญชลี,ชาย,ต่ำกว่า 18,1,B04,บางนา,2025-12-24,270,083-xxx-4395,False,2026-01-07,True,ซื้อแล้ว
C01373,ภูมิ,หญิง,18-24,2,B03,อารีย์,2026-08-11,40,088-xxx-3228,False,2026-08-22,True,ซื้อแล้ว
C01374,อัญชลี,ชาย,25-34,3,B02,สีลม,2026-09-11,9,084-xxx-6310,False,,False,สมาชิกใหม่ ยังไม่ซื้อ
C01375,อัญชลี,หญิง,18-24,2,B03,อารีย์,2026-08-20,31,084-xxx-7906,False,2026-08-25,True,ซื้อแล้ว
C01376,นภัส,ชาย,25-34,3,B01,สยาม,2025-06-17,460,083-xxx-5339,False,2025-07-06,True,ซื้อแล้ว
C01377,ทิพย์,ชาย,18-24,2,B05,มหาวิทยาลัย,2025-12-27,267,082-xxx-8118,False,2026-01-07,True,ซื้อแล้ว
C01378,ชนา,ชาย,25-34,3,B01,สยาม,2025-06-10,467,089-xxx-7456,False,2025-06-12,True,ซื้อแล้ว
C01379,สุดา,หญิง,25-34,3,B02,สีลม,2025-05-27,481,089-xxx-1262,False,2025-06-10,True,ซื้อแล้ว
C01380,จิรา,หญิง,35-44,4,B05,มหาวิทยาลัย,2025-05-13,495,081-xxx-1040,False,2025-05-19,True,ซื้อแล้ว
C01381,วรรณ,หญิง,18-24,2,B01,สยาม,2026-06-18,94,082-xxx-9328,False,2026-08-04,True,ซื้อแล้ว
C01382,ปวีณ,ชาย,18-24,2,B05,มหาวิทยาลัย,2025-10-27,328,088-xxx-2607,False,2026-01-15,True,ซื้อแล้ว
C01383,ปิยะ,ชาย,18-24,2,B05,มหาวิทยาลัย,2025-04-02,536,089-xxx-8360,False,2025-04-11,True,ซื้อแล้ว
C01384,ภูมิ,หญิง,45-54,5,B02,สีลม,2026-04-27,146,089-xxx-7946,False,2026-05-05,True,ซื้อแล้ว
C01385,ณัฐ,หญิง,35-44,4,B02,สีลม,2026-06-03,109,086-xxx-7479,False,2026-06-25,True,ซื้อแล้ว
C01386,เกศ,ชาย,45-54,5,B01,สยาม,2026-05-25,118,085-xxx-8784,False,2026-06-14,True,ซื้อแล้ว
C01387,ภัทร,หญิง,18-24,2,B02,สีลม,2026-07-19,63,084-xxx-6043,False,,False,ไม่เคยซื้อ
C01388,อรุณ,ชาย,18-24,2,B02,สีลม,2025-12-27,267,084-xxx-2371,False,2026-01-01,True,ซื้อแล้ว
C01389,ภูมิ,ชาย,35-44,4,B02,สีลม,2026-05-22,121,087-xxx-1706,False,,False,ไม่เคยซื้อ
C01390,ปวีณ,ชาย,18-24,2,B01,สยาม,2025-07-07,440,085-xxx-7375,False,2025-08-14,True,ซื้อแล้ว
C01391,ธีร,หญิง,25-34,3,B05,มหาวิทยาลัย,2025-12-23,271,084-xxx-8513,False,2026-01-17,True,ซื้อแล้ว
C01392,สมชาย,ชาย,25-34,3,B04,บางนา,2025-05-01,507,084-xxx-9101,False,2025-05-03,True,ซื้อแล้ว
C01393,วีระ,หญิง,25-34,3,B01,สยาม,2026-05-13,130,084-xxx-5080,False,2026-07-07,True,ซื้อแล้ว
C01394,ศิริ,หญิง,18-24,2,B04,บางนา,2025-10-07,348,082-xxx-3093,False,2025-11-21,True,ซื้อแล้ว
C01395,จิรา,ชาย,55+,6,B01,สยาม,2025-06-24,453,083-xxx-8508,False,2025-07-05,True,ซื้อแล้ว
C01396,นภัส,ชาย,25-34,3,B01,สยาม,2026-01-16,247,082-xxx-1031,False,2026-01-21,True,ซื้อแล้ว
C01397,รัตนา,หญิง,45-54,5,B04,บางนา,2026-03-31,173,083-xxx-7484,False,2026-04-03,True,ซื้อแล้ว
C01398,มานพ,ชาย,25-34,3,B04,บางนา,2025-07-08,439,086-xxx-5881,False,2025-09-06,True,ซื้อแล้ว
C01399,สมชาย,ชาย,18-24,2,B02,สีลม,2026-02-07,225,082-xxx-8222,False,2026-04-01,True,ซื้อแล้ว
C01400,ณัฐ,ชาย,55+,6,B03,อารีย์,2026-03-19,185,082-xxx-7094,False,2026-04-06,True,ซื้อแล้ว
C01401,ภัทร,ชาย,35-44,4,B05,มหาวิทยาลัย,2026-03-07,197,087-xxx-9476,False,2026-05-20,True,ซื้อแล้ว
C01402,ภูมิ,ชาย,45-54,5,B03,อารีย์,2026-03-15,189,085-xxx-3082,False,2026-03-21,True,ซื้อแล้ว
C01403,เกศ,ชาย,35-44,4,B05,มหาวิทยาลัย,2026-07-27,55,086-xxx-6216,False,2026-08-01,True,ซื้อแล้ว
C01404,ณัฐ,หญิง,ต่ำกว่า 18,1,B01,สยาม,2026-02-16,216,087-xxx-2185,False,2026-04-05,True,ซื้อแล้ว
C01405,ภัทร,หญิง,55+,6,B04,บางนา,2025-05-19,489,086-xxx-5390,False,2025-05-24,True,ซื้อแล้ว
C01406,ปิยะ,หญิง,18-24,2,B02,สีลม,2026-03-20,184,086-xxx-7127,True,2026-03-21,True,ซื้อแล้ว
C01407,กิตติ,หญิง,18-24,2,B02,สีลม,2025-05-01,507,084-xxx-6836,False,2025-05-30,True,ซื้อแล้ว
C01408,อัญชลี,หญิง,25-34,3,B04,บางนา,2025-12-01,293,081-xxx-7316,False,2025-12-21,True,ซื้อแล้ว
C01409,ภูมิ,หญิง,25-34,3,B05,มหาวิทยาลัย,2026-07-25,57,086-xxx-4331,False,,False,ไม่เคยซื้อ
C01410,ธีร,หญิง,25-34,3,B02,สีลม,2025-09-01,384,082-xxx-6049,False,2025-09-20,True,ซื้อแล้ว
C01411,วรรณ,หญิง,25-34,3,B01,สยาม,2025-11-18,306,086-xxx-9760,False,2026-01-19,True,ซื้อแล้ว
C01412,ทิพย์,ชาย,35-44,4,B05,มหาวิทยาลัย,2025-11-09,315,086-xxx-5478,False,2025-11-21,True,ซื้อแล้ว
C01413,รัตนา,หญิง,55+,6,B01,สยาม,2026-07-19,63,089-xxx-3043,False,2026-08-11,True,ซื้อแล้ว
C01414,อัญชลี,หญิง,35-44,4,B02,สีลม,2026-01-28,235,088-xxx-3994,False,2026-02-01,True,ซื้อแล้ว
C01415,ปิยะ,ชาย,45-54,5,B02,สีลม,2026-07-12,70,087-xxx-2067,False,,False,ไม่เคยซื้อ
C01416,ภูมิ,หญิง,55+,6,B01,สยาม,2025-10-30,325,084-xxx-2500,False,,False,ไม่เคยซื้อ
C01417,สมชาย,หญิง,25-34,3,B01,สยาม,2025-04-19,519,083-xxx-3977,False,2025-05-07,True,ซื้อแล้ว
C01418,ภัทร,หญิง,18-24,2,B01,สยาม,2026-04-03,170,087-xxx-6007,False,2026-04-12,True,ซื้อแล้ว
C01419,ปิยะ,ชาย,18-24,2,B01,สยาม,2025-05-12,496,088-xxx-5991,False,2025-05-18,True,ซื้อแล้ว
C01420,สุดา,หญิง,18-24,2,B01,สยาม,2025-11-15,309,083-xxx-8071,False,2025-12-30,True,ซื้อแล้ว
C01421,สุดา,หญิง,35-44,4,B04,บางนา,2025-10-29,326,083-xxx-3698,False,2025-11-11,True,ซื้อแล้ว
C01422,นภัส,หญิง,45-54,5,B03,อารีย์,2026-01-15,248,085-xxx-1799,False,2026-01-21,True,ซื้อแล้ว
C01423,ปิยะ,ชาย,35-44,4,B01,สยาม,2025-05-17,491,086-xxx-4456,False,2025-05-17,True,ซื้อแล้ว
C01424,วรรณ,ชาย,25-34,3,B05,มหาวิทยาลัย,2026-02-17,215,083-xxx-5127,False,,False,ไม่เคยซื้อ
C01425,ธนา,หญิง,45-54,5,B05,มหาวิทยาลัย,2026-03-17,187,084-xxx-2945,False,2026-03-20,True,ซื้อแล้ว
C01426,ธีร,ไม่ระบุ,35-44,4,B05,มหาวิทยาลัย,2025-11-02,322,088-xxx-4135,False,2025-11-09,True,ซื้อแล้ว
C01427,ปิยะ,ชาย,25-34,3,B02,สีลม,2026-07-21,61,082-xxx-9720,False,2026-07-27,True,ซื้อแล้ว
C01428,ธีร,ชาย,35-44,4,B02,สีลม,2026-08-30,21,087-xxx-6778,True,2026-09-10,True,ซื้อแล้ว
C01429,นภัส,ชาย,35-44,4,B04,บางนา,2026-09-11,9,084-xxx-9224,False,,False,สมาชิกใหม่ ยังไม่ซื้อ
C01430,ภัทร,ชาย,45-54,5,B04,บางนา,2025-04-23,515,089-xxx-5522,False,2025-05-27,True,ซื้อแล้ว
C01431,สุดา,หญิง,35-44,4,B04,บางนา,2026-07-23,59,088-xxx-4233,False,2026-09-15,True,ซื้อแล้ว
C01432,วรรณ,ชาย,25-34,3,B02,สีลม,2025-04-05,533,089-xxx-8387,False,2025-04-15,True,ซื้อแล้ว
C01433,อัญชลี,ชาย,55+,6,B05,มหาวิทยาลัย,2025-11-11,313,085-xxx-8215,False,2026-02-27,True,ซื้อแล้ว
C01434,วีระ,หญิง,25-34,3,B04,บางนา,2026-02-07,225,085-xxx-2249,False,2026-03-06,True,ซื้อแล้ว
C01435,นภัส,หญิง,ต่ำกว่า 18,1,B04,บางนา,2025-09-23,362,087-xxx-7275,False,2025-10-03,True,ซื้อแล้ว
C01436,สุดา,หญิง,35-44,4,B02,สีลม,2025-12-22,272,089-xxx-7026,False,2025-12-22,True,ซื้อแล้ว
C01437,เกศ,หญิง,25-34,3,B01,สยาม,2026-03-10,194,082-xxx-2693,False,2026-03-24,True,ซื้อแล้ว
C01438,ธนา,หญิง,25-34,3,B04,บางนา,2025-09-17,368,089-xxx-5633,False,2025-10-01,True,ซื้อแล้ว
C01439,กมล,หญิง,35-44,4,B01,สยาม,2026-07-29,53,083-xxx-4565,False,2026-09-13,True,ซื้อแล้ว
C01440,วรรณ,หญิง,25-34,3,B02,สีลม,2025-09-25,360,087-xxx-7884,False,2025-10-19,True,ซื้อแล้ว
C01441,อรุณ,หญิง,25-34,3,B01,สยาม,2026-01-25,238,083-xxx-2568,False,2026-01-26,True,ซื้อแล้ว
C01442,ปวีณ,หญิง,18-24,2,B01,สยาม,2025-05-22,486,088-xxx-1104,False,2025-05-25,True,ซื้อแล้ว
C01443,มานพ,หญิง,25-34,3,B05,มหาวิทยาลัย,2026-04-25,148,084-xxx-3771,True,2026-05-10,True,ซื้อแล้ว
C01444,ภัทร,ชาย,25-34,3,B05,มหาวิทยาลัย,2025-10-31,324,083-xxx-2793,False,2025-12-20,True,ซื้อแล้ว
C01445,นภัส,ชาย,ต่ำกว่า 18,1,B01,สยาม,2026-07-10,72,088-xxx-6825,False,2026-08-02,True,ซื้อแล้ว
C01446,มานพ,ชาย,25-34,3,B01,สยาม,2025-11-18,306,084-xxx-6411,False,2025-12-23,True,ซื้อแล้ว
C01447,ปวีณ,ไม่ระบุ,35-44,4,B02,สีลม,2025-07-24,423,082-xxx-5797,False,2025-08-30,True,ซื้อแล้ว
C01448,ธีร,หญิง,45-54,5,B01,สยาม,2026-04-02,171,083-xxx-5469,False,,False,ไม่เคยซื้อ
C01449,ปิยะ,ชาย,35-44,4,B02,สีลม,2025-06-13,464,081-xxx-2663,False,2025-06-25,True,ซื้อแล้ว
C01450,อรุณ,ชาย,35-44,4,B01,สยาม,2026-09-13,7,088-xxx-9789,False,,False,สมาชิกใหม่ ยังไม่ซื้อ
C01451,สุดา,หญิง,25-34,3,B02,สีลม,2026-04-28,145,081-xxx-7400,False,2026-05-06,True,ซื้อแล้ว
C01452,ธนา,ชาย,18-24,2,B01,สยาม,2025-05-16,492,084-xxx-4954,False,2025-05-30,True,ซื้อแล้ว
C01453,อัญชลี,หญิง,25-34,3,B05,มหาวิทยาลัย,2026-06-18,94,085-xxx-5366,False,2026-07-10,True,ซื้อแล้ว
C01454,พิม,หญิง,25-34,3,B01,สยาม,2025-09-01,384,088-xxx-6676,False,2025-09-09,True,ซื้อแล้ว
C01455,กมล,หญิง,35-44,4,B02,สีลม,2026-09-14,6,082-xxx-4565,False,,False,สมาชิกใหม่ ยังไม่ซื้อ
C01456,กมล,ชาย,25-34,3,B03,อารีย์,2025-11-19,305,085-xxx-8443,False,2025-11-19,True,ซื้อแล้ว
C01457,อรุณ,หญิง,35-44,4,B03,อารีย์,2026-05-02,141,085-xxx-7093,True,,False,ไม่เคยซื้อ
C01458,นภัส,ชาย,35-44,4,B03,อารีย์,2026-03-19,185,087-xxx-6394,False,2026-03-21,True,ซื้อแล้ว
C01459,กมล,หญิง,25-34,3,B02,สีลม,2025-08-04,412,083-xxx-1473,False,2025-08-14,True,ซื้อแล้ว
C01460,จิรา,หญิง,18-24,2,B02,สีลม,2026-09-10,10,086-xxx-6274,True,2026-09-15,True,ซื้อแล้ว
C01461,ภัทร,หญิง,45-54,5,B01,สยาม,2026-08-10,41,085-xxx-4044,False,,False,ไม่เคยซื้อ
C01462,สุดา,หญิง,45-54,5,B04,บางนา,2025-06-21,456,084-xxx-1682,False,2025-07-23,True,ซื้อแล้ว
C01463,รัตนา,ชาย,18-24,2,B04,บางนา,2026-06-12,100,082-xxx-4654,False,2026-08-27,True,ซื้อแล้ว
C01464,ปิยะ,หญิง,25-34,3,B01,สยาม,2026-07-04,78,087-xxx-4268,False,,False,ไม่เคยซื้อ
C01465,รัตนา,ชาย,25-34,3,B05,มหาวิทยาลัย,2026-07-08,74,086-xxx-1003,False,2026-08-03,True,ซื้อแล้ว
C01466,กมล,หญิง,18-24,2,B05,มหาวิทยาลัย,2026-01-21,242,084-xxx-9785,False,2026-03-13,True,ซื้อแล้ว
C01467,ธีร,หญิง,25-34,3,B01,สยาม,2026-05-19,124,084-xxx-9424,False,2026-05-19,True,ซื้อแล้ว
C01468,วรรณ,หญิง,45-54,5,B02,สีลม,2025-06-22,455,086-xxx-8259,False,2025-06-25,True,ซื้อแล้ว
C01469,กิตติ,ชาย,25-34,3,B05,มหาวิทยาลัย,2026-02-08,224,085-xxx-6281,False,2026-02-17,True,ซื้อแล้ว
C01470,ภูมิ,หญิง,35-44,4,B02,สีลม,2025-10-06,349,088-xxx-8339,False,2025-10-14,True,ซื้อแล้ว
C01471,ธนา,ชาย,18-24,2,B05,มหาวิทยาลัย,2025-07-12,435,084-xxx-4395,False,2025-08-01,True,ซื้อแล้ว
C01472,กมล,หญิง,55+,6,B01,สยาม,2025-06-06,471,086-xxx-1180,False,2025-06-18,True,ซื้อแล้ว
C01473,พิม,หญิง,45-54,5,B02,สีลม,2026-08-30,21,088-xxx-8531,False,,False,สมาชิกใหม่ ยังไม่ซื้อ
C01474,กิตติ,หญิง,25-34,3,B04,บางนา,2025-12-26,268,089-xxx-4901,False,2025-12-26,True,ซื้อแล้ว
C01475,สมชาย,ชาย,45-54,5,B02,สีลม,2026-09-01,19,088-xxx-6389,False,,False,สมาชิกใหม่ ยังไม่ซื้อ
C01476,ศิริ,หญิง,45-54,5,B02,สีลม,2025-10-19,336,087-xxx-9714,False,2025-11-04,True,ซื้อแล้ว
C01477,จิรา,ชาย,25-34,3,B01,สยาม,2026-01-15,248,089-xxx-2894,True,2026-01-28,True,ซื้อแล้ว
C01478,รัตนา,ชาย,35-44,4,B01,สยาม,2026-07-15,67,081-xxx-5032,False,2026-08-20,True,ซื้อแล้ว
C01479,ธีร,ชาย,45-54,5,B04,บางนา,2025-10-22,333,084-xxx-5425,False,2025-11-28,True,ซื้อแล้ว
C01480,กมล,หญิง,35-44,4,B03,อารีย์,2026-04-24,149,081-xxx-4380,False,2026-06-04,True,ซื้อแล้ว
C01481,รัตนา,หญิง,35-44,4,B01,สยาม,2026-08-10,41,082-xxx-3985,False,,False,ไม่เคยซื้อ
C01482,กมล,หญิง,25-34,3,B05,มหาวิทยาลัย,2025-09-20,365,083-xxx-5083,True,2025-10-17,True,ซื้อแล้ว
C01483,อรุณ,ชาย,25-34,3,B01,สยาม,2026-03-05,199,083-xxx-9544,False,2026-07-02,True,ซื้อแล้ว
C01484,อัญชลี,หญิง,25-34,3,B04,บางนา,2025-06-15,462,081-xxx-8579,False,2025-07-30,True,ซื้อแล้ว
C01485,มานพ,หญิง,25-34,3,B02,สีลม,2026-02-01,231,081-xxx-5299,False,2026-02-03,True,ซื้อแล้ว
C01486,กิตติ,หญิง,25-34,3,B05,มหาวิทยาลัย,2025-06-11,466,083-xxx-6977,False,2025-06-26,True,ซื้อแล้ว
C01487,ภัทร,หญิง,18-24,2,B05,มหาวิทยาลัย,2025-05-05,503,083-xxx-2054,False,2025-05-25,True,ซื้อแล้ว
C01488,ปวีณ,ชาย,ต่ำกว่า 18,1,B01,สยาม,2025-11-06,318,082-xxx-8467,False,2025-11-30,True,ซื้อแล้ว
C01489,กมล,ชาย,25-34,3,B05,มหาวิทยาลัย,2025-05-20,488,087-xxx-7831,False,2025-06-02,True,ซื้อแล้ว
C01490,พิม,หญิง,25-34,3,B02,สีลม,2025-09-12,373,088-xxx-4456,False,2025-11-17,True,ซื้อแล้ว
C01491,สุดา,ชาย,35-44,4,B01,สยาม,2026-04-09,164,084-xxx-3378,False,2026-04-27,True,ซื้อแล้ว
C01492,วรรณ,หญิง,35-44,4,B01,สยาม,2026-05-23,120,085-xxx-3209,False,2026-05-27,True,ซื้อแล้ว
C01493,ศิริ,ชาย,25-34,3,B02,สีลม,2026-07-16,66,081-xxx-3152,False,2026-07-29,True,ซื้อแล้ว
C01494,จิรา,ชาย,25-34,3,B04,บางนา,2026-06-03,109,088-xxx-9683,False,2026-06-03,True,ซื้อแล้ว
C01495,จิรา,หญิง,18-24,2,B02,สีลม,2025-04-06,532,089-xxx-6276,False,2025-04-24,True,ซื้อแล้ว
C01496,กมล,หญิง,18-24,2,B03,อารีย์,2026-01-18,245,082-xxx-6619,False,2026-01-18,True,ซื้อแล้ว
C01497,อัญชลี,หญิง,25-34,3,B01,สยาม,2026-07-09,73,081-xxx-7031,False,,False,ไม่เคยซื้อ
C01498,ธีร,หญิง,45-54,5,B05,มหาวิทยาลัย,2026-06-21,91,084-xxx-6164,False,2026-07-07,True,ซื้อแล้ว
C01499,ศิริ,หญิง,25-34,3,B02,สีลม,2025-06-27,450,083-xxx-8602,False,2025-07-02,True,ซื้อแล้ว
C01500,พิม,ชาย,ต่ำกว่า 18,1,B02,สีลม,2025-04-26,512,081-xxx-3398,False,2025-05-14,True,ซื้อแล้ว
C01501,ธนา,หญิง,45-54,5,B04,บางนา,2026-05-12,131,081-xxx-3146,False,2026-08-08,True,ซื้อแล้ว
C01502,สมชาย,ชาย,25-34,3,B03,อารีย์,2025-12-04,290,083-xxx-2128,False,2025-12-10,True,ซื้อแล้ว
C01503,จิรา,หญิง,18-24,2,B02,สีลม,2026-05-26,117,088-xxx-6664,False,2026-06-01,True,ซื้อแล้ว
C01504,ธีร,ชาย,35-44,4,B01,สยาม,2025-10-10,345,088-xxx-4866,False,2025-11-11,True,ซื้อแล้ว
C01505,พิม,ชาย,35-44,4,B03,อารีย์,2026-07-09,73,087-xxx-6527,False,,False,ไม่เคยซื้อ
C01506,จิรา,หญิง,18-24,2,B03,อารีย์,2025-12-02,292,082-xxx-3407,False,2025-12-03,True,ซื้อแล้ว
C01507,มานพ,ชาย,25-34,3,B05,มหาวิทยาลัย,2026-05-31,112,088-xxx-6096,False,,False,ไม่เคยซื้อ
C01508,ณัฐ,หญิง,35-44,4,B01,สยาม,2026-05-09,134,083-xxx-1290,False,2026-08-29,True,ซื้อแล้ว
C01509,จิรา,ชาย,45-54,5,B02,สีลม,2025-11-29,295,087-xxx-3237,False,2025-12-17,True,ซื้อแล้ว
C01510,มานพ,หญิง,25-34,3,B03,อารีย์,2026-07-15,67,082-xxx-4112,False,2026-08-23,True,ซื้อแล้ว
C01511,สุดา,หญิง,25-34,3,B03,อารีย์,2026-02-25,207,084-xxx-5577,False,2026-03-28,True,ซื้อแล้ว
C01512,เกศ,ชาย,25-34,3,B02,สีลม,2026-09-03,17,081-xxx-3125,False,2026-09-14,True,ซื้อแล้ว
C01513,กมล,ชาย,25-34,3,B05,มหาวิทยาลัย,2025-10-06,349,083-xxx-8246,False,2025-11-01,True,ซื้อแล้ว
C01514,ณัฐ,หญิง,18-24,2,B01,สยาม,2026-04-01,172,087-xxx-6263,False,,False,ไม่เคยซื้อ
C01515,ธีร,หญิง,18-24,2,B02,สีลม,2025-04-15,523,089-xxx-7149,False,2025-04-21,True,ซื้อแล้ว
C01516,ปวีณ,หญิง,18-24,2,B04,บางนา,2025-06-20,457,086-xxx-1464,False,2025-07-05,True,ซื้อแล้ว
C01517,ธีร,หญิง,35-44,4,B01,สยาม,2026-03-12,192,081-xxx-7779,False,2026-03-21,True,ซื้อแล้ว
C01518,รัตนา,หญิง,45-54,5,B05,มหาวิทยาลัย,2026-08-06,45,087-xxx-4191,False,2026-08-31,True,ซื้อแล้ว
C01519,พิม,หญิง,45-54,5,B02,สีลม,2026-02-16,216,084-xxx-7615,False,2026-03-20,True,ซื้อแล้ว
C01520,ชนา,หญิง,25-34,3,B01,สยาม,2026-04-15,158,087-xxx-2207,False,2026-04-26,True,ซื้อแล้ว
C01521,ทิพย์,หญิง,25-34,3,B01,สยาม,2025-05-26,482,081-xxx-3814,False,,False,ไม่เคยซื้อ
C01522,อัญชลี,หญิง,18-24,2,B04,บางนา,2026-03-28,176,081-xxx-3514,False,2026-05-26,True,ซื้อแล้ว
C01523,ปิยะ,ชาย,55+,6,B05,มหาวิทยาลัย,2025-07-18,429,083-xxx-4524,False,,False,ไม่เคยซื้อ
C01524,วรรณ,ชาย,35-44,4,B05,มหาวิทยาลัย,2025-09-06,379,088-xxx-2976,False,2025-09-17,True,ซื้อแล้ว
C01525,ธีร,ชาย,45-54,5,B05,มหาวิทยาลัย,2025-09-29,356,085-xxx-2582,False,2025-10-24,True,ซื้อแล้ว
C01526,กมล,ชาย,45-54,5,B03,อารีย์,2026-02-05,227,086-xxx-4100,False,2026-03-09,True,ซื้อแล้ว
C01527,สุดา,หญิง,25-34,3,B02,สีลม,2025-09-22,363,084-xxx-9155,False,2025-10-10,True,ซื้อแล้ว
C01528,ปวีณ,ชาย,25-34,3,B01,สยาม,2026-02-12,220,088-xxx-7550,False,2026-04-05,True,ซื้อแล้ว
C01529,ธนา,ชาย,25-34,3,B02,สีลม,2026-07-18,64,085-xxx-8851,False,2026-09-16,True,ซื้อแล้ว
C01530,ศิริ,ชาย,45-54,5,B03,อารีย์,2026-07-17,65,088-xxx-9674,False,2026-07-27,True,ซื้อแล้ว
C01531,ภัทร,หญิง,35-44,4,B01,สยาม,2025-07-12,435,085-xxx-7220,False,2025-07-14,True,ซื้อแล้ว
C01532,ภัทร,ชาย,18-24,2,B01,สยาม,2025-11-30,294,085-xxx-7054,False,2025-12-04,True,ซื้อแล้ว
C01533,ภูมิ,ชาย,25-34,3,B05,มหาวิทยาลัย,2026-04-29,144,081-xxx-3311,False,2026-06-29,True,ซื้อแล้ว
C01534,ชนา,หญิง,18-24,2,B02,สีลม,2025-08-15,401,084-xxx-5785,False,2025-09-16,True,ซื้อแล้ว
C01535,ธีร,ชาย,18-24,2,B01,สยาม,2025-10-24,331,086-xxx-4050,False,2026-01-29,True,ซื้อแล้ว
C01536,กมล,หญิง,45-54,5,B01,สยาม,2025-10-05,350,087-xxx-7685,True,2025-12-11,True,ซื้อแล้ว
C01537,ทิพย์,หญิง,35-44,4,B04,บางนา,2025-12-20,274,088-xxx-7415,False,2026-02-14,True,ซื้อแล้ว
C01538,วรรณ,หญิง,45-54,5,B01,สยาม,2025-08-14,402,082-xxx-1297,False,2025-08-17,True,ซื้อแล้ว
C01539,สุดา,ชาย,18-24,2,B03,อารีย์,2025-12-25,269,089-xxx-6164,False,2026-01-22,True,ซื้อแล้ว
C01540,พิม,หญิง,45-54,5,B05,มหาวิทยาลัย,2026-07-08,74,088-xxx-2622,False,2026-07-27,True,ซื้อแล้ว
C01541,ธีร,หญิง,25-34,3,B05,มหาวิทยาลัย,2026-03-03,201,082-xxx-1222,False,2026-07-08,True,ซื้อแล้ว
C01542,รัตนา,หญิง,18-24,2,B04,บางนา,2026-08-28,23,089-xxx-5523,False,2026-09-17,True,ซื้อแล้ว
C01543,พิม,หญิง,55+,6,B05,มหาวิทยาลัย,2025-11-17,307,082-xxx-4879,False,2025-12-12,True,ซื้อแล้ว
C01544,วีระ,ชาย,18-24,2,B01,สยาม,2025-12-01,293,086-xxx-7367,False,2025-12-25,True,ซื้อแล้ว
C01545,ภัทร,หญิง,ต่ำกว่า 18,1,B02,สีลม,2026-04-27,146,089-xxx-6535,False,2026-05-02,True,ซื้อแล้ว
C01546,ชนา,ชาย,18-24,2,B04,บางนา,2026-01-11,252,084-xxx-1266,True,2026-02-21,True,ซื้อแล้ว
C01547,กิตติ,ชาย,35-44,4,B05,มหาวิทยาลัย,2025-10-15,340,083-xxx-2010,False,,False,ไม่เคยซื้อ
C01548,ธีร,ชาย,35-44,4,B03,อารีย์,2026-01-08,255,081-xxx-3904,False,2026-01-09,True,ซื้อแล้ว
C01549,ภัทร,หญิง,45-54,5,B02,สีลม,2025-09-14,371,081-xxx-5316,False,2025-09-22,True,ซื้อแล้ว
C01550,วีระ,หญิง,35-44,4,B02,สีลม,2026-01-27,236,086-xxx-9612,False,2026-02-17,True,ซื้อแล้ว
C01551,ภูมิ,หญิง,55+,6,B04,บางนา,2025-09-27,358,087-xxx-1485,False,2026-01-13,True,ซื้อแล้ว
C01552,วรรณ,หญิง,45-54,5,B05,มหาวิทยาลัย,2026-01-24,239,087-xxx-1116,False,2026-02-17,True,ซื้อแล้ว
C01553,เกศ,หญิง,25-34,3,B01,สยาม,2026-03-30,174,089-xxx-7685,False,2026-04-27,True,ซื้อแล้ว
C01554,ภัทร,ชาย,35-44,4,B05,มหาวิทยาลัย,2025-05-26,482,089-xxx-9636,False,2025-07-25,True,ซื้อแล้ว
C01555,ปิยะ,หญิง,35-44,4,B01,สยาม,2025-12-22,272,084-xxx-2355,False,2026-01-23,True,ซื้อแล้ว
C01556,ปวีณ,หญิง,18-24,2,B01,สยาม,2026-07-31,51,087-xxx-3245,False,2026-08-03,True,ซื้อแล้ว
C01557,ปิยะ,หญิง,35-44,4,B02,สีลม,2025-06-26,451,086-xxx-2889,False,,False,ไม่เคยซื้อ
C01558,ธีร,หญิง,25-34,3,B01,สยาม,2025-05-24,484,087-xxx-4644,False,2025-07-06,True,ซื้อแล้ว
C01559,ชนา,ชาย,18-24,2,B03,อารีย์,2026-08-11,40,086-xxx-3140,False,2026-09-16,True,ซื้อแล้ว
C01560,ณัฐ,หญิง,25-34,3,B02,สีลม,2025-10-28,327,081-xxx-9063,False,,False,ไม่เคยซื้อ
C01561,อัญชลี,หญิง,ต่ำกว่า 18,1,B02,สีลม,2026-02-02,230,084-xxx-3970,False,2026-02-19,True,ซื้อแล้ว
C01562,ภัทร,ชาย,25-34,3,B05,มหาวิทยาลัย,2025-05-02,506,081-xxx-7536,False,2025-06-14,True,ซื้อแล้ว
C01563,ชนา,หญิง,ต่ำกว่า 18,1,B02,สีลม,2025-09-17,368,089-xxx-7733,False,2025-11-21,True,ซื้อแล้ว
C01564,ปิยะ,ชาย,35-44,4,B05,มหาวิทยาลัย,2025-06-15,462,087-xxx-9297,False,2025-11-11,True,ซื้อแล้ว
C01565,จิรา,หญิง,18-24,2,B02,สีลม,2026-09-05,15,087-xxx-2727,False,,False,สมาชิกใหม่ ยังไม่ซื้อ
C01566,ภูมิ,ชาย,18-24,2,B04,บางนา,2025-12-14,280,085-xxx-2798,False,2025-12-14,True,ซื้อแล้ว
C01567,ธีร,หญิง,45-54,5,B01,สยาม,2026-06-12,100,086-xxx-3053,False,2026-06-16,True,ซื้อแล้ว
C01568,เกศ,หญิง,25-34,3,B04,บางนา,2025-04-17,521,081-xxx-4615,False,2025-04-17,True,ซื้อแล้ว
C01569,ชนา,ชาย,18-24,2,B04,บางนา,2026-08-28,23,084-xxx-6987,False,,False,สมาชิกใหม่ ยังไม่ซื้อ
C01570,อรุณ,หญิง,18-24,2,B02,สีลม,2026-08-23,28,089-xxx-8611,False,,False,สมาชิกใหม่ ยังไม่ซื้อ
C01571,ทิพย์,ชาย,25-34,3,B05,มหาวิทยาลัย,2026-05-13,130,082-xxx-4182,False,2026-06-22,True,ซื้อแล้ว
C01572,เกศ,ชาย,35-44,4,B04,บางนา,2026-04-26,147,088-xxx-6719,False,2026-04-26,True,ซื้อแล้ว
C01573,วีระ,หญิง,ต่ำกว่า 18,1,B02,สีลม,2026-06-03,109,085-xxx-1669,False,2026-06-16,True,ซื้อแล้ว
C01574,จิรา,หญิง,45-54,5,B05,มหาวิทยาลัย,2025-04-15,523,089-xxx-1754,False,2025-04-28,True,ซื้อแล้ว
C01575,ปวีณ,ชาย,18-24,2,B02,สีลม,2026-09-11,9,081-xxx-6387,False,2026-09-13,True,ซื้อแล้ว
C01576,สุดา,หญิง,25-34,3,B02,สีลม,2026-05-11,132,081-xxx-4667,False,2026-05-22,True,ซื้อแล้ว
C01577,ปิยะ,ชาย,18-24,2,B02,สีลม,2026-08-10,41,083-xxx-6474,False,,False,ไม่เคยซื้อ
C01578,ภูมิ,หญิง,35-44,4,B05,มหาวิทยาลัย,2026-07-05,77,088-xxx-6157,False,,False,ไม่เคยซื้อ
C01579,ชนา,หญิง,45-54,5,B04,บางนา,2026-05-14,129,083-xxx-7777,False,2026-09-20,True,ซื้อแล้ว
C01580,ภูมิ,หญิง,18-24,2,B03,อารีย์,2025-12-07,287,083-xxx-8342,False,2026-01-26,True,ซื้อแล้ว
C01581,กมล,ชาย,35-44,4,B05,มหาวิทยาลัย,2025-04-06,532,082-xxx-4538,False,2025-04-08,True,ซื้อแล้ว
C01582,ภัทร,ชาย,35-44,4,B04,บางนา,2026-04-27,146,084-xxx-6302,False,2026-05-05,True,ซื้อแล้ว
C01583,วรรณ,ชาย,55+,6,B02,สีลม,2026-08-16,35,081-xxx-9135,False,2026-08-30,True,ซื้อแล้ว
C01584,ธนา,ชาย,25-34,3,B05,มหาวิทยาลัย,2026-01-20,243,081-xxx-4184,False,2026-03-23,True,ซื้อแล้ว
C01585,อรุณ,ชาย,25-34,3,B04,บางนา,2026-04-16,157,085-xxx-3169,False,2026-06-11,True,ซื้อแล้ว
C01586,ภัทร,หญิง,18-24,2,B05,มหาวิทยาลัย,2026-05-01,142,086-xxx-1846,False,2026-08-17,True,ซื้อแล้ว
C01587,ภัทร,ชาย,18-24,2,B04,บางนา,2026-06-23,89,089-xxx-4837,False,2026-08-22,True,ซื้อแล้ว
C01588,กิตติ,หญิง,18-24,2,B05,มหาวิทยาลัย,2025-10-02,353,087-xxx-9549,False,2026-03-23,True,ซื้อแล้ว
C01589,ทิพย์,หญิง,ต่ำกว่า 18,1,B05,มหาวิทยาลัย,2026-02-03,229,084-xxx-7481,False,2026-08-15,True,ซื้อแล้ว
C01590,กิตติ,ชาย,25-34,3,B05,มหาวิทยาลัย,2026-05-06,137,089-xxx-1810,False,2026-05-14,True,ซื้อแล้ว
C01591,เกศ,หญิง,45-54,5,B05,มหาวิทยาลัย,2025-12-05,289,082-xxx-5944,False,,False,ไม่เคยซื้อ
C01592,รัตนา,หญิง,45-54,5,B05,มหาวิทยาลัย,2025-09-10,375,087-xxx-4856,False,2025-10-09,True,ซื้อแล้ว
C01593,กมล,หญิง,18-24,2,B02,สีลม,2026-09-01,19,085-xxx-8533,False,2026-09-06,True,ซื้อแล้ว
C01594,สมชาย,ชาย,25-34,3,B05,มหาวิทยาลัย,2026-04-18,155,086-xxx-9858,False,2026-06-05,True,ซื้อแล้ว
C01595,กิตติ,ชาย,45-54,5,B05,มหาวิทยาลัย,2026-08-16,35,081-xxx-1339,False,,False,ไม่เคยซื้อ
C01596,นภัส,ชาย,18-24,2,B02,สีลม,2026-03-13,191,084-xxx-2534,False,2026-03-17,True,ซื้อแล้ว
C01597,รัตนา,ชาย,25-34,3,B01,สยาม,2025-11-22,302,084-xxx-8049,False,2025-11-30,True,ซื้อแล้ว
C01598,ธีร,หญิง,25-34,3,B01,สยาม,2025-11-07,317,084-xxx-3969,False,2025-12-17,True,ซื้อแล้ว
C01599,ภัทร,หญิง,45-54,5,B02,สีลม,2026-03-15,189,086-xxx-4738,False,2026-05-19,True,ซื้อแล้ว
C01600,จิรา,หญิง,35-44,4,B01,สยาม,2025-09-28,357,083-xxx-7110,False,2025-09-30,True,ซื้อแล้ว
C01601,ภัทร,ชาย,35-44,4,B04,บางนา,2026-03-30,174,088-xxx-9635,False,2026-07-11,True,ซื้อแล้ว
C01602,นภัส,หญิง,45-54,5,B01,สยาม,2026-01-21,242,084-xxx-9320,False,2026-07-11,True,ซื้อแล้ว
C01603,สมชาย,หญิง,18-24,2,B01,สยาม,2026-06-01,111,087-xxx-1751,False,2026-06-06,True,ซื้อแล้ว
C01604,กมล,ชาย,18-24,2,B02,สีลม,2026-09-13,7,083-xxx-1816,False,,False,สมาชิกใหม่ ยังไม่ซื้อ
C01605,สุดา,หญิง,45-54,5,B02,สีลม,2026-03-20,184,088-xxx-7594,False,2026-03-27,True,ซื้อแล้ว
C01606,ธีร,ชาย,25-34,3,B01,สยาม,2025-06-23,454,081-xxx-7687,False,2025-07-16,True,ซื้อแล้ว
C01607,สมชาย,หญิง,35-44,4,B02,สีลม,2026-06-23,89,087-xxx-8068,False,,False,ไม่เคยซื้อ
C01608,จิรา,ชาย,25-34,3,B01,สยาม,2025-09-05,380,081-xxx-9450,False,2025-09-28,True,ซื้อแล้ว
C01609,วีระ,หญิง,45-54,5,B01,สยาม,2025-11-10,314,089-xxx-9508,False,2026-01-06,True,ซื้อแล้ว
C01610,กิตติ,ชาย,45-54,5,B01,สยาม,2025-07-02,445,087-xxx-2779,False,2025-07-13,True,ซื้อแล้ว
C01611,วีระ,ชาย,35-44,4,B04,บางนา,2025-12-05,289,089-xxx-8564,False,2025-12-14,True,ซื้อแล้ว
C01612,นภัส,ชาย,25-34,3,B05,มหาวิทยาลัย,2025-12-13,281,087-xxx-7186,False,2026-03-17,True,ซื้อแล้ว
C01613,สุดา,หญิง,18-24,2,B01,สยาม,2026-05-02,141,085-xxx-9212,False,,False,ไม่เคยซื้อ
C01614,ธนา,ไม่ระบุ,45-54,5,B04,บางนา,2025-07-20,427,088-xxx-4837,False,2025-08-09,True,ซื้อแล้ว
C01615,สุดา,ชาย,18-24,2,B04,บางนา,2026-04-30,143,085-xxx-1911,False,2026-05-16,True,ซื้อแล้ว
C01616,นภัส,ชาย,25-34,3,B03,อารีย์,2026-01-07,256,087-xxx-7795,False,2026-02-24,True,ซื้อแล้ว
C01617,เกศ,หญิง,25-34,3,B03,อารีย์,2026-04-18,155,088-xxx-1515,False,2026-04-28,True,ซื้อแล้ว
C01618,สุดา,ชาย,ต่ำกว่า 18,1,B04,บางนา,2026-09-08,12,088-xxx-7640,False,,False,สมาชิกใหม่ ยังไม่ซื้อ
C01619,ชนา,ชาย,18-24,2,B01,สยาม,2025-10-28,327,082-xxx-3694,False,2025-11-02,True,ซื้อแล้ว
C01620,มานพ,ชาย,35-44,4,B02,สีลม,2025-05-14,494,081-xxx-7144,False,2025-05-30,True,ซื้อแล้ว
C01621,ธนา,หญิง,35-44,4,B03,อารีย์,2026-05-31,112,088-xxx-9405,False,2026-06-11,True,ซื้อแล้ว
C01622,สุดา,ไม่ระบุ,25-34,3,B04,บางนา,2026-03-18,186,083-xxx-3291,False,2026-05-30,True,ซื้อแล้ว
C01623,ธีร,หญิง,35-44,4,B01,สยาม,2026-04-02,171,085-xxx-8928,True,2026-04-12,True,ซื้อแล้ว
C01624,จิรา,หญิง,18-24,2,B01,สยาม,2025-12-11,283,084-xxx-7205,False,2026-02-09,True,ซื้อแล้ว
C01625,ณัฐ,ไม่ระบุ,ต่ำกว่า 18,1,B03,อารีย์,2026-02-16,216,081-xxx-1272,False,2026-02-16,True,ซื้อแล้ว
C01626,ภัทร,ชาย,18-24,2,B02,สีลม,2026-08-16,35,082-xxx-2824,False,2026-08-29,True,ซื้อแล้ว
C01627,ธนา,หญิง,18-24,2,B05,มหาวิทยาลัย,2026-02-13,219,085-xxx-4429,False,2026-03-06,True,ซื้อแล้ว
C01628,ทิพย์,ชาย,25-34,3,B03,อารีย์,2026-07-06,76,082-xxx-1770,False,,False,ไม่เคยซื้อ
C01629,ภูมิ,ไม่ระบุ,18-24,2,B04,บางนา,2026-02-15,217,082-xxx-7791,False,,False,ไม่เคยซื้อ
C01630,อัญชลี,ชาย,55+,6,B01,สยาม,2025-07-27,420,085-xxx-7448,False,2025-08-16,True,ซื้อแล้ว
C01631,อัญชลี,หญิง,18-24,2,B02,สีลม,2025-06-15,462,085-xxx-2102,False,2025-06-17,True,ซื้อแล้ว
C01632,ณัฐ,หญิง,ต่ำกว่า 18,1,B05,มหาวิทยาลัย,2026-08-26,25,089-xxx-3952,False,,False,สมาชิกใหม่ ยังไม่ซื้อ
C01633,กมล,หญิง,45-54,5,B05,มหาวิทยาลัย,2025-08-05,411,081-xxx-9642,False,2025-08-21,True,ซื้อแล้ว
C01634,กิตติ,หญิง,18-24,2,B05,มหาวิทยาลัย,2025-09-26,359,087-xxx-7518,False,2025-11-18,True,ซื้อแล้ว
C01635,ธีร,หญิง,18-24,2,B01,สยาม,2026-04-28,145,081-xxx-8023,True,,False,ไม่เคยซื้อ
C01636,ชนา,หญิง,ต่ำกว่า 18,1,B05,มหาวิทยาลัย,2025-04-09,529,089-xxx-8972,False,2025-06-06,True,ซื้อแล้ว
C01637,นภัส,ชาย,35-44,4,B02,สีลม,2026-08-11,40,081-xxx-7786,False,,False,ไม่เคยซื้อ
C01638,ภูมิ,หญิง,25-34,3,B01,สยาม,2026-03-11,193,085-xxx-4243,False,2026-03-14,True,ซื้อแล้ว
C01639,ทิพย์,หญิง,18-24,2,B02,สีลม,2026-02-04,228,087-xxx-2429,False,2026-02-17,True,ซื้อแล้ว
C01640,ชนา,ชาย,35-44,4,B04,บางนา,2026-06-29,83,087-xxx-8811,False,2026-07-07,True,ซื้อแล้ว
C01641,ธนา,หญิง,35-44,4,B02,สีลม,2025-08-07,409,083-xxx-5803,False,2025-09-29,True,ซื้อแล้ว
C01642,อรุณ,หญิง,25-34,3,B03,อารีย์,2026-09-13,7,082-xxx-6059,False,,False,สมาชิกใหม่ ยังไม่ซื้อ
C01643,อรุณ,ชาย,18-24,2,B05,มหาวิทยาลัย,2026-08-11,40,083-xxx-9131,False,2026-09-02,True,ซื้อแล้ว
C01644,ณัฐ,หญิง,25-34,3,B01,สยาม,2025-04-22,516,084-xxx-1203,False,2025-05-28,True,ซื้อแล้ว
C01645,พิม,หญิง,35-44,4,B03,อารีย์,2026-01-26,237,089-xxx-6442,False,2026-01-28,True,ซื้อแล้ว
C01646,วรรณ,ชาย,35-44,4,B01,สยาม,2026-07-27,55,084-xxx-4145,False,,False,ไม่เคยซื้อ
C01647,ปวีณ,หญิง,25-34,3,B04,บางนา,2025-08-20,396,086-xxx-9481,False,2025-09-07,True,ซื้อแล้ว
C01648,ณัฐ,ชาย,18-24,2,B02,สีลม,2025-07-07,440,083-xxx-4687,False,,False,ไม่เคยซื้อ
C01649,ทิพย์,หญิง,25-34,3,B05,มหาวิทยาลัย,2025-12-30,264,089-xxx-7387,False,2026-02-14,True,ซื้อแล้ว
C01650,สุดา,ไม่ระบุ,35-44,4,B03,อารีย์,2026-07-05,77,082-xxx-8763,False,2026-08-10,True,ซื้อแล้ว
C01651,ภัทร,หญิง,35-44,4,B03,อารีย์,2025-12-27,267,082-xxx-2536,False,2025-12-28,True,ซื้อแล้ว
C01652,อัญชลี,ไม่ระบุ,45-54,5,B05,มหาวิทยาลัย,2026-02-14,218,085-xxx-2390,False,2026-03-17,True,ซื้อแล้ว
C01653,จิรา,ชาย,25-34,3,B04,บางนา,2025-10-21,334,082-xxx-8408,False,2025-10-27,True,ซื้อแล้ว
C01654,กมล,ไม่ระบุ,45-54,5,B01,สยาม,2025-12-23,271,089-xxx-3909,False,2026-01-31,True,ซื้อแล้ว
C01655,สมชาย,หญิง,45-54,5,B05,มหาวิทยาลัย,2026-07-20,62,083-xxx-2786,False,2026-07-26,True,ซื้อแล้ว
C01656,ภัทร,หญิง,55+,6,B02,สีลม,2025-06-20,457,088-xxx-5136,False,2025-07-10,True,ซื้อแล้ว
C01657,อัญชลี,หญิง,18-24,2,B03,อารีย์,2026-08-01,50,081-xxx-1630,False,2026-08-22,True,ซื้อแล้ว
C01658,ปิยะ,ไม่ระบุ,25-34,3,B01,สยาม,2025-09-15,370,085-xxx-5988,False,2025-09-19,True,ซื้อแล้ว
C01659,รัตนา,หญิง,35-44,4,B02,สีลม,2026-01-21,242,081-xxx-4963,False,2026-03-10,True,ซื้อแล้ว
C01660,ภัทร,หญิง,35-44,4,B01,สยาม,2025-06-14,463,084-xxx-3170,False,,False,ไม่เคยซื้อ
C01661,ณัฐ,หญิง,25-34,3,B04,บางนา,2026-07-21,61,087-xxx-3481,False,,False,ไม่เคยซื้อ
C01662,ภูมิ,ชาย,18-24,2,B05,มหาวิทยาลัย,2026-09-02,18,082-xxx-3844,False,,False,สมาชิกใหม่ ยังไม่ซื้อ
C01663,ศิริ,หญิง,45-54,5,B05,มหาวิทยาลัย,2025-12-30,264,085-xxx-7006,False,2026-02-20,True,ซื้อแล้ว
C01664,กมล,หญิง,25-34,3,B01,สยาม,2025-06-16,461,089-xxx-5470,False,2025-06-28,True,ซื้อแล้ว
C01665,ธีร,หญิง,18-24,2,B03,อารีย์,2025-12-02,292,088-xxx-3192,False,2025-12-10,True,ซื้อแล้ว
C01666,วรรณ,ชาย,18-24,2,B03,อารีย์,2026-03-18,186,087-xxx-2665,False,2026-03-28,True,ซื้อแล้ว
C01667,กมล,หญิง,25-34,3,B01,สยาม,2025-04-05,533,082-xxx-9417,False,2025-04-10,True,ซื้อแล้ว
C01668,ทิพย์,หญิง,18-24,2,B04,บางนา,2025-04-21,517,088-xxx-3038,False,2025-04-24,True,ซื้อแล้ว
C01669,พิม,หญิง,35-44,4,B05,มหาวิทยาลัย,2025-04-10,528,087-xxx-8915,False,2025-04-12,True,ซื้อแล้ว
C01670,กมล,หญิง,18-24,2,B01,สยาม,2026-02-07,225,081-xxx-1016,False,2026-05-10,True,ซื้อแล้ว
C01671,พิม,หญิง,18-24,2,B04,บางนา,2025-06-16,461,088-xxx-3107,False,2025-07-07,True,ซื้อแล้ว
C01672,วีระ,ชาย,25-34,3,B02,สีลม,2026-07-04,78,083-xxx-7925,False,,False,ไม่เคยซื้อ
C01673,เกศ,ชาย,25-34,3,B02,สีลม,2025-07-21,426,082-xxx-5671,False,2025-08-14,True,ซื้อแล้ว
C01674,เกศ,หญิง,25-34,3,B05,มหาวิทยาลัย,2026-04-26,147,085-xxx-2095,False,2026-05-24,True,ซื้อแล้ว
C01675,นภัส,ชาย,25-34,3,B02,สีลม,2025-07-16,431,081-xxx-6017,False,2025-08-10,True,ซื้อแล้ว
C01676,ณัฐ,หญิง,35-44,4,B03,อารีย์,2025-12-11,283,084-xxx-4159,False,2026-01-24,True,ซื้อแล้ว
C01677,ศิริ,หญิง,18-24,2,B04,บางนา,2026-02-20,212,081-xxx-1453,False,2026-02-24,True,ซื้อแล้ว
C01678,จิรา,ชาย,18-24,2,B05,มหาวิทยาลัย,2025-08-24,392,089-xxx-8633,False,,False,ไม่เคยซื้อ
C01679,อัญชลี,หญิง,55+,6,B02,สีลม,2026-04-28,145,085-xxx-7147,False,2026-05-02,True,ซื้อแล้ว
C01680,เกศ,หญิง,35-44,4,B05,มหาวิทยาลัย,2026-06-14,98,081-xxx-1126,False,2026-06-28,True,ซื้อแล้ว
C01681,ธนา,ชาย,18-24,2,B01,สยาม,2026-02-15,217,081-xxx-2255,False,2026-03-02,True,ซื้อแล้ว
C01682,ภูมิ,หญิง,25-34,3,B05,มหาวิทยาลัย,2026-07-13,69,088-xxx-9918,False,2026-07-16,True,ซื้อแล้ว
C01683,ธีร,ไม่ระบุ,25-34,3,B03,อารีย์,2025-12-21,273,087-xxx-9868,False,2026-02-25,True,ซื้อแล้ว
C01684,สุดา,หญิง,35-44,4,B01,สยาม,2026-01-13,250,088-xxx-2262,False,2026-03-02,True,ซื้อแล้ว
C01685,อัญชลี,หญิง,ต่ำกว่า 18,1,B05,มหาวิทยาลัย,2026-01-31,232,086-xxx-6312,False,,False,ไม่เคยซื้อ
C01686,สมชาย,หญิง,45-54,5,B05,มหาวิทยาลัย,2025-04-08,530,086-xxx-5070,False,2025-06-05,True,ซื้อแล้ว
C01687,จิรา,ชาย,18-24,2,B04,บางนา,2025-05-04,504,082-xxx-4554,False,2025-05-08,True,ซื้อแล้ว
C01688,อรุณ,ชาย,18-24,2,B04,บางนา,2026-05-08,135,089-xxx-2371,False,2026-05-17,True,ซื้อแล้ว
C01689,ณัฐ,หญิง,25-34,3,B04,บางนา,2026-05-12,131,088-xxx-4079,False,2026-05-18,True,ซื้อแล้ว
C01690,ธีร,หญิง,35-44,4,B01,สยาม,2025-04-18,520,086-xxx-7152,False,2025-05-22,True,ซื้อแล้ว
C01691,ภูมิ,หญิง,25-34,3,B05,มหาวิทยาลัย,2025-04-17,521,087-xxx-1215,False,,False,ไม่เคยซื้อ
C01692,ศิริ,หญิง,25-34,3,B01,สยาม,2025-05-09,499,086-xxx-5669,False,,False,ไม่เคยซื้อ
C01693,ชนา,หญิง,35-44,4,B01,สยาม,2026-02-22,210,081-xxx-1879,False,,False,ไม่เคยซื้อ
C01694,รัตนา,หญิง,35-44,4,B01,สยาม,2026-04-05,168,087-xxx-9809,False,2026-04-11,True,ซื้อแล้ว
C01695,อัญชลี,ชาย,25-34,3,B05,มหาวิทยาลัย,2026-02-28,204,088-xxx-4993,False,2026-03-03,True,ซื้อแล้ว
C01696,ปวีณ,หญิง,35-44,4,B01,สยาม,2026-01-18,245,082-xxx-4401,False,2026-01-20,True,ซื้อแล้ว
C01697,ภัทร,ชาย,35-44,4,B02,สีลม,2025-12-06,288,088-xxx-4768,False,2026-03-10,True,ซื้อแล้ว
C01698,นภัส,หญิง,35-44,4,B02,สีลม,2025-07-20,427,089-xxx-1264,False,2025-07-26,True,ซื้อแล้ว
C01699,ทิพย์,หญิง,18-24,2,B03,อารีย์,2026-06-18,94,083-xxx-8403,False,2026-06-21,True,ซื้อแล้ว
C01700,ณัฐ,ชาย,45-54,5,B05,มหาวิทยาลัย,2025-09-25,360,083-xxx-4446,False,2025-09-30,True,ซื้อแล้ว
C01701,พิม,หญิง,35-44,4,B04,บางนา,2026-09-05,15,082-xxx-5138,False,,False,สมาชิกใหม่ ยังไม่ซื้อ
C01702,จิรา,หญิง,ต่ำกว่า 18,1,B05,มหาวิทยาลัย,2026-04-01,172,081-xxx-3870,False,2026-04-01,True,ซื้อแล้ว
C01703,วีระ,หญิง,35-44,4,B05,มหาวิทยาลัย,2026-08-27,24,084-xxx-8727,False,2026-09-16,True,ซื้อแล้ว
C01704,ธีร,หญิง,35-44,4,B01,สยาม,2026-07-18,64,088-xxx-8247,False,2026-08-01,True,ซื้อแล้ว
C01705,มานพ,ชาย,35-44,4,B05,มหาวิทยาลัย,2026-03-09,195,088-xxx-5206,False,2026-03-25,True,ซื้อแล้ว
C01706,จิรา,หญิง,18-24,2,B02,สีลม,2026-02-09,223,085-xxx-7812,False,2026-03-14,True,ซื้อแล้ว
C01707,รัตนา,ชาย,18-24,2,B03,อารีย์,2026-09-07,13,088-xxx-9840,True,,False,สมาชิกใหม่ ยังไม่ซื้อ
C01708,รัตนา,หญิง,35-44,4,B01,สยาม,2025-09-05,380,084-xxx-3486,False,2025-10-12,True,ซื้อแล้ว
C01709,ศิริ,ชาย,25-34,3,B02,สีลม,2025-04-25,513,081-xxx-4252,False,2025-04-29,True,ซื้อแล้ว
C01710,ธนา,ชาย,25-34,3,B05,มหาวิทยาลัย,2025-12-16,278,084-xxx-6906,False,2026-03-09,True,ซื้อแล้ว
C01711,ภูมิ,หญิง,55+,6,B02,สีลม,2025-08-15,401,089-xxx-4572,False,2025-10-14,True,ซื้อแล้ว
C01712,กมล,หญิง,25-34,3,B03,อารีย์,2026-08-21,30,089-xxx-9112,False,,False,สมาชิกใหม่ ยังไม่ซื้อ
C01713,ศิริ,หญิง,18-24,2,B05,มหาวิทยาลัย,2026-01-04,259,082-xxx-5590,False,2026-01-10,True,ซื้อแล้ว
C01714,ธีร,หญิง,18-24,2,B05,มหาวิทยาลัย,2026-09-05,15,082-xxx-1515,False,2026-09-11,True,ซื้อแล้ว
C01715,อรุณ,ชาย,55+,6,B01,สยาม,2025-05-27,481,087-xxx-9429,False,2025-06-07,True,ซื้อแล้ว
C01716,ชนา,ไม่ระบุ,ต่ำกว่า 18,1,B02,สีลม,2026-04-18,155,082-xxx-3039,False,,False,ไม่เคยซื้อ
C01717,เกศ,ชาย,45-54,5,B01,สยาม,2026-09-07,13,081-xxx-1981,False,2026-09-17,True,ซื้อแล้ว
C01718,จิรา,หญิง,18-24,2,B01,สยาม,2026-06-09,103,084-xxx-6742,False,2026-07-16,True,ซื้อแล้ว
C01719,ปิยะ,หญิง,35-44,4,B01,สยาม,2025-10-16,339,083-xxx-9378,False,,False,ไม่เคยซื้อ
C01720,ภัทร,หญิง,25-34,3,B05,มหาวิทยาลัย,2025-10-31,324,085-xxx-2047,False,2025-11-05,True,ซื้อแล้ว
C01721,ศิริ,ชาย,25-34,3,B04,บางนา,2026-01-24,239,081-xxx-7952,False,2026-01-30,True,ซื้อแล้ว
C01722,อรุณ,ชาย,18-24,2,B02,สีลม,2025-11-10,314,082-xxx-2372,False,2025-11-14,True,ซื้อแล้ว
C01723,กิตติ,ชาย,25-34,3,B01,สยาม,2026-01-11,252,083-xxx-5546,False,2026-03-05,True,ซื้อแล้ว
C01724,ปวีณ,หญิง,35-44,4,B02,สีลม,2026-06-07,105,081-xxx-2516,False,,False,ไม่เคยซื้อ
C01725,ทิพย์,หญิง,25-34,3,B02,สีลม,2025-11-12,312,089-xxx-6211,False,2025-12-19,True,ซื้อแล้ว
C01726,ภูมิ,ชาย,18-24,2,B02,สีลม,2025-08-17,399,086-xxx-9763,False,2025-08-20,True,ซื้อแล้ว
C01727,ธนา,หญิง,35-44,4,B01,สยาม,2025-12-28,266,082-xxx-5056,False,2026-01-06,True,ซื้อแล้ว
C01728,กมล,หญิง,18-24,2,B05,มหาวิทยาลัย,2025-10-04,351,083-xxx-2017,False,2025-11-13,True,ซื้อแล้ว
C01729,อรุณ,หญิง,35-44,4,B01,สยาม,2026-05-27,116,083-xxx-8491,False,2026-05-31,True,ซื้อแล้ว
C01730,จิรา,ชาย,25-34,3,B01,สยาม,2026-01-03,260,083-xxx-2247,False,2026-03-02,True,ซื้อแล้ว
C01731,นภัส,หญิง,25-34,3,B04,บางนา,2025-04-10,528,086-xxx-1133,False,2025-04-21,True,ซื้อแล้ว
C01732,พิม,หญิง,ต่ำกว่า 18,1,B01,สยาม,2025-10-21,334,082-xxx-5432,False,2025-10-28,True,ซื้อแล้ว
C01733,สุดา,หญิง,25-34,3,B01,สยาม,2026-05-25,118,082-xxx-2003,False,,False,ไม่เคยซื้อ
C01734,นภัส,ชาย,18-24,2,B01,สยาม,2026-07-24,58,085-xxx-7873,False,,False,ไม่เคยซื้อ
C01735,พิม,หญิง,ต่ำกว่า 18,1,B03,อารีย์,2026-08-06,45,089-xxx-5860,False,2026-08-18,True,ซื้อแล้ว
C01736,ธนา,ชาย,25-34,3,B01,สยาม,2026-08-19,32,084-xxx-2325,False,,False,ไม่เคยซื้อ
C01737,สุดา,หญิง,ต่ำกว่า 18,1,B03,อารีย์,2026-07-11,71,087-xxx-9772,False,,False,ไม่เคยซื้อ
C01738,วีระ,หญิง,18-24,2,B03,อารีย์,2026-06-05,107,082-xxx-8697,False,2026-06-06,True,ซื้อแล้ว
C01739,สมชาย,หญิง,18-24,2,B02,สีลม,2026-01-21,242,088-xxx-3111,False,2026-02-10,True,ซื้อแล้ว
C01740,พิม,หญิง,35-44,4,B01,สยาม,2026-08-30,21,081-xxx-9879,False,2026-09-06,True,ซื้อแล้ว
C01741,ชนา,ไม่ระบุ,18-24,2,B02,สีลม,2026-05-21,122,083-xxx-2065,True,2026-06-11,True,ซื้อแล้ว
C01742,อัญชลี,ชาย,35-44,4,B04,บางนา,2025-12-17,277,086-xxx-2291,False,,False,ไม่เคยซื้อ
C01743,วรรณ,ชาย,25-34,3,B05,มหาวิทยาลัย,2025-04-29,509,081-xxx-2249,False,2025-05-13,True,ซื้อแล้ว
C01744,อรุณ,ชาย,25-34,3,B01,สยาม,2026-04-05,168,084-xxx-7651,False,,False,ไม่เคยซื้อ
C01745,กิตติ,หญิง,35-44,4,B04,บางนา,2026-08-17,34,088-xxx-1693,False,2026-09-19,True,ซื้อแล้ว
C01746,ชนา,ชาย,18-24,2,B04,บางนา,2026-06-26,86,083-xxx-7165,False,,False,ไม่เคยซื้อ
C01747,พิม,ชาย,25-34,3,B05,มหาวิทยาลัย,2025-12-12,282,085-xxx-6837,False,2026-02-01,True,ซื้อแล้ว
C01748,ภูมิ,ชาย,18-24,2,B04,บางนา,2026-08-29,22,082-xxx-9072,False,,False,สมาชิกใหม่ ยังไม่ซื้อ
C01749,อัญชลี,ชาย,25-34,3,B03,อารีย์,2025-12-06,288,088-xxx-6511,False,2025-12-20,True,ซื้อแล้ว
C01750,อัญชลี,หญิง,45-54,5,B02,สีลม,2026-06-20,92,081-xxx-8326,False,,False,ไม่เคยซื้อ
C01751,กมล,หญิง,35-44,4,B02,สีลม,2026-02-24,208,081-xxx-2126,False,2026-03-09,True,ซื้อแล้ว
C01752,อัญชลี,ชาย,18-24,2,B05,มหาวิทยาลัย,2026-02-20,212,082-xxx-2689,False,2026-03-20,True,ซื้อแล้ว
C01753,พิม,หญิง,25-34,3,B01,สยาม,2025-10-20,335,087-xxx-7592,False,2025-10-20,True,ซื้อแล้ว
C01754,ทิพย์,ชาย,35-44,4,B05,มหาวิทยาลัย,2026-08-18,33,088-xxx-1058,False,,False,ไม่เคยซื้อ
C01755,วรรณ,หญิง,25-34,3,B03,อารีย์,2026-03-02,202,081-xxx-9209,False,2026-04-05,True,ซื้อแล้ว
C01756,จิรา,หญิง,35-44,4,B02,สีลม,2026-08-29,22,087-xxx-8563,False,,False,สมาชิกใหม่ ยังไม่ซื้อ
C01757,อัญชลี,ชาย,18-24,2,B05,มหาวิทยาลัย,2026-08-17,34,084-xxx-8385,False,2026-08-26,True,ซื้อแล้ว
C01758,สุดา,หญิง,25-34,3,B05,มหาวิทยาลัย,2026-01-08,255,086-xxx-7127,True,,False,ไม่เคยซื้อ
C01759,ศิริ,หญิง,18-24,2,B01,สยาม,2025-09-27,358,088-xxx-6767,False,2025-09-29,True,ซื้อแล้ว
C01760,ปวีณ,หญิง,25-34,3,B03,อารีย์,2026-02-08,224,087-xxx-2029,False,2026-03-19,True,ซื้อแล้ว
C01761,ศิริ,หญิง,18-24,2,B01,สยาม,2026-06-07,105,089-xxx-1139,False,,False,ไม่เคยซื้อ
C01762,อรุณ,ชาย,25-34,3,B05,มหาวิทยาลัย,2026-03-21,183,082-xxx-4420,False,2026-04-08,True,ซื้อแล้ว
C01763,อัญชลี,ชาย,25-34,3,B02,สีลม,2026-02-13,219,081-xxx-2887,False,2026-03-05,True,ซื้อแล้ว
C01764,ชนา,หญิง,55+,6,B05,มหาวิทยาลัย,2025-09-22,363,082-xxx-2047,False,2025-11-06,True,ซื้อแล้ว
C01765,สมชาย,หญิง,45-54,5,B03,อารีย์,2026-06-20,92,086-xxx-6395,False,2026-06-25,True,ซื้อแล้ว
C01766,กมล,ชาย,25-34,3,B03,อารีย์,2025-12-30,264,084-xxx-8035,False,2026-01-08,True,ซื้อแล้ว
C01767,นภัส,หญิง,18-24,2,B04,บางนา,2026-07-16,66,083-xxx-3833,False,,False,ไม่เคยซื้อ
C01768,ชนา,หญิง,25-34,3,B01,สยาม,2026-04-04,169,082-xxx-7231,False,2026-05-30,True,ซื้อแล้ว
C01769,วีระ,หญิง,35-44,4,B05,มหาวิทยาลัย,2025-10-22,333,083-xxx-8520,False,2025-11-03,True,ซื้อแล้ว
C01770,รัตนา,ชาย,35-44,4,B02,สีลม,2025-11-11,313,082-xxx-8593,False,2025-11-14,True,ซื้อแล้ว
C01771,มานพ,หญิง,25-34,3,B02,สีลม,2026-02-24,208,082-xxx-1957,False,2026-04-01,True,ซื้อแล้ว
C01772,สุดา,หญิง,25-34,3,B05,มหาวิทยาลัย,2026-07-29,53,086-xxx-7441,False,,False,ไม่เคยซื้อ
C01773,อรุณ,หญิง,55+,6,B02,สีลม,2026-01-29,234,082-xxx-9132,False,2026-02-11,True,ซื้อแล้ว
C01774,อรุณ,หญิง,18-24,2,B04,บางนา,2026-09-06,14,084-xxx-1951,False,,False,สมาชิกใหม่ ยังไม่ซื้อ
C01775,ปวีณ,ชาย,35-44,4,B05,มหาวิทยาลัย,2025-12-18,276,081-xxx-1975,False,2026-02-17,True,ซื้อแล้ว
C01776,สุดา,หญิง,18-24,2,B03,อารีย์,2026-01-04,259,087-xxx-5842,False,2026-01-04,True,ซื้อแล้ว
C01777,มานพ,ชาย,25-34,3,B01,สยาม,2025-12-29,265,089-xxx-8005,False,2026-01-01,True,ซื้อแล้ว
C01778,พิม,ไม่ระบุ,45-54,5,B02,สีลม,2025-09-22,363,081-xxx-9410,False,2025-09-24,True,ซื้อแล้ว
C01779,รัตนา,ชาย,45-54,5,B04,บางนา,2025-08-09,407,087-xxx-9420,False,2025-09-15,True,ซื้อแล้ว
C01780,ภัทร,หญิง,18-24,2,B04,บางนา,2025-10-11,344,082-xxx-1558,False,2025-10-31,True,ซื้อแล้ว
C01781,ศิริ,หญิง,45-54,5,B01,สยาม,2025-04-27,511,083-xxx-1869,False,2025-05-08,True,ซื้อแล้ว
C01782,ภัทร,หญิง,25-34,3,B02,สีลม,2025-10-18,337,081-xxx-9799,False,2025-11-09,True,ซื้อแล้ว
C01783,ภูมิ,หญิง,18-24,2,B02,สีลม,2026-02-18,214,089-xxx-7040,False,2026-03-18,True,ซื้อแล้ว
C01784,อัญชลี,หญิง,18-24,2,B02,สีลม,2026-01-11,252,082-xxx-2023,False,2026-01-14,True,ซื้อแล้ว
C01785,ณัฐ,หญิง,25-34,3,B02,สีลม,2026-04-10,163,088-xxx-1445,False,2026-05-13,True,ซื้อแล้ว
C01786,อัญชลี,ชาย,18-24,2,B05,มหาวิทยาลัย,2026-09-06,14,081-xxx-9139,False,,False,สมาชิกใหม่ ยังไม่ซื้อ
C01787,สุดา,ชาย,18-24,2,B02,สีลม,2026-04-05,168,084-xxx-5263,False,2026-04-08,True,ซื้อแล้ว
C01788,วรรณ,ชาย,45-54,5,B02,สีลม,2025-11-12,312,081-xxx-3166,False,2025-12-19,True,ซื้อแล้ว
C01789,เกศ,หญิง,18-24,2,B01,สยาม,2025-11-11,313,085-xxx-4727,False,2026-02-14,True,ซื้อแล้ว
C01790,ชนา,หญิง,45-54,5,B03,อารีย์,2026-01-08,255,082-xxx-8047,False,2026-01-16,True,ซื้อแล้ว
C01791,มานพ,ชาย,25-34,3,B05,มหาวิทยาลัย,2026-02-22,210,087-xxx-5087,False,2026-03-24,True,ซื้อแล้ว
C01792,รัตนา,หญิง,18-24,2,B02,สีลม,2025-08-07,409,083-xxx-6646,False,,False,ไม่เคยซื้อ
C01793,ณัฐ,หญิง,45-54,5,B01,สยาม,2025-05-18,490,087-xxx-3972,False,2025-06-11,True,ซื้อแล้ว
C01794,ภูมิ,ชาย,18-24,2,B04,บางนา,2026-04-10,163,085-xxx-6127,False,2026-07-14,True,ซื้อแล้ว
C01795,ศิริ,ไม่ระบุ,18-24,2,B01,สยาม,2025-06-05,472,082-xxx-6128,False,2025-06-09,True,ซื้อแล้ว
C01796,ชนา,ชาย,55+,6,B02,สีลม,2025-05-05,503,082-xxx-9604,False,2025-05-12,True,ซื้อแล้ว
C01797,จิรา,ชาย,25-34,3,B01,สยาม,2025-12-11,283,088-xxx-1045,False,2025-12-28,True,ซื้อแล้ว
C01798,นภัส,ชาย,35-44,4,B02,สีลม,2026-06-03,109,087-xxx-1544,False,,False,ไม่เคยซื้อ
C01799,ทิพย์,หญิง,35-44,4,B01,สยาม,2025-11-07,317,081-xxx-5915,False,2025-11-13,True,ซื้อแล้ว
C01800,กมล,ชาย,35-44,4,B05,มหาวิทยาลัย,2026-04-23,150,088-xxx-7596,False,2026-09-10,True,ซื้อแล้ว
C01801,อรุณ,ชาย,25-34,3,B02,สีลม,2026-02-16,216,085-xxx-9047,False,2026-03-04,True,ซื้อแล้ว
C01802,ภูมิ,หญิง,18-24,2,B04,บางนา,2025-07-14,433,083-xxx-8910,False,2025-07-22,True,ซื้อแล้ว
C01803,กมล,ไม่ระบุ,25-34,3,B02,สีลม,2025-12-12,282,089-xxx-7445,False,2026-03-20,True,ซื้อแล้ว
C01804,ชนา,ชาย,25-34,3,B02,สีลม,2025-10-10,345,088-xxx-5123,False,2025-10-21,True,ซื้อแล้ว
C01805,สมชาย,หญิง,35-44,4,B04,บางนา,2025-12-06,288,086-xxx-3828,False,2026-01-11,True,ซื้อแล้ว
C01806,ธีร,หญิง,25-34,3,B03,อารีย์,2026-01-21,242,089-xxx-4235,False,2026-01-24,True,ซื้อแล้ว
C01807,พิม,หญิง,25-34,3,B01,สยาม,2026-07-15,67,087-xxx-4213,False,2026-08-12,True,ซื้อแล้ว
C01808,มานพ,หญิง,55+,6,B04,บางนา,2026-05-18,125,084-xxx-3890,False,2026-05-26,True,ซื้อแล้ว
C01809,กิตติ,หญิง,25-34,3,B01,สยาม,2025-10-24,331,082-xxx-1984,False,2026-01-12,True,ซื้อแล้ว
C01810,ภูมิ,หญิง,18-24,2,B02,สีลม,2026-01-21,242,086-xxx-5717,False,2026-02-24,True,ซื้อแล้ว
C01811,ภูมิ,ชาย,55+,6,B05,มหาวิทยาลัย,2026-01-20,243,089-xxx-2281,False,2026-03-11,True,ซื้อแล้ว
C01812,ศิริ,ชาย,35-44,4,B02,สีลม,2026-08-26,25,084-xxx-1234,False,,False,สมาชิกใหม่ ยังไม่ซื้อ
C01813,ทิพย์,ไม่ระบุ,35-44,4,B05,มหาวิทยาลัย,2026-04-02,171,081-xxx-1621,False,2026-04-26,True,ซื้อแล้ว
C01814,ณัฐ,ชาย,18-24,2,B01,สยาม,2026-03-01,203,085-xxx-9288,False,2026-03-14,True,ซื้อแล้ว
C01815,พิม,หญิง,35-44,4,B04,บางนา,2026-06-27,85,088-xxx-8637,False,,False,ไม่เคยซื้อ
C01816,ภูมิ,ชาย,25-34,3,B02,สีลม,2025-06-12,465,081-xxx-9010,False,2025-07-08,True,ซื้อแล้ว
C01817,ธีร,หญิง,25-34,3,B05,มหาวิทยาลัย,2025-06-04,473,087-xxx-5284,False,2025-06-12,True,ซื้อแล้ว
C01818,พิม,ไม่ระบุ,25-34,3,B05,มหาวิทยาลัย,2025-07-20,427,084-xxx-1186,False,2025-09-25,True,ซื้อแล้ว
C01819,อรุณ,หญิง,18-24,2,B01,สยาม,2025-04-24,514,088-xxx-2883,False,,False,ไม่เคยซื้อ
C01820,รัตนา,หญิง,25-34,3,B01,สยาม,2025-09-12,373,083-xxx-6391,False,2025-09-27,True,ซื้อแล้ว
C01821,อรุณ,ชาย,25-34,3,B03,อารีย์,2025-12-31,263,087-xxx-6227,False,2026-05-01,True,ซื้อแล้ว
C01822,อัญชลี,หญิง,18-24,2,B02,สีลม,2026-01-29,234,085-xxx-2325,False,2026-02-11,True,ซื้อแล้ว
C01823,ธนา,หญิง,45-54,5,B02,สีลม,2026-02-16,216,085-xxx-2555,False,2026-03-04,True,ซื้อแล้ว
C01824,ธนา,หญิง,35-44,4,B03,อารีย์,2026-08-14,37,084-xxx-2473,False,,False,ไม่เคยซื้อ
C01825,กิตติ,หญิง,ต่ำกว่า 18,1,B03,อารีย์,2026-03-08,196,089-xxx-7376,False,2026-03-09,True,ซื้อแล้ว
C01826,อรุณ,ชาย,18-24,2,B02,สีลม,2026-03-17,187,089-xxx-4016,False,2026-04-01,True,ซื้อแล้ว
C01827,ธนา,ชาย,55+,6,B02,สีลม,2026-01-30,233,085-xxx-2257,False,2026-01-31,True,ซื้อแล้ว
C01828,รัตนา,หญิง,18-24,2,B02,สีลม,2026-07-31,51,081-xxx-8586,False,2026-08-19,True,ซื้อแล้ว
C01829,กิตติ,หญิง,35-44,4,B05,มหาวิทยาลัย,2026-06-02,110,087-xxx-5119,False,2026-06-11,True,ซื้อแล้ว
C01830,กมล,หญิง,25-34,3,B05,มหาวิทยาลัย,2025-07-13,434,086-xxx-2042,False,2025-07-23,True,ซื้อแล้ว
C01831,ชนา,หญิง,45-54,5,B02,สีลม,2025-11-14,310,086-xxx-9991,False,2025-12-14,True,ซื้อแล้ว
C01832,มานพ,ชาย,25-34,3,B04,บางนา,2025-08-30,386,082-xxx-8849,False,2025-08-31,True,ซื้อแล้ว
C01833,ปิยะ,หญิง,18-24,2,B03,อารีย์,2026-02-26,206,089-xxx-9990,False,2026-08-18,True,ซื้อแล้ว
C01834,ธีร,หญิง,25-34,3,B03,อารีย์,2026-05-11,132,083-xxx-2884,False,2026-05-21,True,ซื้อแล้ว
C01835,สมชาย,หญิง,35-44,4,B03,อารีย์,2025-11-08,316,086-xxx-7696,False,2025-11-17,True,ซื้อแล้ว
C01836,กิตติ,หญิง,18-24,2,B02,สีลม,2025-06-08,469,089-xxx-9653,False,2025-06-25,True,ซื้อแล้ว
C01837,อัญชลี,หญิง,18-24,2,B02,สีลม,2026-07-28,54,084-xxx-7032,False,2026-08-01,True,ซื้อแล้ว
C01838,เกศ,หญิง,18-24,2,B03,อารีย์,2026-05-24,119,085-xxx-1017,False,2026-07-04,True,ซื้อแล้ว
C01839,ภัทร,ชาย,45-54,5,B01,สยาม,2026-04-02,171,083-xxx-1675,False,,False,ไม่เคยซื้อ
C01840,วรรณ,หญิง,25-34,3,B02,สีลม,2026-07-17,65,086-xxx-4206,False,2026-07-23,True,ซื้อแล้ว
C01841,ณัฐ,หญิง,ต่ำกว่า 18,1,B02,สีลม,2026-05-01,142,087-xxx-8263,False,2026-05-25,True,ซื้อแล้ว
C01842,สุดา,หญิง,45-54,5,B03,อารีย์,2026-07-22,60,081-xxx-2702,False,2026-09-09,True,ซื้อแล้ว
C01843,สมชาย,ชาย,55+,6,B04,บางนา,2025-05-13,495,086-xxx-2404,False,2025-06-07,True,ซื้อแล้ว
C01844,วีระ,หญิง,35-44,4,B03,อารีย์,2026-06-08,104,089-xxx-6285,False,2026-07-22,True,ซื้อแล้ว
C01845,ทิพย์,ชาย,18-24,2,B05,มหาวิทยาลัย,2026-07-30,52,082-xxx-8261,False,2026-08-13,True,ซื้อแล้ว
C01846,มานพ,ชาย,25-34,3,B02,สีลม,2026-04-10,163,086-xxx-8480,False,2026-04-21,True,ซื้อแล้ว
C01847,สมชาย,หญิง,45-54,5,B04,บางนา,2025-10-20,335,084-xxx-9678,False,2026-01-01,True,ซื้อแล้ว
C01848,มานพ,หญิง,35-44,4,B01,สยาม,2025-12-01,293,088-xxx-2114,False,2025-12-09,True,ซื้อแล้ว
C01849,ทิพย์,ชาย,45-54,5,B05,มหาวิทยาลัย,2026-07-03,79,088-xxx-1891,False,,False,ไม่เคยซื้อ
C01850,ธีร,ชาย,25-34,3,B05,มหาวิทยาลัย,2025-04-21,517,082-xxx-1777,False,2025-07-20,True,ซื้อแล้ว
C01851,ณัฐ,ชาย,55+,6,B01,สยาม,2025-08-27,389,088-xxx-1525,False,2025-10-01,True,ซื้อแล้ว
C01852,รัตนา,หญิง,18-24,2,B05,มหาวิทยาลัย,2026-06-05,107,087-xxx-9599,False,,False,ไม่เคยซื้อ
C01853,รัตนา,ชาย,25-34,3,B05,มหาวิทยาลัย,2026-08-29,22,085-xxx-3192,False,,False,สมาชิกใหม่ ยังไม่ซื้อ
C01854,กิตติ,หญิง,45-54,5,B05,มหาวิทยาลัย,2025-11-25,299,082-xxx-5840,False,2025-12-09,True,ซื้อแล้ว
C01855,สุดา,หญิง,35-44,4,B02,สีลม,2025-07-25,422,081-xxx-6719,False,2025-10-14,True,ซื้อแล้ว
C01856,อรุณ,ชาย,25-34,3,B01,สยาม,2025-12-10,284,081-xxx-9080,False,2026-01-07,True,ซื้อแล้ว
C01857,อัญชลี,หญิง,25-34,3,B02,สีลม,2025-09-20,365,089-xxx-1673,False,2025-09-24,True,ซื้อแล้ว
C01858,ชนา,ชาย,25-34,3,B03,อารีย์,2026-03-21,183,087-xxx-8298,False,2026-03-28,True,ซื้อแล้ว
C01859,อัญชลี,หญิง,25-34,3,B01,สยาม,2026-05-31,112,083-xxx-3006,False,2026-06-01,True,ซื้อแล้ว
C01860,รัตนา,หญิง,18-24,2,B02,สีลม,2025-12-27,267,084-xxx-7196,False,2026-01-31,True,ซื้อแล้ว
C01861,ปิยะ,หญิง,25-34,3,B01,สยาม,2025-10-07,348,086-xxx-8371,False,2025-10-17,True,ซื้อแล้ว
C01862,สุดา,หญิง,35-44,4,B02,สีลม,2026-03-11,193,088-xxx-6424,False,2026-03-27,True,ซื้อแล้ว
C01863,นภัส,หญิง,35-44,4,B02,สีลม,2026-04-16,157,088-xxx-8060,False,2026-04-21,True,ซื้อแล้ว
C01864,อัญชลี,หญิง,18-24,2,B01,สยาม,2025-12-18,276,082-xxx-3513,False,2025-12-29,True,ซื้อแล้ว
C01865,พิม,ชาย,25-34,3,B01,สยาม,2026-03-01,203,083-xxx-7237,False,2026-03-03,True,ซื้อแล้ว
C01866,รัตนา,ชาย,25-34,3,B02,สีลม,2025-11-21,303,087-xxx-8126,False,2025-12-15,True,ซื้อแล้ว
C01867,รัตนา,ชาย,35-44,4,B01,สยาม,2026-09-14,6,081-xxx-6850,False,,False,สมาชิกใหม่ ยังไม่ซื้อ
C01868,ธนา,หญิง,25-34,3,B05,มหาวิทยาลัย,2026-01-08,255,087-xxx-1353,False,2026-04-02,True,ซื้อแล้ว
C01869,ธีร,หญิง,45-54,5,B05,มหาวิทยาลัย,2026-02-06,226,085-xxx-3525,False,,False,ไม่เคยซื้อ
C01870,จิรา,ชาย,25-34,3,B04,บางนา,2025-10-20,335,087-xxx-6412,False,2025-11-16,True,ซื้อแล้ว
C01871,สมชาย,ไม่ระบุ,25-34,3,B02,สีลม,2026-02-28,204,085-xxx-1984,False,2026-04-27,True,ซื้อแล้ว
C01872,ณัฐ,ชาย,ต่ำกว่า 18,1,B04,บางนา,2026-05-27,116,083-xxx-5711,False,,False,ไม่เคยซื้อ
C01873,รัตนา,หญิง,35-44,4,B04,บางนา,2026-09-14,6,087-xxx-1922,False,,False,สมาชิกใหม่ ยังไม่ซื้อ
C01874,ภัทร,ชาย,25-34,3,B04,บางนา,2026-06-13,99,088-xxx-1807,False,2026-07-27,True,ซื้อแล้ว
C01875,ณัฐ,หญิง,18-24,2,B04,บางนา,2026-09-11,9,088-xxx-6121,False,2026-09-15,True,ซื้อแล้ว
C01876,มานพ,หญิง,18-24,2,B02,สีลม,2025-05-26,482,086-xxx-6146,False,2025-08-08,True,ซื้อแล้ว
C01877,ศิริ,หญิง,35-44,4,B04,บางนา,2026-08-14,37,084-xxx-6996,False,,False,ไม่เคยซื้อ
C01878,สมชาย,ชาย,25-34,3,B03,อารีย์,2026-05-15,128,085-xxx-7143,True,2026-05-21,True,ซื้อแล้ว
C01879,มานพ,หญิง,45-54,5,B02,สีลม,2025-06-25,452,087-xxx-7397,False,2025-07-02,True,ซื้อแล้ว
C01880,นภัส,ชาย,18-24,2,B04,บางนา,2025-07-05,442,087-xxx-5971,False,2025-07-06,True,ซื้อแล้ว
C01881,กมล,หญิง,45-54,5,B01,สยาม,2026-07-01,81,085-xxx-2859,False,2026-07-05,True,ซื้อแล้ว
C01882,ทิพย์,หญิง,18-24,2,B05,มหาวิทยาลัย,2025-06-24,453,088-xxx-6171,False,2025-07-02,True,ซื้อแล้ว
C01883,รัตนา,ชาย,35-44,4,B04,บางนา,2025-08-01,415,089-xxx-5548,True,2025-09-13,True,ซื้อแล้ว
C01884,สุดา,หญิง,18-24,2,B03,อารีย์,2026-02-04,228,089-xxx-4844,False,2026-03-01,True,ซื้อแล้ว
C01885,กมล,หญิง,35-44,4,B02,สีลม,2026-05-06,137,086-xxx-2978,False,2026-05-06,True,ซื้อแล้ว
C01886,ชนา,ชาย,25-34,3,B01,สยาม,2025-11-01,323,081-xxx-3049,False,2025-12-16,True,ซื้อแล้ว
C01887,กมล,ชาย,18-24,2,B05,มหาวิทยาลัย,2025-07-31,416,084-xxx-4849,False,2025-08-10,True,ซื้อแล้ว
C01888,วรรณ,หญิง,45-54,5,B02,สีลม,2025-04-15,523,082-xxx-8178,False,2025-04-21,True,ซื้อแล้ว
C01889,ธีร,หญิง,25-34,3,B02,สีลม,2025-07-18,429,082-xxx-4303,False,2025-08-08,True,ซื้อแล้ว
C01890,วรรณ,ชาย,55+,6,B03,อารีย์,2026-01-15,248,085-xxx-6757,False,2026-01-20,True,ซื้อแล้ว
C01891,รัตนา,ชาย,18-24,2,B03,อารีย์,2026-07-01,81,089-xxx-1905,False,2026-07-10,True,ซื้อแล้ว
C01892,อรุณ,หญิง,18-24,2,B01,สยาม,2025-05-15,493,082-xxx-9690,False,2025-05-26,True,ซื้อแล้ว
C01893,ชนา,ชาย,35-44,4,B02,สีลม,2026-07-20,62,082-xxx-1687,True,,False,ไม่เคยซื้อ
C01894,อรุณ,หญิง,25-34,3,B05,มหาวิทยาลัย,2025-06-20,457,089-xxx-8510,False,2025-06-21,True,ซื้อแล้ว
C01895,จิรา,ชาย,25-34,3,B04,บางนา,2025-10-11,344,089-xxx-1023,False,2025-11-23,True,ซื้อแล้ว
C01896,สมชาย,ชาย,18-24,2,B05,มหาวิทยาลัย,2025-09-26,359,089-xxx-6888,False,2025-10-04,True,ซื้อแล้ว
C01897,ธนา,หญิง,35-44,4,B03,อารีย์,2026-07-26,56,085-xxx-2908,False,,False,ไม่เคยซื้อ
C01898,กมล,หญิง,25-34,3,B03,อารีย์,2026-04-21,152,088-xxx-3648,False,2026-04-24,True,ซื้อแล้ว
C01899,ณัฐ,ชาย,25-34,3,B02,สีลม,2025-12-23,271,088-xxx-7057,False,,False,ไม่เคยซื้อ
C01900,เกศ,ชาย,35-44,4,B05,มหาวิทยาลัย,2026-07-13,69,085-xxx-7374,False,2026-07-14,True,ซื้อแล้ว
C01901,ปิยะ,ชาย,55+,6,B02,สีลม,2025-10-15,340,082-xxx-3574,False,2025-10-30,True,ซื้อแล้ว
C01902,มานพ,ชาย,18-24,2,B05,มหาวิทยาลัย,2026-07-08,74,085-xxx-1150,False,2026-07-10,True,ซื้อแล้ว
C01903,สุดา,ชาย,18-24,2,B04,บางนา,2025-08-24,392,087-xxx-2942,False,2025-09-11,True,ซื้อแล้ว
C01904,ปวีณ,หญิง,45-54,5,B02,สีลม,2026-09-05,15,083-xxx-4911,False,,False,สมาชิกใหม่ ยังไม่ซื้อ
C01905,นภัส,ชาย,25-34,3,B01,สยาม,2026-03-25,179,081-xxx-4977,False,2026-03-30,True,ซื้อแล้ว
C01906,รัตนา,ชาย,35-44,4,B02,สีลม,2026-06-18,94,086-xxx-4552,False,2026-06-19,True,ซื้อแล้ว
C01907,ศิริ,หญิง,25-34,3,B03,อารีย์,2026-03-31,173,081-xxx-6451,True,2026-05-06,True,ซื้อแล้ว
C01908,อรุณ,ชาย,25-34,3,B04,บางนา,2025-04-19,519,087-xxx-7729,False,2025-04-28,True,ซื้อแล้ว
C01909,ทิพย์,หญิง,35-44,4,B01,สยาม,2025-11-22,302,083-xxx-6607,False,2026-02-19,True,ซื้อแล้ว
C01910,ภัทร,หญิง,35-44,4,B05,มหาวิทยาลัย,2026-08-09,42,085-xxx-6304,False,,False,ไม่เคยซื้อ
C01911,ภูมิ,หญิง,35-44,4,B02,สีลม,2025-05-26,482,081-xxx-2720,False,2025-05-29,True,ซื้อแล้ว
C01912,ปวีณ,หญิง,25-34,3,B04,บางนา,2025-10-31,324,081-xxx-2643,False,2025-11-30,True,ซื้อแล้ว
C01913,ภูมิ,ชาย,18-24,2,B01,สยาม,2026-08-23,28,085-xxx-5568,False,,False,สมาชิกใหม่ ยังไม่ซื้อ
C01914,ธีร,ชาย,25-34,3,B01,สยาม,2026-07-13,69,089-xxx-1834,False,,False,ไม่เคยซื้อ
C01915,ภูมิ,หญิง,35-44,4,B02,สีลม,2025-08-11,405,087-xxx-7525,False,2025-08-21,True,ซื้อแล้ว
C01916,ธีร,ชาย,45-54,5,B01,สยาม,2026-07-13,69,083-xxx-4862,False,2026-07-29,True,ซื้อแล้ว
C01917,ธีร,หญิง,18-24,2,B05,มหาวิทยาลัย,2025-09-11,374,089-xxx-7490,False,2025-09-12,True,ซื้อแล้ว
C01918,อัญชลี,หญิง,35-44,4,B03,อารีย์,2025-11-06,318,087-xxx-4095,False,2025-11-14,True,ซื้อแล้ว
C01919,ธีร,หญิง,18-24,2,B05,มหาวิทยาลัย,2025-06-02,475,082-xxx-9472,False,2025-06-25,True,ซื้อแล้ว
C01920,อรุณ,หญิง,25-34,3,B04,บางนา,2025-12-26,268,083-xxx-9996,False,2026-01-14,True,ซื้อแล้ว
C01921,พิม,ชาย,25-34,3,B02,สีลม,2026-01-02,261,086-xxx-4069,False,2026-01-28,True,ซื้อแล้ว
C01922,นภัส,ชาย,45-54,5,B02,สีลม,2026-07-22,60,083-xxx-8568,False,2026-09-08,True,ซื้อแล้ว
C01923,นภัส,หญิง,18-24,2,B03,อารีย์,2026-07-05,77,088-xxx-3734,False,2026-07-20,True,ซื้อแล้ว
C01924,สุดา,หญิง,18-24,2,B05,มหาวิทยาลัย,2026-03-25,179,082-xxx-7962,False,2026-03-25,True,ซื้อแล้ว
C01925,อรุณ,ชาย,25-34,3,B04,บางนา,2026-07-22,60,085-xxx-7316,False,2026-08-23,True,ซื้อแล้ว
C01926,ภัทร,หญิง,18-24,2,B05,มหาวิทยาลัย,2025-12-23,271,085-xxx-2428,False,2026-01-13,True,ซื้อแล้ว
C01927,อัญชลี,ชาย,35-44,4,B02,สีลม,2025-08-12,404,085-xxx-7483,False,2025-09-08,True,ซื้อแล้ว
C01928,เกศ,หญิง,45-54,5,B04,บางนา,2025-05-01,507,087-xxx-7516,False,2025-05-04,True,ซื้อแล้ว
C01929,ภัทร,ชาย,35-44,4,B01,สยาม,2026-03-10,194,081-xxx-4845,False,2026-04-26,True,ซื้อแล้ว
C01930,วีระ,หญิง,45-54,5,B02,สีลม,2026-04-22,151,087-xxx-7520,True,2026-05-15,True,ซื้อแล้ว
C01931,ทิพย์,หญิง,18-24,2,B01,สยาม,2025-08-14,402,085-xxx-9873,False,2025-09-29,True,ซื้อแล้ว
C01932,มานพ,หญิง,25-34,3,B02,สีลม,2025-08-06,410,081-xxx-1467,False,2025-10-29,True,ซื้อแล้ว
C01933,ชนา,ชาย,18-24,2,B02,สีลม,2026-01-25,238,083-xxx-7182,False,2026-02-20,True,ซื้อแล้ว
C01934,กิตติ,ชาย,35-44,4,B02,สีลม,2026-07-24,58,088-xxx-2171,False,2026-07-27,True,ซื้อแล้ว
C01935,ทิพย์,หญิง,18-24,2,B01,สยาม,2025-05-13,495,082-xxx-2398,False,2025-05-21,True,ซื้อแล้ว
C01936,วรรณ,หญิง,18-24,2,B03,อารีย์,2026-03-19,185,084-xxx-6835,False,2026-03-21,True,ซื้อแล้ว
C01937,เกศ,หญิง,25-34,3,B03,อารีย์,2026-09-03,17,089-xxx-1299,False,2026-09-14,True,ซื้อแล้ว
C01938,เกศ,หญิง,35-44,4,B05,มหาวิทยาลัย,2025-08-22,394,081-xxx-3031,False,2025-09-10,True,ซื้อแล้ว
C01939,กิตติ,ชาย,18-24,2,B03,อารีย์,2026-04-28,145,086-xxx-1923,False,2026-05-17,True,ซื้อแล้ว
C01940,อัญชลี,ชาย,25-34,3,B04,บางนา,2026-08-26,25,087-xxx-1790,False,,False,สมาชิกใหม่ ยังไม่ซื้อ
C01941,พิม,หญิง,25-34,3,B05,มหาวิทยาลัย,2025-11-04,320,083-xxx-1931,False,,False,ไม่เคยซื้อ
C01942,อรุณ,หญิง,18-24,2,B01,สยาม,2026-04-03,170,088-xxx-4551,False,,False,ไม่เคยซื้อ
C01943,เกศ,หญิง,18-24,2,B04,บางนา,2026-02-04,228,085-xxx-1219,False,2026-02-15,True,ซื้อแล้ว
C01944,ชนา,ชาย,25-34,3,B03,อารีย์,2025-12-18,276,084-xxx-8652,False,2026-01-20,True,ซื้อแล้ว
C01945,ปวีณ,หญิง,55+,6,B04,บางนา,2026-07-01,81,085-xxx-3243,False,,False,ไม่เคยซื้อ
C01946,พิม,ชาย,35-44,4,B02,สีลม,2025-08-28,388,086-xxx-4764,False,2025-08-29,True,ซื้อแล้ว
C01947,จิรา,หญิง,25-34,3,B01,สยาม,2026-07-05,77,088-xxx-1866,False,2026-07-12,True,ซื้อแล้ว
C01948,ปวีณ,หญิง,45-54,5,B02,สีลม,2025-09-02,383,084-xxx-3042,True,2025-10-02,True,ซื้อแล้ว
C01949,วรรณ,ชาย,25-34,3,B02,สีลม,2026-01-25,238,084-xxx-4873,False,2026-02-20,True,ซื้อแล้ว
C01950,เกศ,ชาย,25-34,3,B02,สีลม,2025-05-20,488,086-xxx-5034,False,2025-05-30,True,ซื้อแล้ว
C01951,วรรณ,หญิง,45-54,5,B01,สยาม,2026-05-04,139,087-xxx-5753,False,2026-05-13,True,ซื้อแล้ว
C01952,ภูมิ,ชาย,45-54,5,B01,สยาม,2025-10-17,338,088-xxx-1981,False,2025-11-18,True,ซื้อแล้ว
C01953,ภัทร,ชาย,25-34,3,B05,มหาวิทยาลัย,2026-02-21,211,085-xxx-5507,False,2026-04-18,True,ซื้อแล้ว
C01954,ธีร,หญิง,18-24,2,B01,สยาม,2025-07-13,434,088-xxx-5687,False,2025-08-10,True,ซื้อแล้ว
C01955,จิรา,หญิง,25-34,3,B02,สีลม,2026-07-13,69,085-xxx-1910,False,2026-07-23,True,ซื้อแล้ว
C01956,จิรา,หญิง,18-24,2,B02,สีลม,2026-05-14,129,081-xxx-1069,False,2026-07-07,True,ซื้อแล้ว
C01957,ณัฐ,หญิง,55+,6,B03,อารีย์,2026-06-20,92,083-xxx-8734,False,,False,ไม่เคยซื้อ
C01958,ชนา,ชาย,25-34,3,B03,อารีย์,2026-01-16,247,081-xxx-6533,False,2026-01-17,True,ซื้อแล้ว
C01959,เกศ,หญิง,35-44,4,B02,สีลม,2026-01-11,252,082-xxx-8630,False,2026-01-15,True,ซื้อแล้ว
C01960,ภูมิ,ชาย,18-24,2,B02,สีลม,2026-09-08,12,088-xxx-2520,False,,False,สมาชิกใหม่ ยังไม่ซื้อ
C01961,ทิพย์,ไม่ระบุ,25-34,3,B01,สยาม,2026-03-03,201,089-xxx-3385,False,2026-04-12,True,ซื้อแล้ว
C01962,พิม,ชาย,55+,6,B04,บางนา,2025-11-09,315,088-xxx-5478,False,2025-11-21,True,ซื้อแล้ว
C01963,รัตนา,หญิง,45-54,5,B02,สีลม,2025-06-03,474,083-xxx-6469,False,2025-06-11,True,ซื้อแล้ว
C01964,ณัฐ,หญิง,25-34,3,B04,บางนา,2025-09-19,366,083-xxx-3207,False,2025-10-31,True,ซื้อแล้ว
C01965,ชนา,หญิง,55+,6,B01,สยาม,2025-07-16,431,087-xxx-6737,False,2025-07-18,True,ซื้อแล้ว
C01966,จิรา,ชาย,25-34,3,B02,สีลม,2026-08-15,36,081-xxx-6859,False,2026-08-27,True,ซื้อแล้ว
C01967,กิตติ,หญิง,35-44,4,B02,สีลม,2025-12-15,279,084-xxx-7247,False,2025-12-19,True,ซื้อแล้ว
C01968,ทิพย์,หญิง,25-34,3,B05,มหาวิทยาลัย,2026-06-17,95,088-xxx-7747,False,,False,ไม่เคยซื้อ
C01969,พิม,หญิง,25-34,3,B05,มหาวิทยาลัย,2025-05-13,495,082-xxx-8400,False,2025-06-09,True,ซื้อแล้ว
C01970,นภัส,ชาย,18-24,2,B01,สยาม,2025-12-29,265,081-xxx-1979,False,2026-01-18,True,ซื้อแล้ว
C01971,ปิยะ,ชาย,ต่ำกว่า 18,1,B04,บางนา,2025-10-03,352,085-xxx-9150,False,2025-11-02,True,ซื้อแล้ว
C01972,ปิยะ,หญิง,18-24,2,B01,สยาม,2025-09-18,367,085-xxx-6149,False,2025-10-19,True,ซื้อแล้ว
C01973,ธีร,หญิง,25-34,3,B02,สีลม,2026-02-28,204,085-xxx-7994,False,2026-03-03,True,ซื้อแล้ว
C01974,เกศ,ชาย,18-24,2,B01,สยาม,2026-08-21,30,085-xxx-6216,False,,False,สมาชิกใหม่ ยังไม่ซื้อ
C01975,กิตติ,ชาย,35-44,4,B02,สีลม,2026-03-02,202,086-xxx-8672,False,2026-03-26,True,ซื้อแล้ว
C01976,ธีร,ชาย,45-54,5,B01,สยาม,2025-11-21,303,082-xxx-2868,False,2025-12-19,True,ซื้อแล้ว
C01977,พิม,ไม่ระบุ,25-34,3,B01,สยาม,2025-08-03,413,089-xxx-3884,False,2025-11-29,True,ซื้อแล้ว
C01978,กมล,ชาย,35-44,4,B03,อารีย์,2026-05-20,123,089-xxx-2605,False,2026-05-25,True,ซื้อแล้ว
C01979,ทิพย์,ชาย,45-54,5,B02,สีลม,2026-05-06,137,082-xxx-4959,False,2026-07-20,True,ซื้อแล้ว
C01980,สมชาย,หญิง,25-34,3,B03,อารีย์,2025-12-27,267,087-xxx-8339,False,2025-12-31,True,ซื้อแล้ว
C01981,ชนา,ไม่ระบุ,45-54,5,B05,มหาวิทยาลัย,2025-12-23,271,087-xxx-6550,False,2025-12-24,True,ซื้อแล้ว
C01982,กมล,หญิง,45-54,5,B02,สีลม,2026-06-23,89,081-xxx-6853,False,2026-07-02,True,ซื้อแล้ว
C01983,ทิพย์,หญิง,18-24,2,B01,สยาม,2025-05-01,507,086-xxx-3241,False,2025-05-19,True,ซื้อแล้ว
C01984,ณัฐ,ชาย,25-34,3,B02,สีลม,2025-10-16,339,083-xxx-2298,False,2025-10-27,True,ซื้อแล้ว
C01985,ปิยะ,ไม่ระบุ,45-54,5,B02,สีลม,2026-05-15,128,084-xxx-1316,False,2026-05-17,True,ซื้อแล้ว
C01986,ศิริ,หญิง,35-44,4,B02,สีลม,2026-06-18,94,084-xxx-7373,False,,False,ไม่เคยซื้อ
C01987,วรรณ,ชาย,18-24,2,B01,สยาม,2026-03-17,187,082-xxx-3480,False,2026-07-10,True,ซื้อแล้ว
C01988,กิตติ,หญิง,25-34,3,B04,บางนา,2025-08-07,409,083-xxx-4890,False,2025-08-27,True,ซื้อแล้ว
C01989,วีระ,หญิง,25-34,3,B01,สยาม,2025-04-24,514,085-xxx-3198,False,2025-06-28,True,ซื้อแล้ว
C01990,กิตติ,หญิง,18-24,2,B02,สีลม,2025-06-22,455,084-xxx-3313,False,2025-07-30,True,ซื้อแล้ว
C01991,วรรณ,ชาย,35-44,4,B01,สยาม,2026-01-25,238,084-xxx-3293,False,2026-06-05,True,ซื้อแล้ว
C01992,ชนา,หญิง,18-24,2,B04,บางนา,2025-07-30,417,081-xxx-3135,False,2025-08-29,True,ซื้อแล้ว
C01993,ภัทร,หญิง,35-44,4,B05,มหาวิทยาลัย,2026-06-16,96,086-xxx-5332,False,,False,ไม่เคยซื้อ
C01994,สมชาย,หญิง,25-34,3,B04,บางนา,2026-08-02,49,084-xxx-8767,False,2026-08-08,True,ซื้อแล้ว
C01995,ชนา,หญิง,25-34,3,B01,สยาม,2026-04-29,144,085-xxx-5057,False,2026-04-30,True,ซื้อแล้ว
C01996,ธนา,ชาย,18-24,2,B01,สยาม,2026-02-14,218,086-xxx-7412,False,2026-02-18,True,ซื้อแล้ว
C01997,สมชาย,ชาย,25-34,3,B01,สยาม,2025-08-11,405,084-xxx-2504,False,2025-08-19,True,ซื้อแล้ว
C01998,ภูมิ,หญิง,55+,6,B01,สยาม,2026-01-12,251,083-xxx-9849,False,2026-03-24,True,ซื้อแล้ว
C01999,ปวีณ,หญิง,35-44,4,B01,สยาม,2026-05-23,120,081-xxx-3211,False,2026-07-03,True,ซื้อแล้ว
C02000,วีระ,ชาย,45-54,5,B05,มหาวิทยาลัย,2025-07-14,433,087-xxx-3738,False,2025-07-29,True,ซื้อแล้ว
C02001,ชนา,ชาย,45-54,5,B02,สีลม,2026-06-21,91,086-xxx-5740,False,2026-07-20,True,ซื้อแล้ว
C02002,มานพ,ไม่ระบุ,35-44,4,B01,สยาม,2026-08-04,47,085-xxx-6421,False,,False,ไม่เคยซื้อ
C02003,ชนา,หญิง,18-24,2,B01,สยาม,2025-08-27,389,088-xxx-3289,False,2025-08-28,True,ซื้อแล้ว
C02004,จิรา,ไม่ระบุ,35-44,4,B03,อารีย์,2026-07-14,68,086-xxx-3563,False,2026-08-14,True,ซื้อแล้ว
C02005,ปิยะ,ชาย,25-34,3,B05,มหาวิทยาลัย,2026-07-03,79,084-xxx-6426,False,2026-07-28,True,ซื้อแล้ว
C02006,ทิพย์,ชาย,35-44,4,B05,มหาวิทยาลัย,2025-12-31,263,081-xxx-4965,False,2026-02-20,True,ซื้อแล้ว
C02007,เกศ,หญิง,25-34,3,B01,สยาม,2026-03-10,194,089-xxx-5861,False,2026-05-08,True,ซื้อแล้ว
C02008,พิม,ชาย,18-24,2,B04,บางนา,2026-04-08,165,086-xxx-7358,False,2026-06-13,True,ซื้อแล้ว
C02009,อัญชลี,หญิง,25-34,3,B05,มหาวิทยาลัย,2025-08-07,409,083-xxx-5157,False,2025-08-21,True,ซื้อแล้ว
C02010,ศิริ,ชาย,18-24,2,B04,บางนา,2025-05-30,478,089-xxx-7123,True,2025-06-13,True,ซื้อแล้ว
C02011,ชนา,หญิง,35-44,4,B02,สีลม,2026-03-12,192,085-xxx-7213,False,2026-03-19,True,ซื้อแล้ว
C02012,ชนา,ชาย,25-34,3,B05,มหาวิทยาลัย,2026-06-06,106,083-xxx-6338,False,2026-06-25,True,ซื้อแล้ว
C02013,นภัส,หญิง,45-54,5,B02,สีลม,2025-12-23,271,086-xxx-1822,False,2025-12-31,True,ซื้อแล้ว
C02014,ธนา,หญิง,18-24,2,B05,มหาวิทยาลัย,2026-04-12,161,089-xxx-9105,False,2026-05-04,True,ซื้อแล้ว
C02015,ปวีณ,หญิง,25-34,3,B02,สีลม,2025-11-17,307,084-xxx-6604,False,,False,ไม่เคยซื้อ
C02016,นภัส,หญิง,18-24,2,B02,สีลม,2025-06-07,470,085-xxx-8845,False,2025-08-01,True,ซื้อแล้ว
C02017,พิม,หญิง,18-24,2,B04,บางนา,2026-01-28,235,085-xxx-8168,False,2026-05-13,True,ซื้อแล้ว
C02018,ภัทร,ชาย,18-24,2,B04,บางนา,2025-12-10,284,082-xxx-6366,False,2026-01-06,True,ซื้อแล้ว
C02019,สุดา,ชาย,ต่ำกว่า 18,1,B05,มหาวิทยาลัย,2025-10-23,332,086-xxx-7073,False,2025-10-28,True,ซื้อแล้ว
C02020,นภัส,ชาย,18-24,2,B05,มหาวิทยาลัย,2026-08-24,27,083-xxx-8972,False,,False,สมาชิกใหม่ ยังไม่ซื้อ
C02021,อัญชลี,ชาย,25-34,3,B02,สีลม,2025-06-25,452,086-xxx-9251,False,2025-08-01,True,ซื้อแล้ว
C02022,ทิพย์,หญิง,25-34,3,B02,สีลม,2025-11-18,306,081-xxx-7210,False,2026-01-28,True,ซื้อแล้ว
C02023,ธนา,ชาย,ต่ำกว่า 18,1,B05,มหาวิทยาลัย,2025-10-03,352,082-xxx-3670,False,2025-11-07,True,ซื้อแล้ว
C02024,เกศ,หญิง,18-24,2,B01,สยาม,2026-07-24,58,086-xxx-7165,False,2026-08-17,True,ซื้อแล้ว
C02025,อัญชลี,ชาย,ต่ำกว่า 18,1,B02,สีลม,2025-11-05,319,083-xxx-3987,False,2025-11-17,True,ซื้อแล้ว
C02026,ธนา,หญิง,35-44,4,B05,มหาวิทยาลัย,2026-04-26,147,083-xxx-8017,False,2026-07-06,True,ซื้อแล้ว
C02027,พิม,หญิง,18-24,2,B05,มหาวิทยาลัย,2026-03-04,200,084-xxx-3954,False,,False,ไม่เคยซื้อ
C02028,ณัฐ,ชาย,45-54,5,B01,สยาม,2026-05-21,122,082-xxx-9858,False,2026-07-12,True,ซื้อแล้ว
C02029,ธนา,ชาย,25-34,3,B05,มหาวิทยาลัย,2026-05-19,124,084-xxx-8150,False,,False,ไม่เคยซื้อ
C02030,ทิพย์,หญิง,35-44,4,B03,อารีย์,2026-09-08,12,082-xxx-9188,False,2026-09-18,True,ซื้อแล้ว
C02031,ณัฐ,ชาย,35-44,4,B05,มหาวิทยาลัย,2026-06-15,97,086-xxx-5653,False,2026-07-07,True,ซื้อแล้ว
C02032,รัตนา,หญิง,35-44,4,B01,สยาม,2026-06-15,97,088-xxx-6930,False,2026-07-02,True,ซื้อแล้ว
C02033,กิตติ,หญิง,25-34,3,B01,สยาม,2026-05-31,112,083-xxx-7405,False,2026-07-17,True,ซื้อแล้ว
C02034,รัตนา,ชาย,25-34,3,B05,มหาวิทยาลัย,2026-05-20,123,082-xxx-5167,False,2026-06-22,True,ซื้อแล้ว
C02035,ศิริ,หญิง,18-24,2,B02,สีลม,2026-08-17,34,087-xxx-8186,False,2026-09-19,True,ซื้อแล้ว
C02036,ธนา,หญิง,18-24,2,B01,สยาม,2026-02-14,218,087-xxx-6354,False,2026-02-23,True,ซื้อแล้ว
C02037,ธนา,หญิง,25-34,3,B05,มหาวิทยาลัย,2025-05-21,487,086-xxx-8728,False,2025-06-06,True,ซื้อแล้ว
C02038,มานพ,ชาย,45-54,5,B05,มหาวิทยาลัย,2026-07-20,62,087-xxx-7912,False,,False,ไม่เคยซื้อ
C02039,ณัฐ,หญิง,18-24,2,B04,บางนา,2025-04-12,526,085-xxx-4536,False,2025-04-24,True,ซื้อแล้ว
C02040,ธนา,ชาย,45-54,5,B01,สยาม,2025-04-02,536,085-xxx-3451,False,2025-04-07,True,ซื้อแล้ว
C02041,วีระ,ชาย,25-34,3,B03,อารีย์,2026-01-18,245,084-xxx-2272,False,2026-01-26,True,ซื้อแล้ว
C02042,กมล,หญิง,55+,6,B04,บางนา,2025-09-01,384,087-xxx-7454,False,2025-09-27,True,ซื้อแล้ว
C02043,จิรา,หญิง,45-54,5,B01,สยาม,2025-12-06,288,084-xxx-1074,False,2026-01-06,True,ซื้อแล้ว
C02044,ณัฐ,หญิง,18-24,2,B05,มหาวิทยาลัย,2025-08-10,406,089-xxx-1272,False,2025-08-21,True,ซื้อแล้ว
C02045,อรุณ,หญิง,35-44,4,B01,สยาม,2025-06-14,463,083-xxx-9915,False,2026-04-18,True,ซื้อแล้ว
C02046,ภัทร,หญิง,45-54,5,B04,บางนา,2026-06-02,110,087-xxx-7666,False,2026-06-19,True,ซื้อแล้ว
C02047,ศิริ,ชาย,25-34,3,B02,สีลม,2026-05-28,115,086-xxx-9146,False,2026-06-22,True,ซื้อแล้ว
C02048,มานพ,หญิง,25-34,3,B05,มหาวิทยาลัย,2025-04-07,531,081-xxx-8826,False,2025-04-12,True,ซื้อแล้ว
C02049,อรุณ,ชาย,35-44,4,B03,อารีย์,2026-02-13,219,085-xxx-4250,False,2026-02-13,True,ซื้อแล้ว
C02050,วรรณ,ชาย,25-34,3,B05,มหาวิทยาลัย,2026-08-31,20,089-xxx-9001,False,2026-09-05,True,ซื้อแล้ว
C02051,ณัฐ,หญิง,35-44,4,B01,สยาม,2025-11-13,311,085-xxx-7815,False,2025-11-16,True,ซื้อแล้ว
C02052,สุดา,ชาย,18-24,2,B03,อารีย์,2026-01-08,255,084-xxx-2529,False,2026-01-25,True,ซื้อแล้ว
C02053,จิรา,ชาย,45-54,5,B02,สีลม,2026-05-19,124,086-xxx-3392,False,2026-08-04,True,ซื้อแล้ว
C02054,ณัฐ,หญิง,18-24,2,B04,บางนา,2026-01-06,257,085-xxx-3973,False,2026-02-02,True,ซื้อแล้ว
C02055,อรุณ,หญิง,25-34,3,B02,สีลม,2025-12-28,266,087-xxx-5464,False,2026-01-31,True,ซื้อแล้ว
C02056,ณัฐ,หญิง,35-44,4,B02,สีลม,2025-05-14,494,089-xxx-2821,False,2025-05-15,True,ซื้อแล้ว
C02057,ภูมิ,ชาย,25-34,3,B02,สีลม,2025-04-15,523,086-xxx-2207,False,2025-04-18,True,ซื้อแล้ว
C02058,ปิยะ,หญิง,45-54,5,B03,อารีย์,2025-12-15,279,089-xxx-9171,False,2025-12-20,True,ซื้อแล้ว
C02059,ปิยะ,หญิง,25-34,3,B04,บางนา,2026-09-11,9,083-xxx-7455,False,,False,สมาชิกใหม่ ยังไม่ซื้อ
C02060,มานพ,ไม่ระบุ,18-24,2,B04,บางนา,2025-08-27,389,085-xxx-9766,True,2025-11-04,True,ซื้อแล้ว
C02061,จิรา,ชาย,35-44,4,B01,สยาม,2025-06-08,469,084-xxx-3225,False,2025-07-09,True,ซื้อแล้ว
C02062,ทิพย์,หญิง,35-44,4,B05,มหาวิทยาลัย,2026-04-07,166,087-xxx-8200,False,,False,ไม่เคยซื้อ
C02063,ปิยะ,ชาย,18-24,2,B05,มหาวิทยาลัย,2025-09-20,365,089-xxx-4567,False,2025-10-05,True,ซื้อแล้ว
C02064,ทิพย์,ชาย,18-24,2,B04,บางนา,2025-04-19,519,083-xxx-6226,False,2025-06-08,True,ซื้อแล้ว
C02065,กมล,ชาย,25-34,3,B05,มหาวิทยาลัย,2025-06-03,474,089-xxx-8080,False,,False,ไม่เคยซื้อ
C02066,ธีร,หญิง,25-34,3,B01,สยาม,2026-05-18,125,082-xxx-9374,False,2026-07-04,True,ซื้อแล้ว
C02067,ทิพย์,ชาย,45-54,5,B05,มหาวิทยาลัย,2025-10-11,344,081-xxx-6637,False,2025-10-15,True,ซื้อแล้ว
C02068,นภัส,ชาย,45-54,5,B02,สีลม,2025-11-17,307,089-xxx-1256,False,2025-12-15,True,ซื้อแล้ว
C02069,พิม,หญิง,25-34,3,B01,สยาม,2025-04-15,523,088-xxx-9131,False,2025-05-05,True,ซื้อแล้ว
C02070,กมล,หญิง,55+,6,B02,สีลม,2025-11-19,305,083-xxx-7994,False,2025-12-19,True,ซื้อแล้ว
C02071,ภูมิ,หญิง,25-34,3,B05,มหาวิทยาลัย,2026-06-05,107,089-xxx-5088,False,2026-07-11,True,ซื้อแล้ว
C02072,นภัส,หญิง,25-34,3,B03,อารีย์,2026-03-11,193,084-xxx-5213,False,2026-03-19,True,ซื้อแล้ว
C02073,วรรณ,หญิง,18-24,2,B05,มหาวิทยาลัย,2025-11-22,302,086-xxx-2887,False,2026-02-02,True,ซื้อแล้ว
C02074,สุดา,หญิง,18-24,2,B03,อารีย์,2025-11-12,312,087-xxx-3216,False,2025-12-22,True,ซื้อแล้ว
C02075,พิม,ชาย,18-24,2,B04,บางนา,2026-02-16,216,082-xxx-7907,False,2026-02-20,True,ซื้อแล้ว
C02076,พิม,ชาย,ต่ำกว่า 18,1,B05,มหาวิทยาลัย,2025-12-03,291,089-xxx-4319,False,2025-12-15,True,ซื้อแล้ว
C02077,ธนา,หญิง,18-24,2,B04,บางนา,2025-12-06,288,088-xxx-4575,False,2025-12-07,True,ซื้อแล้ว
C02078,ปวีณ,หญิง,55+,6,B02,สีลม,2026-08-07,44,086-xxx-3783,False,,False,ไม่เคยซื้อ
C02079,ธนา,ชาย,18-24,2,B03,อารีย์,2026-06-06,106,084-xxx-2091,False,2026-06-15,True,ซื้อแล้ว
C02080,วรรณ,หญิง,45-54,5,B05,มหาวิทยาลัย,2026-03-15,189,084-xxx-4029,False,2026-03-30,True,ซื้อแล้ว
C02081,ปิยะ,หญิง,45-54,5,B02,สีลม,2026-08-01,50,084-xxx-2701,True,2026-08-13,True,ซื้อแล้ว
C02082,วรรณ,หญิง,25-34,3,B02,สีลม,2026-01-24,239,085-xxx-5702,False,2026-01-28,True,ซื้อแล้ว
C02083,ณัฐ,หญิง,25-34,3,B01,สยาม,2026-08-09,42,087-xxx-5669,False,,False,ไม่เคยซื้อ
C02084,ณัฐ,หญิง,35-44,4,B01,สยาม,2026-02-15,217,089-xxx-9344,False,2026-04-18,True,ซื้อแล้ว
C02085,ภูมิ,หญิง,18-24,2,B01,สยาม,2025-06-02,475,083-xxx-3286,False,2025-06-18,True,ซื้อแล้ว
C02086,ธนา,ชาย,18-24,2,B01,สยาม,2025-10-15,340,088-xxx-3037,False,,False,ไม่เคยซื้อ
C02087,รัตนา,หญิง,ต่ำกว่า 18,1,B03,อารีย์,2026-07-20,62,085-xxx-2711,False,2026-08-12,True,ซื้อแล้ว
C02088,อรุณ,ชาย,18-24,2,B04,บางนา,2025-05-31,477,084-xxx-5534,False,2025-06-07,True,ซื้อแล้ว
C02089,ธนา,หญิง,25-34,3,B02,สีลม,2025-04-11,527,084-xxx-5507,False,2025-04-11,True,ซื้อแล้ว
C02090,ธนา,ชาย,18-24,2,B04,บางนา,2026-03-18,186,088-xxx-1096,False,2026-03-30,True,ซื้อแล้ว
C02091,ภูมิ,ชาย,45-54,5,B05,มหาวิทยาลัย,2025-12-01,293,083-xxx-7429,False,2025-12-16,True,ซื้อแล้ว
C02092,ปวีณ,ชาย,35-44,4,B01,สยาม,2025-06-27,450,086-xxx-5030,False,2025-07-17,True,ซื้อแล้ว
C02093,นภัส,ชาย,25-34,3,B04,บางนา,2025-04-26,512,089-xxx-1952,False,2025-04-26,True,ซื้อแล้ว
C02094,อรุณ,หญิง,35-44,4,B01,สยาม,2026-07-16,66,088-xxx-5887,False,,False,ไม่เคยซื้อ
C02095,จิรา,หญิง,35-44,4,B02,สีลม,2026-06-14,98,088-xxx-8884,False,,False,ไม่เคยซื้อ
C02096,พิม,ไม่ระบุ,35-44,4,B05,มหาวิทยาลัย,2026-07-07,75,085-xxx-4922,False,,False,ไม่เคยซื้อ
C02097,ธีร,หญิง,55+,6,B02,สีลม,2026-06-09,103,085-xxx-9736,False,,False,ไม่เคยซื้อ
C02098,มานพ,หญิง,18-24,2,B02,สีลม,2025-05-15,493,087-xxx-1627,False,2025-05-16,True,ซื้อแล้ว
C02099,กมล,ชาย,25-34,3,B02,สีลม,2026-03-06,198,086-xxx-8056,False,2026-03-24,True,ซื้อแล้ว
C02100,กิตติ,หญิง,25-34,3,B05,มหาวิทยาลัย,2025-06-15,462,086-xxx-5790,False,2025-06-29,True,ซื้อแล้ว
C02101,สุดา,หญิง,ต่ำกว่า 18,1,B04,บางนา,2025-06-15,462,087-xxx-6650,False,2025-06-29,True,ซื้อแล้ว
C02102,ปวีณ,หญิง,35-44,4,B04,บางนา,2026-05-10,133,087-xxx-7035,False,,False,ไม่เคยซื้อ
C02103,วีระ,หญิง,18-24,2,B05,มหาวิทยาลัย,2025-06-22,455,083-xxx-1681,False,2025-06-23,True,ซื้อแล้ว
C02104,วรรณ,ชาย,18-24,2,B04,บางนา,2026-06-07,105,089-xxx-3653,False,2026-08-03,True,ซื้อแล้ว
C02105,ณัฐ,หญิง,35-44,4,B04,บางนา,2026-08-16,35,088-xxx-1282,False,2026-08-27,True,ซื้อแล้ว
C02106,พิม,ชาย,45-54,5,B04,บางนา,2026-08-25,26,087-xxx-8473,False,,False,สมาชิกใหม่ ยังไม่ซื้อ
C02107,ศิริ,ชาย,35-44,4,B01,สยาม,2026-06-03,109,084-xxx-6295,False,2026-07-08,True,ซื้อแล้ว
C02108,ธีร,หญิง,45-54,5,B05,มหาวิทยาลัย,2026-05-05,138,088-xxx-6242,False,2026-05-10,True,ซื้อแล้ว
C02109,จิรา,ชาย,25-34,3,B01,สยาม,2026-08-27,24,081-xxx-5910,False,2026-09-12,True,ซื้อแล้ว
C02110,ณัฐ,ชาย,25-34,3,B05,มหาวิทยาลัย,2025-12-04,290,087-xxx-1145,False,2026-01-09,True,ซื้อแล้ว
C02111,ปิยะ,ชาย,18-24,2,B01,สยาม,2025-08-11,405,088-xxx-3526,False,2025-08-12,True,ซื้อแล้ว
C02112,ทิพย์,ชาย,18-24,2,B02,สีลม,2025-09-20,365,087-xxx-5395,False,2025-09-20,True,ซื้อแล้ว
C02113,พิม,ชาย,18-24,2,B01,สยาม,2025-08-11,405,081-xxx-2374,False,2025-08-20,True,ซื้อแล้ว
C02114,ศิริ,หญิง,18-24,2,B04,บางนา,2025-06-16,461,081-xxx-3926,False,,False,ไม่เคยซื้อ
C02115,ภัทร,ชาย,45-54,5,B04,บางนา,2025-09-09,376,089-xxx-7088,False,2025-09-22,True,ซื้อแล้ว
C02116,จิรา,หญิง,ต่ำกว่า 18,1,B05,มหาวิทยาลัย,2025-08-20,396,088-xxx-2967,False,2025-08-28,True,ซื้อแล้ว
C02117,มานพ,หญิง,25-34,3,B02,สีลม,2026-05-01,142,083-xxx-6824,False,2026-05-15,True,ซื้อแล้ว
C02118,ธนา,หญิง,55+,6,B03,อารีย์,2026-07-14,68,089-xxx-1783,False,2026-07-30,True,ซื้อแล้ว
C02119,กิตติ,หญิง,45-54,5,B01,สยาม,2026-04-04,169,089-xxx-2894,True,2026-04-26,True,ซื้อแล้ว
C02120,มานพ,ไม่ระบุ,18-24,2,B02,สีลม,2026-08-25,26,084-xxx-2443,False,2026-08-29,True,ซื้อแล้ว
C02121,ภัทร,หญิง,35-44,4,B03,อารีย์,2025-11-26,298,082-xxx-1749,False,2025-11-26,True,ซื้อแล้ว
C02122,เกศ,หญิง,45-54,5,B05,มหาวิทยาลัย,2026-02-04,228,083-xxx-2731,False,2026-03-21,True,ซื้อแล้ว
C02123,ปวีณ,ชาย,18-24,2,B01,สยาม,2026-07-16,66,084-xxx-3030,False,2026-09-09,True,ซื้อแล้ว
C02124,วีระ,ชาย,18-24,2,B02,สีลม,2025-09-29,356,086-xxx-7498,False,2025-10-07,True,ซื้อแล้ว
C02125,ทิพย์,หญิง,35-44,4,B01,สยาม,2026-04-18,155,084-xxx-6176,False,2026-07-31,True,ซื้อแล้ว
C02126,ภัทร,ชาย,35-44,4,B02,สีลม,2025-05-18,490,087-xxx-4262,False,2025-05-18,True,ซื้อแล้ว
C02127,ปวีณ,หญิง,45-54,5,B01,สยาม,2026-06-15,97,086-xxx-4821,False,2026-08-24,True,ซื้อแล้ว
C02128,อรุณ,ชาย,25-34,3,B01,สยาม,2026-05-16,127,089-xxx-9779,False,2026-07-03,True,ซื้อแล้ว
C02129,ภัทร,หญิง,18-24,2,B05,มหาวิทยาลัย,2026-03-08,196,087-xxx-3222,False,,False,ไม่เคยซื้อ
C02130,ปิยะ,หญิง,55+,6,B01,สยาม,2025-05-17,491,085-xxx-5140,False,2025-05-25,True,ซื้อแล้ว
C02131,พิม,ไม่ระบุ,18-24,2,B01,สยาม,2025-04-13,525,086-xxx-6022,False,2025-05-13,True,ซื้อแล้ว
C02132,เกศ,ไม่ระบุ,35-44,4,B03,อารีย์,2026-01-30,233,089-xxx-2197,False,2026-02-01,True,ซื้อแล้ว
C02133,อรุณ,ชาย,45-54,5,B05,มหาวิทยาลัย,2025-08-13,403,081-xxx-5016,False,,False,ไม่เคยซื้อ
C02134,อรุณ,หญิง,25-34,3,B02,สีลม,2025-08-12,404,086-xxx-2227,False,2025-08-17,True,ซื้อแล้ว
C02135,มานพ,ชาย,25-34,3,B05,มหาวิทยาลัย,2026-08-07,44,086-xxx-2540,False,,False,ไม่เคยซื้อ
C02136,ณัฐ,หญิง,18-24,2,B03,อารีย์,2026-04-15,158,089-xxx-4458,False,2026-04-29,True,ซื้อแล้ว
C02137,ศิริ,หญิง,18-24,2,B02,สีลม,2026-08-17,34,082-xxx-1725,False,,False,ไม่เคยซื้อ
C02138,มานพ,หญิง,18-24,2,B05,มหาวิทยาลัย,2025-05-15,493,086-xxx-2400,False,2025-06-14,True,ซื้อแล้ว
C02139,สมชาย,หญิง,35-44,4,B02,สีลม,2026-04-24,149,084-xxx-5267,False,,False,ไม่เคยซื้อ
C02140,กมล,หญิง,18-24,2,B01,สยาม,2025-08-07,409,087-xxx-6870,False,2025-09-02,True,ซื้อแล้ว
C02141,ปิยะ,หญิง,25-34,3,B02,สีลม,2025-07-19,428,082-xxx-2202,False,,False,ไม่เคยซื้อ
C02142,ธีร,หญิง,25-34,3,B01,สยาม,2026-08-14,37,088-xxx-6564,False,,False,ไม่เคยซื้อ
C02143,กมล,ชาย,45-54,5,B01,สยาม,2026-05-16,127,089-xxx-2612,False,2026-07-05,True,ซื้อแล้ว
C02144,สุดา,ชาย,25-34,3,B01,สยาม,2026-06-14,98,087-xxx-9960,False,,False,ไม่เคยซื้อ
C02145,อัญชลี,ชาย,25-34,3,B01,สยาม,2026-05-17,126,089-xxx-7202,False,2026-05-31,True,ซื้อแล้ว
C02146,กมล,ชาย,35-44,4,B02,สีลม,2025-08-02,414,082-xxx-4443,False,2025-08-07,True,ซื้อแล้ว
C02147,ศิริ,หญิง,18-24,2,B03,อารีย์,2026-08-08,43,084-xxx-7342,False,2026-09-20,True,ซื้อแล้ว
C02148,วีระ,ไม่ระบุ,35-44,4,B04,บางนา,2026-07-05,77,082-xxx-4553,False,2026-07-26,True,ซื้อแล้ว
C02149,ภัทร,ชาย,18-24,2,B05,มหาวิทยาลัย,2026-06-03,109,088-xxx-3154,False,2026-07-13,True,ซื้อแล้ว
C02150,ภัทร,หญิง,18-24,2,B01,สยาม,2025-04-21,517,082-xxx-9358,False,2025-05-01,True,ซื้อแล้ว
C02151,กมล,ชาย,55+,6,B01,สยาม,2026-09-13,7,088-xxx-7989,False,2026-09-19,True,ซื้อแล้ว
C02152,ภูมิ,หญิง,25-34,3,B02,สีลม,2026-07-27,55,084-xxx-5468,False,,False,ไม่เคยซื้อ
C02153,มานพ,หญิง,25-34,3,B05,มหาวิทยาลัย,2026-04-12,161,086-xxx-8001,False,2026-04-22,True,ซื้อแล้ว
C02154,ธนา,หญิง,18-24,2,B02,สีลม,2026-04-08,165,089-xxx-8541,False,2026-05-07,True,ซื้อแล้ว
C02155,สมชาย,หญิง,18-24,2,B03,อารีย์,2026-04-13,160,084-xxx-2003,False,,False,ไม่เคยซื้อ
C02156,นภัส,หญิง,45-54,5,B01,สยาม,2025-08-30,386,086-xxx-3913,False,2025-09-06,True,ซื้อแล้ว
C02157,มานพ,ไม่ระบุ,45-54,5,B05,มหาวิทยาลัย,2026-05-27,116,082-xxx-4704,False,,False,ไม่เคยซื้อ
C02158,กิตติ,ชาย,25-34,3,B04,บางนา,2025-07-15,432,086-xxx-4247,False,2025-07-15,True,ซื้อแล้ว
C02159,กิตติ,หญิง,18-24,2,B03,อารีย์,2026-02-24,208,089-xxx-3665,False,2026-03-13,True,ซื้อแล้ว
C02160,ชนา,ชาย,55+,6,B02,สีลม,2025-11-09,315,089-xxx-8328,False,2025-11-18,True,ซื้อแล้ว
C02161,อัญชลี,หญิง,35-44,4,B05,มหาวิทยาลัย,2026-03-03,201,083-xxx-8468,False,,False,ไม่เคยซื้อ
C02162,กิตติ,หญิง,18-24,2,B05,มหาวิทยาลัย,2025-09-14,371,087-xxx-9773,False,2025-10-04,True,ซื้อแล้ว
C02163,ณัฐ,หญิง,35-44,4,B04,บางนา,2025-10-28,327,083-xxx-1414,False,2025-11-05,True,ซื้อแล้ว
C02164,ธีร,หญิง,25-34,3,B03,อารีย์,2026-08-22,29,082-xxx-3817,False,,False,สมาชิกใหม่ ยังไม่ซื้อ
C02165,นภัส,ชาย,ต่ำกว่า 18,1,B05,มหาวิทยาลัย,2026-09-06,14,084-xxx-3852,False,,False,สมาชิกใหม่ ยังไม่ซื้อ
C02166,วรรณ,ชาย,18-24,2,B05,มหาวิทยาลัย,2025-12-21,273,083-xxx-5871,False,2026-01-08,True,ซื้อแล้ว
C02167,กิตติ,หญิง,25-34,3,B01,สยาม,2026-04-01,172,085-xxx-1069,False,,False,ไม่เคยซื้อ
C02168,กมล,หญิง,25-34,3,B05,มหาวิทยาลัย,2025-10-27,328,083-xxx-7695,False,2025-11-20,True,ซื้อแล้ว
C02169,นภัส,หญิง,55+,6,B04,บางนา,2026-05-31,112,088-xxx-8085,False,2026-06-24,True,ซื้อแล้ว
C02170,มานพ,หญิง,25-34,3,B05,มหาวิทยาลัย,2026-04-23,150,081-xxx-1176,False,2026-05-15,True,ซื้อแล้ว
C02171,ธีร,หญิง,25-34,3,B03,อารีย์,2025-11-13,311,088-xxx-8496,False,2025-11-14,True,ซื้อแล้ว
C02172,ปิยะ,ชาย,45-54,5,B05,มหาวิทยาลัย,2025-09-17,368,088-xxx-7144,False,2025-09-21,True,ซื้อแล้ว
C02173,ศิริ,หญิง,25-34,3,B04,บางนา,2025-12-10,284,087-xxx-4087,False,2025-12-15,True,ซื้อแล้ว
C02174,กิตติ,ชาย,25-34,3,B03,อารีย์,2026-04-10,163,082-xxx-1388,False,2026-04-12,True,ซื้อแล้ว
C02175,วีระ,หญิง,18-24,2,B05,มหาวิทยาลัย,2025-06-23,454,087-xxx-5775,False,,False,ไม่เคยซื้อ
C02176,จิรา,หญิง,35-44,4,B01,สยาม,2026-05-02,141,081-xxx-4157,False,2026-05-06,True,ซื้อแล้ว
C02177,อรุณ,ชาย,35-44,4,B02,สีลม,2025-06-25,452,081-xxx-7130,False,2025-08-24,True,ซื้อแล้ว
C02178,ชนา,ชาย,25-34,3,B04,บางนา,2025-09-22,363,087-xxx-3196,False,2025-12-06,True,ซื้อแล้ว
C02179,อัญชลี,หญิง,25-34,3,B01,สยาม,2025-06-24,453,081-xxx-5843,True,2025-07-21,True,ซื้อแล้ว
C02180,เกศ,หญิง,25-34,3,B02,สีลม,2025-09-10,375,082-xxx-7339,False,2025-10-17,True,ซื้อแล้ว
C02181,พิม,ชาย,35-44,4,B03,อารีย์,2026-05-13,130,085-xxx-5665,False,2026-05-22,True,ซื้อแล้ว
C02182,ศิริ,หญิง,35-44,4,B05,มหาวิทยาลัย,2026-03-31,173,082-xxx-8524,False,2026-04-20,True,ซื้อแล้ว
C02183,ชนา,หญิง,45-54,5,B04,บางนา,2026-05-27,116,088-xxx-9312,False,2026-06-09,True,ซื้อแล้ว
C02184,กมล,หญิง,25-34,3,B05,มหาวิทยาลัย,2025-12-22,272,089-xxx-5062,False,2026-02-26,True,ซื้อแล้ว
C02185,จิรา,หญิง,35-44,4,B05,มหาวิทยาลัย,2025-07-08,439,088-xxx-6227,False,2025-07-17,True,ซื้อแล้ว
C02186,สมชาย,ชาย,25-34,3,B04,บางนา,2025-09-23,362,088-xxx-1516,False,2025-09-26,True,ซื้อแล้ว
C02187,สมชาย,ชาย,35-44,4,B04,บางนา,2026-09-07,13,083-xxx-6770,False,,False,สมาชิกใหม่ ยังไม่ซื้อ
C02188,ทิพย์,ชาย,25-34,3,B02,สีลม,2026-05-12,131,082-xxx-5657,False,2026-05-14,True,ซื้อแล้ว
C02189,ปวีณ,หญิง,25-34,3,B05,มหาวิทยาลัย,2025-07-28,419,084-xxx-2943,False,2025-08-04,True,ซื้อแล้ว
C02190,นภัส,ชาย,25-34,3,B01,สยาม,2025-06-17,460,087-xxx-8333,False,2025-06-28,True,ซื้อแล้ว
C02191,ชนา,ชาย,25-34,3,B04,บางนา,2026-04-01,172,083-xxx-1052,False,2026-04-29,True,ซื้อแล้ว
C02192,วรรณ,ชาย,18-24,2,B01,สยาม,2025-07-16,431,084-xxx-4524,True,,False,ไม่เคยซื้อ
C02193,เกศ,ไม่ระบุ,45-54,5,B03,อารีย์,2026-06-06,106,089-xxx-1611,False,2026-07-05,True,ซื้อแล้ว
C02194,ธีร,หญิง,25-34,3,B05,มหาวิทยาลัย,2025-10-02,353,084-xxx-7771,False,2025-10-15,True,ซื้อแล้ว
C02195,นภัส,หญิง,45-54,5,B05,มหาวิทยาลัย,2025-05-21,487,085-xxx-7150,False,2025-06-12,True,ซื้อแล้ว
C02196,ศิริ,ชาย,35-44,4,B02,สีลม,2026-04-08,165,081-xxx-3497,False,2026-05-21,True,ซื้อแล้ว
C02197,ปิยะ,หญิง,35-44,4,B04,บางนา,2026-03-25,179,083-xxx-3402,False,2026-03-25,True,ซื้อแล้ว
C02198,ปวีณ,ชาย,25-34,3,B01,สยาม,2025-06-04,473,083-xxx-2396,False,2025-07-12,True,ซื้อแล้ว
C02199,วีระ,ชาย,35-44,4,B05,มหาวิทยาลัย,2026-05-21,122,084-xxx-5831,False,2026-06-24,True,ซื้อแล้ว
C02200,ธนา,ชาย,35-44,4,B05,มหาวิทยาลัย,2025-08-27,389,086-xxx-5349,False,2025-09-22,True,ซื้อแล้ว
C02201,สมชาย,หญิง,25-34,3,B05,มหาวิทยาลัย,2025-12-17,277,083-xxx-7845,False,2025-12-29,True,ซื้อแล้ว
C02202,ภัทร,ชาย,ต่ำกว่า 18,1,B04,บางนา,2026-01-20,243,084-xxx-1565,False,2026-01-25,True,ซื้อแล้ว
C02203,ปวีณ,หญิง,25-34,3,B03,อารีย์,2025-11-13,311,081-xxx-3260,False,2025-11-23,True,ซื้อแล้ว
C02204,ธนา,หญิง,25-34,3,B02,สีลม,2025-04-01,537,085-xxx-3373,False,2025-04-21,True,ซื้อแล้ว
C02205,ปิยะ,ชาย,55+,6,B02,สีลม,2025-09-27,358,084-xxx-9156,False,2025-10-01,True,ซื้อแล้ว
C02206,เกศ,หญิง,25-34,3,B01,สยาม,2026-03-07,197,085-xxx-2155,False,,False,ไม่เคยซื้อ
C02207,ทิพย์,ชาย,35-44,4,B02,สีลม,2025-04-14,524,081-xxx-4308,True,2025-05-29,True,ซื้อแล้ว
C02208,ศิริ,หญิง,18-24,2,B03,อารีย์,2026-03-16,188,088-xxx-1259,False,2026-03-29,True,ซื้อแล้ว
C02209,ทิพย์,หญิง,55+,6,B04,บางนา,2025-06-11,466,089-xxx-8534,False,2025-06-15,True,ซื้อแล้ว
C02210,เกศ,ชาย,55+,6,B04,บางนา,2026-04-26,147,087-xxx-9071,False,2026-04-30,True,ซื้อแล้ว
C02211,ภูมิ,ชาย,25-34,3,B05,มหาวิทยาลัย,2026-03-17,187,083-xxx-2411,False,2026-03-25,True,ซื้อแล้ว
C02212,ศิริ,หญิง,55+,6,B04,บางนา,2026-06-04,108,081-xxx-7638,False,2026-06-07,True,ซื้อแล้ว
C02213,รัตนา,หญิง,25-34,3,B04,บางนา,2026-06-28,84,085-xxx-6259,False,2026-08-31,True,ซื้อแล้ว
C02214,ศิริ,หญิง,ต่ำกว่า 18,1,B03,อารีย์,2026-07-29,53,087-xxx-3597,False,2026-08-01,True,ซื้อแล้ว
C02215,ธนา,หญิง,45-54,5,B02,สีลม,2025-05-16,492,087-xxx-6322,False,2025-05-24,True,ซื้อแล้ว
C02216,เกศ,หญิง,18-24,2,B04,บางนา,2026-03-26,178,085-xxx-7239,False,2026-07-02,True,ซื้อแล้ว
C02217,ภูมิ,ชาย,25-34,3,B05,มหาวิทยาลัย,2025-07-07,440,081-xxx-3264,False,2025-07-14,True,ซื้อแล้ว
C02218,ศิริ,ชาย,45-54,5,B05,มหาวิทยาลัย,2025-10-02,353,087-xxx-3835,False,2025-10-02,True,ซื้อแล้ว
C02219,นภัส,หญิง,18-24,2,B02,สีลม,2026-09-08,12,087-xxx-2577,False,,False,สมาชิกใหม่ ยังไม่ซื้อ
C02220,ปวีณ,หญิง,25-34,3,B04,บางนา,2025-11-17,307,084-xxx-1286,False,2025-11-23,True,ซื้อแล้ว
C02221,ปิยะ,หญิง,25-34,3,B01,สยาม,2026-04-07,166,086-xxx-1789,False,2026-04-10,True,ซื้อแล้ว
C02222,วรรณ,หญิง,25-34,3,B02,สีลม,2026-08-25,26,087-xxx-9979,False,2026-09-04,True,ซื้อแล้ว
C02223,จิรา,ชาย,25-34,3,B03,อารีย์,2026-08-05,46,086-xxx-8553,False,2026-08-10,True,ซื้อแล้ว
C02224,ทิพย์,หญิง,25-34,3,B05,มหาวิทยาลัย,2025-12-14,280,087-xxx-4221,False,2025-12-15,True,ซื้อแล้ว
C02225,ธนา,หญิง,25-34,3,B05,มหาวิทยาลัย,2025-07-23,424,088-xxx-6044,False,2025-08-15,True,ซื้อแล้ว
C02226,สมชาย,ชาย,35-44,4,B01,สยาม,2026-05-25,118,089-xxx-3064,False,2026-05-31,True,ซื้อแล้ว
C02227,ภัทร,ชาย,55+,6,B05,มหาวิทยาลัย,2025-11-23,301,084-xxx-3260,False,2025-12-19,True,ซื้อแล้ว
C02228,รัตนา,หญิง,45-54,5,B05,มหาวิทยาลัย,2026-01-08,255,084-xxx-5853,False,2026-04-23,True,ซื้อแล้ว
C02229,ทิพย์,หญิง,25-34,3,B05,มหาวิทยาลัย,2026-06-14,98,086-xxx-7038,False,2026-06-23,True,ซื้อแล้ว
C02230,สุดา,หญิง,18-24,2,B02,สีลม,2026-03-16,188,085-xxx-4984,False,,False,ไม่เคยซื้อ
C02231,ณัฐ,ชาย,25-34,3,B04,บางนา,2026-07-08,74,082-xxx-6980,False,2026-08-09,True,ซื้อแล้ว
C02232,นภัส,หญิง,35-44,4,B04,บางนา,2026-03-10,194,084-xxx-5885,False,2026-03-10,True,ซื้อแล้ว
C02233,ณัฐ,หญิง,35-44,4,B03,อารีย์,2026-03-23,181,089-xxx-9703,False,2026-03-25,True,ซื้อแล้ว
C02234,รัตนา,ชาย,18-24,2,B01,สยาม,2025-10-28,327,085-xxx-1874,False,2025-12-16,True,ซื้อแล้ว
C02235,กมล,หญิง,55+,6,B02,สีลม,2025-08-15,401,087-xxx-2333,False,2025-08-17,True,ซื้อแล้ว
C02236,อัญชลี,หญิง,25-34,3,B05,มหาวิทยาลัย,2025-10-06,349,082-xxx-4498,False,2025-10-31,True,ซื้อแล้ว
C02237,ปิยะ,หญิง,18-24,2,B02,สีลม,2025-07-27,420,086-xxx-4358,False,2025-09-10,True,ซื้อแล้ว
C02238,วีระ,หญิง,25-34,3,B01,สยาม,2026-04-18,155,088-xxx-7260,False,2026-04-21,True,ซื้อแล้ว
C02239,สมชาย,หญิง,25-34,3,B01,สยาม,2025-12-31,263,088-xxx-7151,False,2026-03-01,True,ซื้อแล้ว
C02240,อัญชลี,ชาย,35-44,4,B04,บางนา,2025-06-02,475,084-xxx-7249,False,2025-06-14,True,ซื้อแล้ว
C02241,จิรา,ชาย,35-44,4,B05,มหาวิทยาลัย,2026-01-03,260,081-xxx-5544,False,,False,ไม่เคยซื้อ
C02242,ธนา,ไม่ระบุ,45-54,5,B01,สยาม,2026-07-05,77,088-xxx-1194,False,2026-07-17,True,ซื้อแล้ว
C02243,ภูมิ,หญิง,35-44,4,B02,สีลม,2025-07-28,419,081-xxx-8912,False,2025-08-02,True,ซื้อแล้ว
C02244,กมล,ไม่ระบุ,55+,6,B02,สีลม,2025-05-04,504,086-xxx-9965,False,2025-06-06,True,ซื้อแล้ว
C02245,กิตติ,ชาย,18-24,2,B02,สีลม,2026-09-03,17,085-xxx-1660,False,,False,สมาชิกใหม่ ยังไม่ซื้อ
C02246,กมล,หญิง,25-34,3,B01,สยาม,2026-01-12,251,083-xxx-9260,False,2026-01-12,True,ซื้อแล้ว
C02247,จิรา,ชาย,25-34,3,B05,มหาวิทยาลัย,2026-03-16,188,083-xxx-4319,False,2026-03-24,True,ซื้อแล้ว
C02248,อัญชลี,ชาย,35-44,4,B02,สีลม,2026-03-15,189,081-xxx-4308,True,2026-04-09,True,ซื้อแล้ว
C02249,ณัฐ,หญิง,35-44,4,B04,บางนา,2025-05-29,479,082-xxx-5093,False,2025-06-10,True,ซื้อแล้ว
C02250,กมล,ชาย,25-34,3,B05,มหาวิทยาลัย,2025-08-24,392,086-xxx-6113,False,2025-09-16,True,ซื้อแล้ว
C02251,วรรณ,ชาย,35-44,4,B02,สีลม,2026-01-31,232,081-xxx-9881,False,2026-06-07,True,ซื้อแล้ว
C02252,วรรณ,หญิง,25-34,3,B01,สยาม,2025-09-17,368,086-xxx-1526,False,2025-10-17,True,ซื้อแล้ว
C02253,เกศ,ชาย,45-54,5,B05,มหาวิทยาลัย,2026-01-28,235,089-xxx-2773,False,2026-03-28,True,ซื้อแล้ว
C02254,รัตนา,หญิง,25-34,3,B05,มหาวิทยาลัย,2026-01-23,240,089-xxx-7522,False,,False,ไม่เคยซื้อ
C02255,ศิริ,หญิง,25-34,3,B01,สยาม,2025-08-20,396,083-xxx-7272,False,2025-09-02,True,ซื้อแล้ว
C02256,กิตติ,หญิง,25-34,3,B02,สีลม,2025-09-29,356,082-xxx-5978,False,2025-10-13,True,ซื้อแล้ว
C02257,ปวีณ,หญิง,25-34,3,B05,มหาวิทยาลัย,2026-01-04,259,084-xxx-6300,False,2026-01-14,True,ซื้อแล้ว
C02258,นภัส,หญิง,25-34,3,B01,สยาม,2026-01-03,260,083-xxx-6295,False,2026-01-11,True,ซื้อแล้ว
C02259,วีระ,หญิง,35-44,4,B03,อารีย์,2025-11-29,295,086-xxx-9768,False,2025-12-11,True,ซื้อแล้ว
C02260,สุดา,หญิง,25-34,3,B03,อารีย์,2025-12-29,265,089-xxx-3340,False,2026-01-15,True,ซื้อแล้ว
C02261,เกศ,หญิง,25-34,3,B02,สีลม,2025-04-10,528,082-xxx-1753,False,2025-07-26,True,ซื้อแล้ว
C02262,ธีร,หญิง,18-24,2,B05,มหาวิทยาลัย,2025-04-26,512,087-xxx-7520,True,2025-04-29,True,ซื้อแล้ว
C02263,เกศ,ชาย,35-44,4,B03,อารีย์,2026-06-30,82,081-xxx-9821,False,2026-07-03,True,ซื้อแล้ว
C02264,อรุณ,ชาย,55+,6,B05,มหาวิทยาลัย,2025-11-17,307,087-xxx-1832,False,2026-01-07,True,ซื้อแล้ว
C02265,รัตนา,หญิง,35-44,4,B04,บางนา,2026-04-13,160,083-xxx-3066,False,2026-06-01,True,ซื้อแล้ว
C02266,มานพ,หญิง,45-54,5,B02,สีลม,2026-08-22,29,087-xxx-2695,False,2026-08-24,True,ซื้อแล้ว
C02267,ปิยะ,ชาย,25-34,3,B01,สยาม,2025-05-04,504,082-xxx-5499,False,2025-06-15,True,ซื้อแล้ว
C02268,ศิริ,หญิง,45-54,5,B04,บางนา,2025-09-21,364,088-xxx-4182,False,2025-09-27,True,ซื้อแล้ว
C02269,จิรา,ชาย,18-24,2,B02,สีลม,2026-03-28,176,086-xxx-2639,False,2026-05-20,True,ซื้อแล้ว
C02270,นภัส,ชาย,55+,6,B03,อารีย์,2026-01-13,250,086-xxx-4680,False,2026-01-18,True,ซื้อแล้ว
C02271,ทิพย์,ชาย,45-54,5,B01,สยาม,2025-09-07,378,083-xxx-2390,False,2025-09-19,True,ซื้อแล้ว
C02272,ณัฐ,ไม่ระบุ,55+,6,B05,มหาวิทยาลัย,2025-07-15,432,089-xxx-8833,False,2025-07-30,True,ซื้อแล้ว
C02273,รัตนา,หญิง,25-34,3,B05,มหาวิทยาลัย,2025-08-07,409,087-xxx-9970,False,2025-09-05,True,ซื้อแล้ว
C02274,ปิยะ,หญิง,ต่ำกว่า 18,1,B05,มหาวิทยาลัย,2025-07-27,420,081-xxx-1816,False,2025-08-22,True,ซื้อแล้ว
C02275,ศิริ,ไม่ระบุ,35-44,4,B04,บางนา,2026-01-26,237,086-xxx-7092,False,2026-02-08,True,ซื้อแล้ว
C02276,กมล,ชาย,18-24,2,B01,สยาม,2026-08-17,34,084-xxx-2691,False,2026-09-11,True,ซื้อแล้ว
C02277,ทิพย์,หญิง,35-44,4,B05,มหาวิทยาลัย,2026-08-24,27,084-xxx-2819,False,2026-09-06,True,ซื้อแล้ว
C02278,วีระ,ชาย,25-34,3,B01,สยาม,2026-05-14,129,087-xxx-5492,False,2026-05-31,True,ซื้อแล้ว
C02279,นภัส,ชาย,18-24,2,B02,สีลม,2026-07-14,68,088-xxx-8893,False,2026-07-17,True,ซื้อแล้ว
C02280,รัตนา,ชาย,25-34,3,B02,สีลม,2025-09-15,370,084-xxx-1434,False,2025-09-23,True,ซื้อแล้ว
C02281,กมล,หญิง,18-24,2,B03,อารีย์,2026-03-08,196,084-xxx-9547,False,2026-03-30,True,ซื้อแล้ว
C02282,ปวีณ,หญิง,25-34,3,B02,สีลม,2025-05-08,500,082-xxx-4357,True,2025-05-08,True,ซื้อแล้ว
C02283,กมล,ชาย,18-24,2,B02,สีลม,2025-12-28,266,082-xxx-6913,False,2026-01-26,True,ซื้อแล้ว
C02284,อรุณ,หญิง,18-24,2,B04,บางนา,2025-04-18,520,089-xxx-1389,False,2025-04-26,True,ซื้อแล้ว
C02285,ปิยะ,ชาย,ต่ำกว่า 18,1,B03,อารีย์,2025-11-01,323,087-xxx-6734,False,2025-11-04,True,ซื้อแล้ว
C02286,สุดา,ชาย,35-44,4,B01,สยาม,2025-07-02,445,081-xxx-3078,False,2025-07-16,True,ซื้อแล้ว
C02287,นภัส,ชาย,35-44,4,B01,สยาม,2026-04-11,162,082-xxx-3706,True,2026-04-16,True,ซื้อแล้ว
C02288,ณัฐ,หญิง,25-34,3,B01,สยาม,2026-08-09,42,084-xxx-4975,False,2026-08-14,True,ซื้อแล้ว
C02289,จิรา,ชาย,25-34,3,B05,มหาวิทยาลัย,2026-06-03,109,089-xxx-6549,False,2026-06-27,True,ซื้อแล้ว
C02290,ณัฐ,ชาย,35-44,4,B02,สีลม,2025-04-13,525,083-xxx-6792,False,2025-05-14,True,ซื้อแล้ว
C02291,ธนา,หญิง,55+,6,B05,มหาวิทยาลัย,2026-07-05,77,084-xxx-8292,False,,False,ไม่เคยซื้อ
C02292,ปวีณ,หญิง,45-54,5,B03,อารีย์,2026-02-27,205,084-xxx-2022,False,2026-03-27,True,ซื้อแล้ว
C02293,ศิริ,ชาย,25-34,3,B03,อารีย์,2026-03-28,176,085-xxx-4015,False,2026-04-01,True,ซื้อแล้ว
C02294,อรุณ,หญิง,55+,6,B01,สยาม,2025-05-24,484,084-xxx-6990,False,2025-06-01,True,ซื้อแล้ว
C02295,อัญชลี,หญิง,35-44,4,B01,สยาม,2026-06-13,99,083-xxx-4382,False,2026-08-08,True,ซื้อแล้ว
C02296,นภัส,หญิง,25-34,3,B03,อารีย์,2026-02-02,230,083-xxx-9170,False,2026-02-26,True,ซื้อแล้ว
C02297,ทิพย์,ชาย,35-44,4,B01,สยาม,2026-01-31,232,081-xxx-9597,False,2026-03-11,True,ซื้อแล้ว
C02298,วีระ,ชาย,35-44,4,B05,มหาวิทยาลัย,2026-05-22,121,081-xxx-9073,False,2026-08-11,True,ซื้อแล้ว
C02299,นภัส,ชาย,55+,6,B04,บางนา,2025-09-12,373,088-xxx-8137,False,,False,ไม่เคยซื้อ
C02300,ภัทร,หญิง,25-34,3,B01,สยาม,2025-09-15,370,086-xxx-7124,False,2025-12-29,True,ซื้อแล้ว
C02301,กิตติ,หญิง,25-34,3,B02,สีลม,2026-04-09,164,088-xxx-7052,False,2026-05-05,True,ซื้อแล้ว
C02302,อรุณ,ชาย,ต่ำกว่า 18,1,B04,บางนา,2025-08-16,400,086-xxx-1722,False,2025-08-19,True,ซื้อแล้ว
C02303,ชนา,ชาย,25-34,3,B04,บางนา,2025-12-15,279,089-xxx-2714,False,2026-01-10,True,ซื้อแล้ว
C02304,วรรณ,ชาย,18-24,2,B04,บางนา,2026-02-12,220,082-xxx-9312,False,2026-03-13,True,ซื้อแล้ว
C02305,ศิริ,หญิง,35-44,4,B05,มหาวิทยาลัย,2025-06-17,460,088-xxx-5894,False,2025-07-02,True,ซื้อแล้ว
C02306,มานพ,หญิง,45-54,5,B01,สยาม,2026-03-24,180,083-xxx-7349,False,2026-04-06,True,ซื้อแล้ว
C02307,ภูมิ,ชาย,45-54,5,B05,มหาวิทยาลัย,2025-04-27,511,083-xxx-4269,False,2025-05-16,True,ซื้อแล้ว
C02308,นภัส,หญิง,18-24,2,B03,อารีย์,2026-01-12,251,082-xxx-1494,False,2026-01-17,True,ซื้อแล้ว
C02309,กิตติ,หญิง,25-34,3,B05,มหาวิทยาลัย,2025-06-27,450,085-xxx-3028,False,2025-07-03,True,ซื้อแล้ว
C02310,กิตติ,หญิง,35-44,4,B01,สยาม,2025-07-13,434,089-xxx-5574,False,2025-09-08,True,ซื้อแล้ว
C02311,ณัฐ,ชาย,18-24,2,B01,สยาม,2025-06-23,454,081-xxx-2060,False,2025-07-05,True,ซื้อแล้ว
C02312,พิม,หญิง,25-34,3,B05,มหาวิทยาลัย,2026-01-29,234,084-xxx-9358,False,2026-02-19,True,ซื้อแล้ว
C02313,อรุณ,ชาย,25-34,3,B04,บางนา,2025-07-02,445,086-xxx-1517,False,2025-07-02,True,ซื้อแล้ว
C02314,เกศ,หญิง,18-24,2,B02,สีลม,2026-02-28,204,082-xxx-4989,False,2026-03-19,True,ซื้อแล้ว
C02315,สุดา,ชาย,25-34,3,B02,สีลม,2026-03-16,188,084-xxx-6577,False,2026-03-26,True,ซื้อแล้ว
C02316,กมล,ไม่ระบุ,45-54,5,B05,มหาวิทยาลัย,2025-05-30,478,082-xxx-9605,False,2025-06-10,True,ซื้อแล้ว
C02317,ณัฐ,หญิง,18-24,2,B04,บางนา,2025-05-04,504,084-xxx-8225,False,2025-05-08,True,ซื้อแล้ว
C02318,เกศ,หญิง,55+,6,B04,บางนา,2026-04-05,168,086-xxx-2064,False,2026-05-21,True,ซื้อแล้ว
C02319,ทิพย์,หญิง,35-44,4,B05,มหาวิทยาลัย,2026-04-01,172,087-xxx-6082,False,,False,ไม่เคยซื้อ
C02320,ณัฐ,ชาย,55+,6,B05,มหาวิทยาลัย,2025-06-23,454,081-xxx-7178,False,2025-07-11,True,ซื้อแล้ว
C02321,ธีร,ชาย,25-34,3,B03,อารีย์,2026-05-06,137,089-xxx-1255,False,2026-05-11,True,ซื้อแล้ว
C02322,อรุณ,หญิง,35-44,4,B05,มหาวิทยาลัย,2025-05-25,483,086-xxx-9381,False,2025-06-10,True,ซื้อแล้ว
C02323,เกศ,หญิง,45-54,5,B04,บางนา,2025-11-05,319,088-xxx-6124,False,2025-11-07,True,ซื้อแล้ว
C02324,มานพ,หญิง,18-24,2,B03,อารีย์,2026-06-24,88,088-xxx-6284,False,,False,ไม่เคยซื้อ
C02325,พิม,หญิง,45-54,5,B01,สยาม,2025-11-01,323,089-xxx-8452,False,2026-02-15,True,ซื้อแล้ว
C02326,เกศ,ชาย,18-24,2,B04,บางนา,2026-02-17,215,088-xxx-6990,False,2026-02-27,True,ซื้อแล้ว
C02327,ทิพย์,หญิง,35-44,4,B04,บางนา,2026-06-29,83,081-xxx-8179,False,2026-07-05,True,ซื้อแล้ว
C02328,มานพ,ชาย,25-34,3,B01,สยาม,2025-09-09,376,089-xxx-3346,False,2025-10-15,True,ซื้อแล้ว
C02329,พิม,หญิง,55+,6,B05,มหาวิทยาลัย,2026-04-11,162,083-xxx-9405,False,,False,ไม่เคยซื้อ
C02330,รัตนา,หญิง,25-34,3,B05,มหาวิทยาลัย,2025-04-04,534,087-xxx-9704,False,2025-06-09,True,ซื้อแล้ว
C02331,กมล,ชาย,35-44,4,B05,มหาวิทยาลัย,2026-03-13,191,082-xxx-5010,False,2026-04-02,True,ซื้อแล้ว
C02332,ปวีณ,ชาย,25-34,3,B03,อารีย์,2026-02-02,230,081-xxx-2882,False,2026-02-25,True,ซื้อแล้ว
C02333,ชนา,ชาย,25-34,3,B05,มหาวิทยาลัย,2025-11-11,313,089-xxx-5909,False,2025-11-21,True,ซื้อแล้ว
C02334,วรรณ,ชาย,35-44,4,B01,สยาม,2026-04-03,170,085-xxx-9424,False,2026-04-15,True,ซื้อแล้ว
C02335,วรรณ,ไม่ระบุ,18-24,2,B05,มหาวิทยาลัย,2025-07-03,444,082-xxx-8587,False,,False,ไม่เคยซื้อ
C02336,รัตนา,ชาย,18-24,2,B01,สยาม,2025-04-17,521,087-xxx-9622,False,2025-05-11,True,ซื้อแล้ว
C02337,สุดา,ชาย,25-34,3,B02,สีลม,2026-01-05,258,084-xxx-1106,False,2026-01-19,True,ซื้อแล้ว
C02338,พิม,หญิง,35-44,4,B01,สยาม,2026-08-25,26,087-xxx-4701,False,2026-09-01,True,ซื้อแล้ว
C02339,ธีร,หญิง,25-34,3,B02,สีลม,2025-12-08,286,082-xxx-3607,False,2026-01-01,True,ซื้อแล้ว
C02340,กิตติ,หญิง,18-24,2,B01,สยาม,2026-01-06,257,082-xxx-3457,False,2026-01-11,True,ซื้อแล้ว
C02341,อัญชลี,หญิง,45-54,5,B03,อารีย์,2026-06-04,108,088-xxx-3207,False,2026-08-30,True,ซื้อแล้ว
C02342,สุดา,ชาย,25-34,3,B02,สีลม,2026-04-16,157,087-xxx-4076,False,2026-05-08,True,ซื้อแล้ว
C02343,ณัฐ,หญิง,18-24,2,B03,อารีย์,2026-03-13,191,082-xxx-7135,False,2026-04-08,True,ซื้อแล้ว
C02344,ภัทร,ชาย,35-44,4,B04,บางนา,2025-08-23,393,088-xxx-7980,False,2025-09-23,True,ซื้อแล้ว
C02345,อัญชลี,ไม่ระบุ,35-44,4,B01,สยาม,2026-06-14,98,087-xxx-2615,False,2026-06-21,True,ซื้อแล้ว
C02346,รัตนา,หญิง,18-24,2,B05,มหาวิทยาลัย,2025-11-06,318,081-xxx-6912,False,2025-11-17,True,ซื้อแล้ว
C02347,ธีร,ชาย,35-44,4,B02,สีลม,2025-12-28,266,081-xxx-7043,False,2026-02-12,True,ซื้อแล้ว
C02348,อัญชลี,หญิง,25-34,3,B03,อารีย์,2026-01-01,262,084-xxx-9536,False,2026-01-19,True,ซื้อแล้ว
C02349,ธนา,หญิง,25-34,3,B05,มหาวิทยาลัย,2025-04-09,529,081-xxx-3701,False,2025-04-11,True,ซื้อแล้ว
C02350,กมล,หญิง,35-44,4,B02,สีลม,2026-01-05,258,089-xxx-8013,False,2026-01-21,True,ซื้อแล้ว
C02351,กิตติ,หญิง,25-34,3,B05,มหาวิทยาลัย,2025-05-30,478,082-xxx-3621,False,2025-06-17,True,ซื้อแล้ว
C02352,ชนา,หญิง,35-44,4,B05,มหาวิทยาลัย,2026-09-13,7,087-xxx-1890,False,,False,สมาชิกใหม่ ยังไม่ซื้อ
C02353,อรุณ,หญิง,55+,6,B05,มหาวิทยาลัย,2026-08-12,39,082-xxx-2375,False,,False,ไม่เคยซื้อ
C02354,กมล,ชาย,18-24,2,B05,มหาวิทยาลัย,2025-07-27,420,083-xxx-1825,False,2025-08-05,True,ซื้อแล้ว
C02355,นภัส,ชาย,18-24,2,B05,มหาวิทยาลัย,2026-07-24,58,083-xxx-3428,False,2026-08-03,True,ซื้อแล้ว
C02356,พิม,ไม่ระบุ,35-44,4,B01,สยาม,2025-07-28,419,086-xxx-7627,False,2025-08-05,True,ซื้อแล้ว
C02357,ณัฐ,ชาย,35-44,4,B05,มหาวิทยาลัย,2026-06-25,87,088-xxx-6908,False,,False,ไม่เคยซื้อ
C02358,อรุณ,ชาย,18-24,2,B01,สยาม,2025-04-07,531,086-xxx-9585,False,2025-04-25,True,ซื้อแล้ว
C02359,รัตนา,ชาย,25-34,3,B01,สยาม,2025-08-14,402,086-xxx-2440,False,2025-08-19,True,ซื้อแล้ว
C02360,ธนา,ชาย,25-34,3,B01,สยาม,2026-02-27,205,088-xxx-1215,False,,False,ไม่เคยซื้อ
C02361,ศิริ,หญิง,45-54,5,B05,มหาวิทยาลัย,2025-11-09,315,087-xxx-1283,False,2025-12-30,True,ซื้อแล้ว
C02362,ปวีณ,ชาย,35-44,4,B01,สยาม,2025-07-18,429,082-xxx-7086,False,2025-07-19,True,ซื้อแล้ว
C02363,สุดา,ชาย,55+,6,B02,สีลม,2025-11-30,294,086-xxx-2766,False,2026-02-12,True,ซื้อแล้ว
C02364,ธนา,ชาย,25-34,3,B01,สยาม,2025-06-23,454,088-xxx-2370,False,2025-08-07,True,ซื้อแล้ว
C02365,ปวีณ,หญิง,35-44,4,B04,บางนา,2026-06-21,91,082-xxx-7868,False,2026-07-22,True,ซื้อแล้ว
C02366,กมล,ชาย,45-54,5,B03,อารีย์,2026-01-25,238,086-xxx-6634,False,2026-02-15,True,ซื้อแล้ว
C02367,สุดา,หญิง,25-34,3,B04,บางนา,2026-05-21,122,086-xxx-6102,False,2026-07-26,True,ซื้อแล้ว
C02368,ปวีณ,หญิง,45-54,5,B04,บางนา,2025-11-17,307,081-xxx-8378,False,2025-11-21,True,ซื้อแล้ว
C02369,ธนา,ชาย,25-34,3,B01,สยาม,2026-05-21,122,088-xxx-9836,False,,False,ไม่เคยซื้อ
C02370,สุดา,หญิง,25-34,3,B03,อารีย์,2026-01-31,232,081-xxx-3274,False,2026-04-08,True,ซื้อแล้ว
C02371,ทิพย์,หญิง,18-24,2,B05,มหาวิทยาลัย,2025-06-10,467,087-xxx-7881,False,2025-06-15,True,ซื้อแล้ว
C02372,กมล,หญิง,18-24,2,B05,มหาวิทยาลัย,2025-05-18,490,087-xxx-8911,False,2025-06-04,True,ซื้อแล้ว
C02373,พิม,หญิง,25-34,3,B04,บางนา,2025-05-09,499,086-xxx-2414,False,2025-05-12,True,ซื้อแล้ว
C02374,ชนา,ชาย,35-44,4,B05,มหาวิทยาลัย,2025-12-18,276,087-xxx-8213,False,2026-02-27,True,ซื้อแล้ว
C02375,อัญชลี,ชาย,45-54,5,B04,บางนา,2026-04-07,166,089-xxx-1830,False,2026-05-03,True,ซื้อแล้ว
C02376,ศิริ,หญิง,45-54,5,B05,มหาวิทยาลัย,2026-07-06,76,085-xxx-1582,False,2026-07-25,True,ซื้อแล้ว
C02377,ภัทร,หญิง,18-24,2,B02,สีลม,2025-10-23,332,087-xxx-6594,False,2026-01-13,True,ซื้อแล้ว
C02378,รัตนา,ชาย,45-54,5,B03,อารีย์,2026-07-10,72,087-xxx-3792,False,,False,ไม่เคยซื้อ
C02379,ชนา,หญิง,35-44,4,B01,สยาม,2026-06-13,99,087-xxx-2760,False,,False,ไม่เคยซื้อ
C02380,กมล,ชาย,45-54,5,B02,สีลม,2026-03-08,196,081-xxx-6903,False,2026-04-10,True,ซื้อแล้ว
C02381,ปิยะ,ชาย,18-24,2,B01,สยาม,2026-03-15,189,084-xxx-4000,False,2026-04-02,True,ซื้อแล้ว
C02382,อรุณ,ชาย,25-34,3,B03,อารีย์,2026-03-01,203,082-xxx-2512,False,2026-03-03,True,ซื้อแล้ว
C02383,ภูมิ,ชาย,18-24,2,B01,สยาม,2026-04-28,145,088-xxx-4841,False,2026-05-05,True,ซื้อแล้ว
C02384,กมล,ชาย,18-24,2,B01,สยาม,2026-06-19,93,083-xxx-8136,False,2026-06-25,True,ซื้อแล้ว
C02385,วีระ,หญิง,35-44,4,B03,อารีย์,2026-05-13,130,087-xxx-5576,False,2026-05-16,True,ซื้อแล้ว
C02386,ธนา,ชาย,35-44,4,B03,อารีย์,2026-05-21,122,084-xxx-2173,False,2026-07-10,True,ซื้อแล้ว
C02387,ปิยะ,หญิง,45-54,5,B05,มหาวิทยาลัย,2025-04-17,521,084-xxx-6679,False,,False,ไม่เคยซื้อ
C02388,ศิริ,หญิง,55+,6,B05,มหาวิทยาลัย,2025-06-01,476,082-xxx-1586,False,2025-06-02,True,ซื้อแล้ว
C02389,อรุณ,ชาย,18-24,2,B03,อารีย์,2026-04-29,144,086-xxx-1943,False,2026-05-04,True,ซื้อแล้ว
C02390,ปิยะ,หญิง,18-24,2,B04,บางนา,2026-05-29,114,084-xxx-2701,True,2026-09-17,True,ซื้อแล้ว
C02391,นภัส,ชาย,25-34,3,B05,มหาวิทยาลัย,2025-12-02,292,085-xxx-4411,False,2025-12-23,True,ซื้อแล้ว
C02392,เกศ,ชาย,55+,6,B04,บางนา,2025-12-15,279,088-xxx-4472,False,2026-01-03,True,ซื้อแล้ว
C02393,รัตนา,ชาย,55+,6,B01,สยาม,2025-10-06,349,083-xxx-5883,False,2025-10-28,True,ซื้อแล้ว
C02394,พิม,หญิง,18-24,2,B03,อารีย์,2026-03-28,176,083-xxx-8407,False,2026-05-25,True,ซื้อแล้ว
C02395,วรรณ,ชาย,18-24,2,B04,บางนา,2026-06-09,103,082-xxx-8567,False,2026-08-08,True,ซื้อแล้ว
C02396,สุดา,หญิง,25-34,3,B03,อารีย์,2025-11-14,310,083-xxx-4715,False,2025-11-27,True,ซื้อแล้ว
C02397,ศิริ,หญิง,45-54,5,B03,อารีย์,2026-05-05,138,089-xxx-4162,False,2026-05-12,True,ซื้อแล้ว
C02398,เกศ,หญิง,35-44,4,B05,มหาวิทยาลัย,2025-05-15,493,087-xxx-3029,False,2025-07-12,True,ซื้อแล้ว
C02399,กมล,ชาย,18-24,2,B02,สีลม,2025-09-30,355,086-xxx-7445,False,2025-12-12,True,ซื้อแล้ว
C02400,เกศ,หญิง,25-34,3,B01,สยาม,2026-07-10,72,085-xxx-9127,False,,False,ไม่เคยซื้อ
C02401,ศิริ,หญิง,18-24,2,B02,สีลม,2026-01-06,257,082-xxx-9050,False,,False,ไม่เคยซื้อ
C02402,ปวีณ,ชาย,55+,6,B01,สยาม,2025-10-15,340,085-xxx-3475,False,,False,ไม่เคยซื้อ
C02403,ปวีณ,หญิง,ต่ำกว่า 18,1,B01,สยาม,2026-01-10,253,084-xxx-7629,False,2026-02-15,True,ซื้อแล้ว
C02404,อรุณ,ชาย,25-34,3,B04,บางนา,2025-08-01,415,089-xxx-2167,False,2025-08-13,True,ซื้อแล้ว
C02405,ทิพย์,ชาย,55+,6,B04,บางนา,2025-09-22,363,082-xxx-8751,False,2025-09-29,True,ซื้อแล้ว
C02406,ปิยะ,ชาย,35-44,4,B02,สีลม,2025-12-19,275,087-xxx-1451,False,,False,ไม่เคยซื้อ
C02407,สมชาย,หญิง,18-24,2,B04,บางนา,2025-12-06,288,088-xxx-2674,False,2025-12-10,True,ซื้อแล้ว
C02408,ทิพย์,ชาย,ต่ำกว่า 18,1,B05,มหาวิทยาลัย,2026-04-22,151,088-xxx-2147,False,2026-04-25,True,ซื้อแล้ว
C02409,นภัส,ไม่ระบุ,45-54,5,B05,มหาวิทยาลัย,2026-06-25,87,088-xxx-6771,False,,False,ไม่เคยซื้อ
C02410,อรุณ,หญิง,35-44,4,B03,อารีย์,2026-01-07,256,084-xxx-7846,False,2026-01-21,True,ซื้อแล้ว
C02411,มานพ,หญิง,55+,6,B02,สีลม,2025-10-20,335,087-xxx-7243,False,2025-10-29,True,ซื้อแล้ว
C02412,อัญชลี,ชาย,45-54,5,B03,อารีย์,2026-01-06,257,087-xxx-1663,False,2026-02-01,True,ซื้อแล้ว
C02413,จิรา,หญิง,18-24,2,B03,อารีย์,2026-07-06,76,083-xxx-8099,False,2026-07-22,True,ซื้อแล้ว
C02414,มานพ,หญิง,25-34,3,B02,สีลม,2026-06-30,82,086-xxx-5983,False,2026-07-03,True,ซื้อแล้ว
C02415,นภัส,ชาย,25-34,3,B05,มหาวิทยาลัย,2026-08-10,41,082-xxx-8328,False,,False,ไม่เคยซื้อ
C02416,ณัฐ,ชาย,18-24,2,B05,มหาวิทยาลัย,2026-01-13,250,085-xxx-1089,False,2026-02-05,True,ซื้อแล้ว
C02417,ภูมิ,หญิง,25-34,3,B03,อารีย์,2026-07-18,64,084-xxx-7879,False,2026-08-11,True,ซื้อแล้ว
C02418,ทิพย์,หญิง,55+,6,B03,อารีย์,2026-02-15,217,081-xxx-8873,False,2026-03-11,True,ซื้อแล้ว
C02419,ธนา,ชาย,35-44,4,B05,มหาวิทยาลัย,2025-04-20,518,086-xxx-5102,False,2025-05-09,True,ซื้อแล้ว
C02420,สุดา,หญิง,45-54,5,B01,สยาม,2025-09-16,369,081-xxx-4349,False,2025-10-04,True,ซื้อแล้ว
C02421,ภูมิ,ชาย,25-34,3,B01,สยาม,2025-07-10,437,089-xxx-4287,False,2025-07-23,True,ซื้อแล้ว
C02422,ปวีณ,หญิง,45-54,5,B03,อารีย์,2026-06-09,103,083-xxx-7396,False,2026-06-16,True,ซื้อแล้ว
C02423,ภูมิ,หญิง,25-34,3,B04,บางนา,2025-10-24,331,087-xxx-9971,False,2025-11-01,True,ซื้อแล้ว
C02424,นภัส,ชาย,35-44,4,B05,มหาวิทยาลัย,2025-08-18,398,085-xxx-5826,False,2025-09-10,True,ซื้อแล้ว
C02425,ปิยะ,หญิง,35-44,4,B04,บางนา,2025-10-25,330,089-xxx-4049,False,2025-11-01,True,ซื้อแล้ว
C02426,ทิพย์,ชาย,18-24,2,B02,สีลม,2025-09-04,381,089-xxx-6634,False,2025-09-15,True,ซื้อแล้ว
C02427,กิตติ,ชาย,25-34,3,B01,สยาม,2026-08-13,38,087-xxx-7597,False,,False,ไม่เคยซื้อ
C02428,ภูมิ,ชาย,55+,6,B01,สยาม,2025-04-28,510,086-xxx-8059,False,2025-04-30,True,ซื้อแล้ว
C02429,สมชาย,หญิง,35-44,4,B02,สีลม,2026-04-23,150,087-xxx-7267,False,2026-05-07,True,ซื้อแล้ว
C02430,ศิริ,ชาย,18-24,2,B05,มหาวิทยาลัย,2025-11-18,306,083-xxx-9328,False,2025-12-12,True,ซื้อแล้ว
C02431,ชนา,หญิง,18-24,2,B05,มหาวิทยาลัย,2026-08-22,29,088-xxx-7803,False,,False,สมาชิกใหม่ ยังไม่ซื้อ
C02432,ศิริ,หญิง,ต่ำกว่า 18,1,B04,บางนา,2025-10-13,342,088-xxx-8001,False,2025-10-21,True,ซื้อแล้ว
C02433,จิรา,หญิง,45-54,5,B05,มหาวิทยาลัย,2026-04-12,161,087-xxx-6089,False,2026-05-01,True,ซื้อแล้ว
C02434,ธีร,ชาย,18-24,2,B05,มหาวิทยาลัย,2025-06-24,453,086-xxx-1678,False,2025-07-07,True,ซื้อแล้ว
C02435,ชนา,ชาย,18-24,2,B05,มหาวิทยาลัย,2025-09-29,356,089-xxx-4729,False,2025-11-22,True,ซื้อแล้ว
C02436,พิม,ชาย,18-24,2,B03,อารีย์,2026-06-10,102,088-xxx-5773,False,2026-06-25,True,ซื้อแล้ว
C02437,รัตนา,ชาย,ต่ำกว่า 18,1,B05,มหาวิทยาลัย,2025-08-08,408,086-xxx-3705,False,2025-08-10,True,ซื้อแล้ว
C02438,ทิพย์,หญิง,18-24,2,B03,อารีย์,2025-12-05,289,082-xxx-9054,False,2025-12-07,True,ซื้อแล้ว
C02439,ปวีณ,หญิง,ต่ำกว่า 18,1,B01,สยาม,2026-03-19,185,087-xxx-3004,False,2026-03-25,True,ซื้อแล้ว
C02440,ภัทร,หญิง,25-34,3,B03,อารีย์,2026-01-24,239,083-xxx-1373,False,2026-01-30,True,ซื้อแล้ว
C02441,รัตนา,หญิง,35-44,4,B05,มหาวิทยาลัย,2026-04-10,163,089-xxx-9920,False,,False,ไม่เคยซื้อ
C02442,มานพ,ชาย,35-44,4,B03,อารีย์,2025-12-29,265,081-xxx-5430,False,2026-01-23,True,ซื้อแล้ว
C02443,ภูมิ,ชาย,25-34,3,B04,บางนา,2026-08-21,30,085-xxx-8928,True,2026-08-24,True,ซื้อแล้ว
C02444,ชนา,หญิง,18-24,2,B05,มหาวิทยาลัย,2026-04-14,159,083-xxx-7588,False,,False,ไม่เคยซื้อ
C02445,เกศ,หญิง,55+,6,B01,สยาม,2026-02-15,217,083-xxx-7929,False,2026-02-21,True,ซื้อแล้ว
C02446,รัตนา,หญิง,25-34,3,B01,สยาม,2025-04-02,536,088-xxx-2642,False,2025-04-06,True,ซื้อแล้ว
C02447,จิรา,ชาย,18-24,2,B03,อารีย์,2026-05-21,122,085-xxx-3438,False,2026-06-24,True,ซื้อแล้ว
C02448,นภัส,หญิง,35-44,4,B02,สีลม,2026-05-11,132,085-xxx-6619,False,2026-06-17,True,ซื้อแล้ว
C02449,นภัส,หญิง,55+,6,B02,สีลม,2026-01-24,239,081-xxx-2157,False,2026-02-23,True,ซื้อแล้ว
C02450,ณัฐ,หญิง,45-54,5,B02,สีลม,2025-10-09,346,086-xxx-3404,False,2025-10-21,True,ซื้อแล้ว
C02451,ชนา,ชาย,25-34,3,B05,มหาวิทยาลัย,2026-04-09,164,083-xxx-3415,False,2026-04-13,True,ซื้อแล้ว
C02452,เกศ,หญิง,18-24,2,B05,มหาวิทยาลัย,2025-12-12,282,087-xxx-6842,False,2025-12-18,True,ซื้อแล้ว
C02453,จิรา,หญิง,45-54,5,B02,สีลม,2026-06-13,99,083-xxx-1902,False,2026-07-01,True,ซื้อแล้ว
C02454,พิม,หญิง,25-34,3,B03,อารีย์,2026-04-23,150,087-xxx-1165,False,2026-05-02,True,ซื้อแล้ว
C02455,วรรณ,หญิง,45-54,5,B02,สีลม,2026-05-31,112,084-xxx-8295,False,2026-08-17,True,ซื้อแล้ว
C02456,ภัทร,ชาย,35-44,4,B01,สยาม,2025-09-21,364,084-xxx-3785,False,2025-11-01,True,ซื้อแล้ว
C02457,วรรณ,หญิง,35-44,4,B03,อารีย์,2026-09-01,19,087-xxx-7886,False,,False,สมาชิกใหม่ ยังไม่ซื้อ
C02458,นภัส,หญิง,45-54,5,B02,สีลม,2026-03-16,188,083-xxx-5576,False,2026-04-10,True,ซื้อแล้ว
C02459,เกศ,หญิง,45-54,5,B05,มหาวิทยาลัย,2026-07-29,53,088-xxx-3180,False,,False,ไม่เคยซื้อ
C02460,ณัฐ,หญิง,55+,6,B01,สยาม,2026-02-03,229,084-xxx-5183,False,2026-02-25,True,ซื้อแล้ว
C02461,สมชาย,ชาย,18-24,2,B04,บางนา,2025-07-28,419,082-xxx-6494,False,2025-08-23,True,ซื้อแล้ว
C02462,สุดา,หญิง,35-44,4,B01,สยาม,2026-04-20,153,088-xxx-4738,False,2026-04-24,True,ซื้อแล้ว
C02463,กิตติ,ชาย,ต่ำกว่า 18,1,B04,บางนา,2026-02-03,229,085-xxx-4175,False,2026-02-22,True,ซื้อแล้ว
C02464,ธนา,ชาย,45-54,5,B04,บางนา,2025-11-27,297,089-xxx-7818,False,2025-12-20,True,ซื้อแล้ว
C02465,ภูมิ,หญิง,35-44,4,B02,สีลม,2026-08-23,28,083-xxx-3554,False,2026-09-12,True,ซื้อแล้ว
C02466,วีระ,หญิง,25-34,3,B01,สยาม,2025-12-31,263,081-xxx-2925,False,,False,ไม่เคยซื้อ
C02467,นภัส,หญิง,18-24,2,B02,สีลม,2026-05-02,141,081-xxx-2289,False,2026-08-29,True,ซื้อแล้ว
C02468,สุดา,หญิง,25-34,3,B02,สีลม,2026-08-20,31,084-xxx-6955,False,,False,ไม่เคยซื้อ
C02469,จิรา,หญิง,18-24,2,B05,มหาวิทยาลัย,2026-07-05,77,083-xxx-9877,False,,False,ไม่เคยซื้อ
C02470,ธนา,ชาย,45-54,5,B01,สยาม,2026-07-14,68,086-xxx-2679,False,2026-07-16,True,ซื้อแล้ว
C02471,วีระ,หญิง,25-34,3,B03,อารีย์,2026-07-06,76,086-xxx-6841,False,2026-07-12,True,ซื้อแล้ว
C02472,ธีร,ชาย,18-24,2,B05,มหาวิทยาลัย,2026-08-14,37,086-xxx-8459,False,2026-08-20,True,ซื้อแล้ว
C02473,ณัฐ,หญิง,25-34,3,B04,บางนา,2026-01-20,243,089-xxx-3668,False,2026-01-24,True,ซื้อแล้ว
C02474,กิตติ,ชาย,18-24,2,B05,มหาวิทยาลัย,2025-11-25,299,089-xxx-7752,False,2025-12-01,True,ซื้อแล้ว
C02475,ธีร,ชาย,35-44,4,B01,สยาม,2026-08-06,45,087-xxx-2446,False,2026-08-11,True,ซื้อแล้ว
C02476,ชนา,ชาย,35-44,4,B02,สีลม,2026-05-03,140,087-xxx-2667,False,2026-05-05,True,ซื้อแล้ว
C02477,ทิพย์,หญิง,ต่ำกว่า 18,1,B01,สยาม,2025-06-22,455,083-xxx-6492,False,2025-06-28,True,ซื้อแล้ว
C02478,วรรณ,ชาย,25-34,3,B04,บางนา,2025-12-03,291,085-xxx-6885,False,2025-12-10,True,ซื้อแล้ว
C02479,วรรณ,ชาย,18-24,2,B05,มหาวิทยาลัย,2026-06-09,103,089-xxx-6138,False,,False,ไม่เคยซื้อ
C02480,อรุณ,หญิง,35-44,4,B01,สยาม,2025-07-01,446,084-xxx-7813,False,2025-07-07,True,ซื้อแล้ว
C02481,ปิยะ,หญิง,25-34,3,B04,บางนา,2026-01-19,244,083-xxx-3164,False,2026-02-05,True,ซื้อแล้ว
C02482,จิรา,หญิง,18-24,2,B04,บางนา,2025-07-11,436,088-xxx-4262,False,2025-08-04,True,ซื้อแล้ว
C02483,สมชาย,หญิง,18-24,2,B01,สยาม,2026-03-12,192,082-xxx-5945,False,2026-03-23,True,ซื้อแล้ว
C02484,ภัทร,หญิง,35-44,4,B05,มหาวิทยาลัย,2026-01-29,234,089-xxx-4881,False,2026-02-02,True,ซื้อแล้ว
C02485,ปวีณ,หญิง,55+,6,B05,มหาวิทยาลัย,2025-08-26,390,088-xxx-8522,False,2025-10-02,True,ซื้อแล้ว
C02486,นภัส,หญิง,18-24,2,B01,สยาม,2025-05-29,479,086-xxx-2826,False,2025-07-16,True,ซื้อแล้ว
C02487,อัญชลี,หญิง,45-54,5,B02,สีลม,2026-09-04,16,083-xxx-5083,True,2026-09-18,True,ซื้อแล้ว
C02488,มานพ,หญิง,25-34,3,B03,อารีย์,2026-01-13,250,082-xxx-3682,False,2026-01-19,True,ซื้อแล้ว
C02489,จิรา,หญิง,35-44,4,B05,มหาวิทยาลัย,2026-07-06,76,083-xxx-4056,False,2026-07-26,True,ซื้อแล้ว
C02490,กมล,หญิง,35-44,4,B04,บางนา,2025-05-17,491,085-xxx-9184,False,2025-05-19,True,ซื้อแล้ว
C02491,ธนา,ไม่ระบุ,18-24,2,B01,สยาม,2025-12-29,265,087-xxx-6324,False,2026-03-05,True,ซื้อแล้ว
C02492,ภัทร,หญิง,18-24,2,B01,สยาม,2025-05-25,483,088-xxx-6179,False,2025-06-06,True,ซื้อแล้ว
C02493,ภัทร,หญิง,18-24,2,B05,มหาวิทยาลัย,2025-08-24,392,087-xxx-6141,False,2025-08-29,True,ซื้อแล้ว
C02494,นภัส,ไม่ระบุ,35-44,4,B05,มหาวิทยาลัย,2026-06-11,101,088-xxx-9309,False,,False,ไม่เคยซื้อ
C02495,ภูมิ,หญิง,18-24,2,B05,มหาวิทยาลัย,2026-07-24,58,086-xxx-2827,False,,False,ไม่เคยซื้อ
C02496,ชนา,ชาย,35-44,4,B03,อารีย์,2026-05-24,119,084-xxx-2215,False,2026-06-03,True,ซื้อแล้ว
C02497,ภูมิ,หญิง,25-34,3,B02,สีลม,2026-08-14,37,086-xxx-7915,False,,False,ไม่เคยซื้อ
C02498,นภัส,ชาย,25-34,3,B01,สยาม,2025-11-14,310,086-xxx-8193,False,2025-11-26,True,ซื้อแล้ว
C02499,ภัทร,หญิง,18-24,2,B02,สีลม,2026-06-24,88,081-xxx-6749,False,2026-07-21,True,ซื้อแล้ว
C02500,ภูมิ,ชาย,35-44,4,B04,บางนา,2025-07-29,418,083-xxx-9058,False,2025-08-29,True,ซื้อแล้ว
C02501,ณัฐ,หญิง,25-34,3,B02,สีลม,2025-12-07,287,081-xxx-9058,False,2026-01-21,True,ซื้อแล้ว
C02502,วรรณ,หญิง,35-44,4,B03,อารีย์,2026-08-31,20,086-xxx-4924,False,,False,สมาชิกใหม่ ยังไม่ซื้อ
C02503,จิรา,หญิง,25-34,3,B01,สยาม,2025-04-20,518,089-xxx-1648,False,2025-05-03,True,ซื้อแล้ว
C02504,ปวีณ,หญิง,35-44,4,B01,สยาม,2025-04-04,534,087-xxx-2785,False,2025-05-25,True,ซื้อแล้ว
C02505,ธนา,หญิง,ต่ำกว่า 18,1,B01,สยาม,2026-08-05,46,082-xxx-2425,False,,False,ไม่เคยซื้อ
C02506,กิตติ,ชาย,25-34,3,B04,บางนา,2026-09-06,14,086-xxx-3918,False,,False,สมาชิกใหม่ ยังไม่ซื้อ
C02507,ธีร,ชาย,25-34,3,B03,อารีย์,2025-12-03,291,088-xxx-9257,False,2025-12-20,True,ซื้อแล้ว
C02508,อัญชลี,หญิง,55+,6,B01,สยาม,2026-01-30,233,083-xxx-9869,False,,False,ไม่เคยซื้อ
C02509,วรรณ,หญิง,35-44,4,B05,มหาวิทยาลัย,2025-09-20,365,085-xxx-9228,False,2025-09-23,True,ซื้อแล้ว
C02510,ศิริ,ชาย,55+,6,B04,บางนา,2025-12-27,267,088-xxx-4566,False,2026-02-22,True,ซื้อแล้ว
C02511,ธีร,หญิง,25-34,3,B01,สยาม,2026-08-16,35,086-xxx-1566,False,,False,ไม่เคยซื้อ
C02512,นภัส,ชาย,18-24,2,B02,สีลม,2025-12-24,270,086-xxx-8664,False,2026-01-30,True,ซื้อแล้ว
C02513,สมชาย,ชาย,25-34,3,B05,มหาวิทยาลัย,2026-02-26,206,088-xxx-5048,False,2026-03-18,True,ซื้อแล้ว
C02514,ธนา,ชาย,25-34,3,B01,สยาม,2026-02-01,231,089-xxx-9741,False,2026-03-04,True,ซื้อแล้ว
C02515,มานพ,หญิง,18-24,2,B01,สยาม,2025-09-07,378,085-xxx-5315,False,2025-11-03,True,ซื้อแล้ว
C02516,กิตติ,หญิง,25-34,3,B02,สีลม,2026-01-25,238,087-xxx-6337,False,2026-02-19,True,ซื้อแล้ว
C02517,นภัส,หญิง,18-24,2,B01,สยาม,2026-08-07,44,083-xxx-3248,False,2026-09-11,True,ซื้อแล้ว
C02518,ปิยะ,ไม่ระบุ,45-54,5,B04,บางนา,2026-08-10,41,087-xxx-1775,False,2026-08-31,True,ซื้อแล้ว
C02519,วีระ,หญิง,18-24,2,B02,สีลม,2026-06-19,93,086-xxx-6019,False,,False,ไม่เคยซื้อ
C02520,นภัส,ชาย,55+,6,B03,อารีย์,2026-05-04,139,083-xxx-8771,False,2026-08-17,True,ซื้อแล้ว
C02521,สุดา,หญิง,25-34,3,B04,บางนา,2025-04-14,524,087-xxx-2111,False,2025-04-18,True,ซื้อแล้ว
C02522,พิม,หญิง,35-44,4,B02,สีลม,2025-12-23,271,082-xxx-2519,False,2025-12-25,True,ซื้อแล้ว
C02523,ธีร,หญิง,25-34,3,B05,มหาวิทยาลัย,2025-05-03,505,088-xxx-8387,False,2025-05-21,True,ซื้อแล้ว
C02524,เกศ,ชาย,18-24,2,B05,มหาวิทยาลัย,2025-09-09,376,085-xxx-7777,False,2025-09-24,True,ซื้อแล้ว
C02525,ภูมิ,ไม่ระบุ,35-44,4,B03,อารีย์,2026-03-23,181,085-xxx-2682,False,2026-03-24,True,ซื้อแล้ว
C02526,อัญชลี,หญิง,25-34,3,B03,อารีย์,2026-01-26,237,082-xxx-8739,False,2026-02-13,True,ซื้อแล้ว
C02527,ณัฐ,ชาย,18-24,2,B01,สยาม,2025-11-09,315,081-xxx-4012,False,2025-11-14,True,ซื้อแล้ว
C02528,มานพ,หญิง,35-44,4,B04,บางนา,2025-07-06,441,088-xxx-1165,False,2025-07-06,True,ซื้อแล้ว
C02529,อัญชลี,หญิง,55+,6,B05,มหาวิทยาลัย,2026-05-28,115,085-xxx-4416,False,2026-07-13,True,ซื้อแล้ว
C02530,ปิยะ,หญิง,25-34,3,B03,อารีย์,2026-02-01,231,088-xxx-1439,False,2026-02-02,True,ซื้อแล้ว
C02531,ปวีณ,หญิง,35-44,4,B02,สีลม,2025-05-20,488,089-xxx-8395,False,2025-05-28,True,ซื้อแล้ว
C02532,ณัฐ,หญิง,18-24,2,B01,สยาม,2026-06-20,92,082-xxx-8948,False,2026-07-05,True,ซื้อแล้ว
C02533,สมชาย,ชาย,25-34,3,B03,อารีย์,2026-01-20,243,084-xxx-6272,False,2026-01-22,True,ซื้อแล้ว
C02534,วรรณ,หญิง,45-54,5,B01,สยาม,2025-04-26,512,089-xxx-4472,False,2025-05-17,True,ซื้อแล้ว
C02535,วีระ,ชาย,25-34,3,B01,สยาม,2025-12-12,282,086-xxx-3745,False,2025-12-15,True,ซื้อแล้ว
C02536,ธีร,ชาย,25-34,3,B01,สยาม,2026-06-06,106,084-xxx-8238,False,2026-07-18,True,ซื้อแล้ว
C02537,ปวีณ,หญิง,18-24,2,B05,มหาวิทยาลัย,2026-07-26,56,088-xxx-1198,True,2026-07-30,True,ซื้อแล้ว
C02538,ปวีณ,ชาย,45-54,5,B04,บางนา,2025-08-15,401,081-xxx-4703,False,2025-08-20,True,ซื้อแล้ว
C02539,ณัฐ,หญิง,25-34,3,B05,มหาวิทยาลัย,2025-12-03,291,082-xxx-3730,False,2025-12-19,True,ซื้อแล้ว
C02540,วีระ,ชาย,18-24,2,B03,อารีย์,2026-01-24,239,085-xxx-3913,False,2026-01-28,True,ซื้อแล้ว
C02541,รัตนา,ชาย,25-34,3,B04,บางนา,2025-10-10,345,085-xxx-5801,False,2025-10-29,True,ซื้อแล้ว
C02542,อัญชลี,ชาย,55+,6,B03,อารีย์,2026-02-19,213,081-xxx-1343,False,,False,ไม่เคยซื้อ
C02543,จิรา,หญิง,18-24,2,B02,สีลม,2025-05-18,490,087-xxx-9828,False,,False,ไม่เคยซื้อ
C02544,ธีร,ชาย,18-24,2,B01,สยาม,2026-05-09,134,086-xxx-1801,False,,False,ไม่เคยซื้อ
C02545,วีระ,ชาย,18-24,2,B04,บางนา,2026-05-06,137,085-xxx-9375,False,2026-06-03,True,ซื้อแล้ว
C02546,กิตติ,ชาย,18-24,2,B03,อารีย์,2026-07-24,58,089-xxx-9058,False,,False,ไม่เคยซื้อ
C02547,วรรณ,หญิง,35-44,4,B03,อารีย์,2026-06-07,105,089-xxx-4180,False,2026-06-07,True,ซื้อแล้ว
C02548,เกศ,หญิง,35-44,4,B05,มหาวิทยาลัย,2026-03-07,197,082-xxx-1298,False,2026-04-23,True,ซื้อแล้ว
C02549,ทิพย์,ชาย,18-24,2,B05,มหาวิทยาลัย,2026-07-27,55,081-xxx-9650,False,2026-08-19,True,ซื้อแล้ว
C02550,ภัทร,หญิง,55+,6,B02,สีลม,2026-07-08,74,087-xxx-1476,True,,False,ไม่เคยซื้อ
C02551,มานพ,หญิง,25-34,3,B02,สีลม,2026-09-13,7,083-xxx-7911,False,,False,สมาชิกใหม่ ยังไม่ซื้อ
C02552,พิม,หญิง,55+,6,B03,อารีย์,2026-06-05,107,083-xxx-3699,False,2026-07-05,True,ซื้อแล้ว
C02553,กมล,หญิง,55+,6,B02,สีลม,2025-09-15,370,082-xxx-8085,False,2025-12-12,True,ซื้อแล้ว
C02554,ธนา,หญิง,25-34,3,B02,สีลม,2026-07-26,56,089-xxx-3505,False,2026-08-06,True,ซื้อแล้ว
C02555,ธนา,ชาย,25-34,3,B01,สยาม,2026-07-19,63,087-xxx-9028,False,2026-09-08,True,ซื้อแล้ว
C02556,วีระ,หญิง,18-24,2,B01,สยาม,2026-08-03,48,085-xxx-1889,False,2026-09-04,True,ซื้อแล้ว
C02557,ปิยะ,หญิง,55+,6,B04,บางนา,2025-08-02,414,083-xxx-8479,False,2025-08-14,True,ซื้อแล้ว
C02558,ภัทร,ชาย,45-54,5,B03,อารีย์,2026-08-23,28,083-xxx-3717,False,2026-08-26,True,ซื้อแล้ว
C02559,มานพ,ชาย,18-24,2,B02,สีลม,2025-11-22,302,082-xxx-3706,True,2026-01-09,True,ซื้อแล้ว
C02560,ธีร,หญิง,45-54,5,B04,บางนา,2026-01-14,249,086-xxx-6293,False,2026-01-22,True,ซื้อแล้ว
C02561,สมชาย,ชาย,25-34,3,B01,สยาม,2025-10-14,341,087-xxx-3900,False,2025-10-15,True,ซื้อแล้ว
C02562,ธนา,หญิง,35-44,4,B05,มหาวิทยาลัย,2025-08-20,396,089-xxx-7992,False,2025-10-04,True,ซื้อแล้ว
C02563,ธนา,ชาย,35-44,4,B01,สยาม,2026-05-28,115,088-xxx-8105,False,2026-05-31,True,ซื้อแล้ว
C02564,ปวีณ,ชาย,18-24,2,B04,บางนา,2026-01-04,259,085-xxx-9380,False,,False,ไม่เคยซื้อ
C02565,ปิยะ,หญิง,25-34,3,B01,สยาม,2025-12-11,283,089-xxx-4799,False,,False,ไม่เคยซื้อ
C02566,ศิริ,หญิง,35-44,4,B05,มหาวิทยาลัย,2026-08-04,47,083-xxx-9586,False,,False,ไม่เคยซื้อ
C02567,ปวีณ,หญิง,55+,6,B05,มหาวิทยาลัย,2026-04-08,165,083-xxx-4604,False,2026-04-25,True,ซื้อแล้ว
C02568,ธนา,หญิง,35-44,4,B02,สีลม,2025-07-28,419,082-xxx-6868,False,2025-08-19,True,ซื้อแล้ว
C02569,มานพ,ชาย,45-54,5,B02,สีลม,2026-09-04,16,083-xxx-9950,False,2026-09-16,True,ซื้อแล้ว
C02570,ธนา,ชาย,18-24,2,B05,มหาวิทยาลัย,2026-03-01,203,085-xxx-7427,False,,False,ไม่เคยซื้อ
C02571,พิม,ชาย,25-34,3,B05,มหาวิทยาลัย,2026-01-23,240,086-xxx-6476,False,,False,ไม่เคยซื้อ
C02572,รัตนา,ชาย,35-44,4,B05,มหาวิทยาลัย,2025-11-22,302,084-xxx-8793,False,2025-12-14,True,ซื้อแล้ว
C02573,ธีร,หญิง,45-54,5,B02,สีลม,2025-07-22,425,085-xxx-1176,False,2025-11-08,True,ซื้อแล้ว
C02574,ภัทร,หญิง,25-34,3,B01,สยาม,2025-08-19,397,081-xxx-9201,False,2025-10-05,True,ซื้อแล้ว
C02575,ศิริ,หญิง,25-34,3,B04,บางนา,2025-10-01,354,084-xxx-1266,True,2025-10-05,True,ซื้อแล้ว
C02576,ภัทร,หญิง,18-24,2,B04,บางนา,2025-07-28,419,083-xxx-3364,False,2025-08-10,True,ซื้อแล้ว
C02577,ปิยะ,หญิง,35-44,4,B01,สยาม,2025-08-13,403,083-xxx-1809,False,2025-09-19,True,ซื้อแล้ว
C02578,ชนา,ชาย,18-24,2,B03,อารีย์,2026-07-13,69,088-xxx-7836,False,2026-07-30,True,ซื้อแล้ว
C02579,ภูมิ,หญิง,25-34,3,B02,สีลม,2025-07-08,439,081-xxx-4791,False,2025-10-21,True,ซื้อแล้ว
C02580,ปวีณ,ชาย,35-44,4,B03,อารีย์,2026-05-27,116,083-xxx-4038,False,2026-07-06,True,ซื้อแล้ว
C02581,มานพ,ชาย,25-34,3,B03,อารีย์,2026-06-13,99,083-xxx-7961,False,2026-07-08,True,ซื้อแล้ว
C02582,ปิยะ,หญิง,25-34,3,B03,อารีย์,2026-01-29,234,086-xxx-5995,False,2026-03-03,True,ซื้อแล้ว
C02583,ศิริ,ชาย,18-24,2,B03,อารีย์,2026-06-18,94,087-xxx-5995,False,2026-06-19,True,ซื้อแล้ว
C02584,ณัฐ,ชาย,35-44,4,B03,อารีย์,2026-06-19,93,081-xxx-5060,False,,False,ไม่เคยซื้อ
C02585,ทิพย์,หญิง,35-44,4,B01,สยาม,2025-08-09,407,088-xxx-3316,False,2025-09-08,True,ซื้อแล้ว
C02586,นภัส,หญิง,25-34,3,B02,สีลม,2026-07-22,60,085-xxx-2435,False,2026-07-23,True,ซื้อแล้ว
C02587,เกศ,หญิง,25-34,3,B04,บางนา,2025-10-03,352,083-xxx-6103,False,2025-12-23,True,ซื้อแล้ว
C02588,ศิริ,ชาย,35-44,4,B04,บางนา,2025-08-17,399,086-xxx-5769,False,2025-09-29,True,ซื้อแล้ว
C02589,ชนา,หญิง,18-24,2,B05,มหาวิทยาลัย,2026-04-23,150,087-xxx-4286,False,,False,ไม่เคยซื้อ
C02590,ชนา,หญิง,18-24,2,B02,สีลม,2026-04-20,153,083-xxx-9403,False,2026-06-13,True,ซื้อแล้ว
C02591,อรุณ,หญิง,18-24,2,B03,อารีย์,2026-09-10,10,089-xxx-2724,False,,False,สมาชิกใหม่ ยังไม่ซื้อ
C02592,พิม,หญิง,45-54,5,B01,สยาม,2026-07-11,71,088-xxx-9623,False,2026-08-16,True,ซื้อแล้ว
C02593,จิรา,ชาย,45-54,5,B02,สีลม,2026-07-22,60,086-xxx-9370,False,,False,ไม่เคยซื้อ
C02594,จิรา,หญิง,25-34,3,B04,บางนา,2025-09-26,359,081-xxx-2164,False,2025-10-11,True,ซื้อแล้ว
C02595,ชนา,ชาย,18-24,2,B05,มหาวิทยาลัย,2026-08-30,21,081-xxx-4557,False,,False,สมาชิกใหม่ ยังไม่ซื้อ
C02596,ธีร,ชาย,35-44,4,B02,สีลม,2025-05-04,504,082-xxx-1145,False,2025-05-06,True,ซื้อแล้ว
C02597,นภัส,หญิง,35-44,4,B03,อารีย์,2026-07-27,55,084-xxx-5750,False,2026-08-07,True,ซื้อแล้ว
C02598,ชนา,หญิง,35-44,4,B01,สยาม,2026-01-16,247,083-xxx-4378,False,,False,ไม่เคยซื้อ
C02599,อรุณ,หญิง,35-44,4,B01,สยาม,2026-04-16,157,082-xxx-4994,False,2026-05-26,True,ซื้อแล้ว
C02600,ปวีณ,หญิง,35-44,4,B01,สยาม,2025-10-23,332,082-xxx-8373,False,2025-10-25,True,ซื้อแล้ว
C02601,รัตนา,หญิง,18-24,2,B01,สยาม,2025-10-26,329,082-xxx-7091,False,2025-10-27,True,ซื้อแล้ว
C02602,อรุณ,ชาย,25-34,3,B01,สยาม,2026-08-12,39,087-xxx-5908,False,2026-08-21,True,ซื้อแล้ว
C02603,กมล,หญิง,25-34,3,B02,สีลม,2025-06-10,467,085-xxx-7301,False,2025-06-27,True,ซื้อแล้ว
C02604,ธีร,ชาย,45-54,5,B01,สยาม,2025-04-19,519,081-xxx-6917,False,2025-05-09,True,ซื้อแล้ว
C02605,ทิพย์,ชาย,18-24,2,B01,สยาม,2025-05-08,500,089-xxx-6022,False,2025-05-11,True,ซื้อแล้ว
C02606,มานพ,ชาย,25-34,3,B02,สีลม,2025-08-13,403,086-xxx-4839,False,2025-08-17,True,ซื้อแล้ว
C02607,จิรา,หญิง,ต่ำกว่า 18,1,B03,อารีย์,2026-03-15,189,089-xxx-3285,False,2026-04-04,True,ซื้อแล้ว
C02608,จิรา,หญิง,25-34,3,B02,สีลม,2025-08-09,407,082-xxx-9565,False,2025-09-08,True,ซื้อแล้ว
C02609,ภัทร,หญิง,25-34,3,B05,มหาวิทยาลัย,2025-08-05,411,081-xxx-5694,False,2025-08-07,True,ซื้อแล้ว
C02610,ปวีณ,หญิง,25-34,3,B01,สยาม,2025-07-08,439,082-xxx-6456,False,2025-07-08,True,ซื้อแล้ว
C02611,พิม,หญิง,55+,6,B01,สยาม,2025-08-18,398,081-xxx-4992,False,2025-09-13,True,ซื้อแล้ว
C02612,ภูมิ,หญิง,ต่ำกว่า 18,1,B04,บางนา,2026-08-12,39,089-xxx-1194,False,2026-08-16,True,ซื้อแล้ว
C02613,พิม,ไม่ระบุ,25-34,3,B05,มหาวิทยาลัย,2025-10-23,332,082-xxx-1094,False,2025-11-12,True,ซื้อแล้ว
C02614,ทิพย์,หญิง,45-54,5,B02,สีลม,2026-04-17,156,089-xxx-7349,False,2026-05-11,True,ซื้อแล้ว
C02615,สุดา,หญิง,35-44,4,B02,สีลม,2025-05-30,478,085-xxx-6088,False,2025-06-04,True,ซื้อแล้ว
C02616,อรุณ,หญิง,25-34,3,B03,อารีย์,2026-06-20,92,083-xxx-9241,False,2026-07-18,True,ซื้อแล้ว
C02617,ภูมิ,หญิง,35-44,4,B01,สยาม,2025-09-02,383,085-xxx-6221,False,2025-09-21,True,ซื้อแล้ว
C02618,ภูมิ,หญิง,35-44,4,B03,อารีย์,2026-04-03,170,087-xxx-9355,False,2026-05-01,True,ซื้อแล้ว
C02619,จิรา,หญิง,25-34,3,B05,มหาวิทยาลัย,2026-08-10,41,088-xxx-9666,False,2026-08-17,True,ซื้อแล้ว
C02620,รัตนา,ชาย,18-24,2,B04,บางนา,2026-06-06,106,082-xxx-6119,False,2026-07-05,True,ซื้อแล้ว
C02621,ภัทร,หญิง,25-34,3,B02,สีลม,2025-06-23,454,085-xxx-7015,False,2025-07-02,True,ซื้อแล้ว
C02622,สมชาย,หญิง,35-44,4,B01,สยาม,2026-01-23,240,087-xxx-7051,False,2026-02-14,True,ซื้อแล้ว
C02623,นภัส,หญิง,25-34,3,B03,อารีย์,2026-02-05,227,085-xxx-6747,False,2026-03-09,True,ซื้อแล้ว
C02624,จิรา,หญิง,45-54,5,B04,บางนา,2025-11-25,299,087-xxx-3992,False,2025-11-28,True,ซื้อแล้ว
C02625,ศิริ,หญิง,25-34,3,B01,สยาม,2026-08-26,25,086-xxx-6793,False,2026-09-12,True,ซื้อแล้ว
C02626,รัตนา,หญิง,25-34,3,B04,บางนา,2026-08-18,33,089-xxx-3879,False,,False,ไม่เคยซื้อ
C02627,สุดา,หญิง,35-44,4,B02,สีลม,2026-08-02,49,081-xxx-7617,False,,False,ไม่เคยซื้อ
C02628,ปวีณ,หญิง,25-34,3,B01,สยาม,2025-07-21,426,081-xxx-2876,False,2025-09-09,True,ซื้อแล้ว
C02629,พิม,หญิง,18-24,2,B05,มหาวิทยาลัย,2025-11-09,315,085-xxx-7888,False,2026-01-16,True,ซื้อแล้ว
C02630,อัญชลี,หญิง,45-54,5,B02,สีลม,2026-06-21,91,087-xxx-1147,False,2026-07-13,True,ซื้อแล้ว
C02631,วีระ,ชาย,18-24,2,B03,อารีย์,2026-06-23,89,082-xxx-1250,False,2026-08-05,True,ซื้อแล้ว
C02632,วีระ,ไม่ระบุ,35-44,4,B02,สีลม,2025-12-29,265,087-xxx-8214,False,2026-01-15,True,ซื้อแล้ว
C02633,ณัฐ,หญิง,55+,6,B05,มหาวิทยาลัย,2025-05-17,491,086-xxx-2464,False,2025-06-01,True,ซื้อแล้ว
C02634,อรุณ,หญิง,18-24,2,B04,บางนา,2025-04-14,524,087-xxx-2139,False,2025-04-17,True,ซื้อแล้ว
C02635,อรุณ,หญิง,18-24,2,B01,สยาม,2025-06-28,449,087-xxx-9492,False,2025-06-29,True,ซื้อแล้ว
C02636,ปวีณ,หญิง,55+,6,B01,สยาม,2025-06-03,474,084-xxx-4864,False,2025-06-14,True,ซื้อแล้ว
C02637,พิม,ชาย,18-24,2,B03,อารีย์,2026-08-01,50,086-xxx-9984,False,2026-08-14,True,ซื้อแล้ว
C02638,ศิริ,หญิง,25-34,3,B04,บางนา,2025-06-29,448,081-xxx-4715,False,2025-07-02,True,ซื้อแล้ว
C02639,เกศ,หญิง,55+,6,B04,บางนา,2026-03-22,182,087-xxx-1625,False,2026-05-19,True,ซื้อแล้ว
C02640,ธีร,ชาย,18-24,2,B03,อารีย์,2026-03-01,203,085-xxx-6439,False,2026-04-19,True,ซื้อแล้ว
C02641,ทิพย์,ชาย,18-24,2,B04,บางนา,2025-06-30,447,086-xxx-6536,False,2025-07-11,True,ซื้อแล้ว
C02642,นภัส,ชาย,18-24,2,B05,มหาวิทยาลัย,2026-03-07,197,083-xxx-4885,False,2026-03-12,True,ซื้อแล้ว
C02643,ปิยะ,หญิง,18-24,2,B01,สยาม,2026-02-11,221,084-xxx-3771,True,2026-06-12,True,ซื้อแล้ว
C02644,ธีร,หญิง,ต่ำกว่า 18,1,B01,สยาม,2025-07-26,421,086-xxx-5217,False,2025-08-12,True,ซื้อแล้ว
C02645,วีระ,หญิง,25-34,3,B05,มหาวิทยาลัย,2026-07-07,75,084-xxx-1911,False,,False,ไม่เคยซื้อ
C02646,ปวีณ,หญิง,25-34,3,B04,บางนา,2025-09-06,379,088-xxx-9741,False,2025-09-29,True,ซื้อแล้ว
C02647,ปวีณ,หญิง,55+,6,B01,สยาม,2026-04-18,155,082-xxx-8482,False,2026-06-22,True,ซื้อแล้ว
C02648,จิรา,หญิง,45-54,5,B04,บางนา,2025-09-13,372,089-xxx-9609,False,2025-10-09,True,ซื้อแล้ว
C02649,พิม,หญิง,ต่ำกว่า 18,1,B01,สยาม,2025-11-25,299,085-xxx-1106,False,2025-11-28,True,ซื้อแล้ว
C02650,วรรณ,ชาย,25-34,3,B01,สยาม,2026-05-26,117,082-xxx-5135,False,2026-08-18,True,ซื้อแล้ว
C02651,ปิยะ,ชาย,18-24,2,B02,สีลม,2025-04-18,520,087-xxx-2192,False,2025-05-10,True,ซื้อแล้ว
C02652,อรุณ,หญิง,25-34,3,B02,สีลม,2025-12-26,268,082-xxx-4122,False,2026-04-02,True,ซื้อแล้ว
C02653,กมล,ชาย,25-34,3,B05,มหาวิทยาลัย,2026-05-23,120,085-xxx-7581,False,2026-09-06,True,ซื้อแล้ว
C02654,ปวีณ,หญิง,25-34,3,B01,สยาม,2025-09-06,379,081-xxx-6996,False,2025-09-20,True,ซื้อแล้ว
C02655,วีระ,หญิง,18-24,2,B02,สีลม,2026-02-13,219,087-xxx-6915,False,2026-03-11,True,ซื้อแล้ว
C02656,ชนา,ชาย,55+,6,B01,สยาม,2026-03-19,185,085-xxx-2942,False,2026-03-22,True,ซื้อแล้ว
C02657,เกศ,หญิง,25-34,3,B01,สยาม,2026-08-09,42,085-xxx-9097,False,2026-09-17,True,ซื้อแล้ว
C02658,มานพ,ชาย,18-24,2,B01,สยาม,2025-11-25,299,087-xxx-3419,False,2026-03-09,True,ซื้อแล้ว
C02659,พิม,ชาย,25-34,3,B01,สยาม,2025-05-05,503,089-xxx-7924,False,2025-05-12,True,ซื้อแล้ว
C02660,สุดา,หญิง,45-54,5,B05,มหาวิทยาลัย,2026-07-10,72,087-xxx-6655,False,,False,ไม่เคยซื้อ
C02661,สมชาย,ชาย,25-34,3,B02,สีลม,2025-11-29,295,084-xxx-1218,False,,False,ไม่เคยซื้อ
C02662,ธนา,หญิง,25-34,3,B05,มหาวิทยาลัย,2026-07-05,77,088-xxx-4565,False,2026-07-13,True,ซื้อแล้ว
C02663,สมชาย,หญิง,45-54,5,B02,สีลม,2026-01-02,261,089-xxx-7977,False,2026-01-07,True,ซื้อแล้ว
C02664,ศิริ,หญิง,18-24,2,B03,อารีย์,2026-07-19,63,081-xxx-7677,False,2026-09-12,True,ซื้อแล้ว
C02665,รัตนา,ชาย,55+,6,B02,สีลม,2025-12-07,287,086-xxx-1298,False,2025-12-21,True,ซื้อแล้ว
C02666,เกศ,หญิง,55+,6,B05,มหาวิทยาลัย,2025-11-04,320,083-xxx-4621,False,2025-11-11,True,ซื้อแล้ว
C02667,ภัทร,หญิง,18-24,2,B05,มหาวิทยาลัย,2026-01-28,235,085-xxx-3399,False,2026-02-17,True,ซื้อแล้ว
C02668,สุดา,ชาย,18-24,2,B01,สยาม,2026-06-01,111,087-xxx-6342,False,2026-08-20,True,ซื้อแล้ว
C02669,ศิริ,หญิง,25-34,3,B05,มหาวิทยาลัย,2025-06-05,472,082-xxx-2321,False,2025-06-09,True,ซื้อแล้ว
C02670,ภัทร,หญิง,45-54,5,B02,สีลม,2025-11-27,297,086-xxx-8324,False,2026-02-16,True,ซื้อแล้ว
C02671,ปวีณ,หญิง,18-24,2,B01,สยาม,2026-04-18,155,083-xxx-9508,False,2026-05-15,True,ซื้อแล้ว
C02672,ณัฐ,ชาย,25-34,3,B03,อารีย์,2026-08-16,35,086-xxx-5592,False,2026-08-20,True,ซื้อแล้ว
C02673,มานพ,หญิง,55+,6,B01,สยาม,2025-07-27,420,087-xxx-8169,False,2025-08-29,True,ซื้อแล้ว
C02674,ภูมิ,ชาย,55+,6,B01,สยาม,2026-06-13,99,085-xxx-5123,False,2026-07-27,True,ซื้อแล้ว
C02675,ปวีณ,หญิง,35-44,4,B01,สยาม,2026-03-10,194,087-xxx-8812,False,2026-03-15,True,ซื้อแล้ว
C02676,กิตติ,ชาย,25-34,3,B01,สยาม,2026-05-14,129,084-xxx-9784,False,2026-06-06,True,ซื้อแล้ว
C02677,นภัส,หญิง,18-24,2,B01,สยาม,2025-11-01,323,085-xxx-5549,False,2025-11-11,True,ซื้อแล้ว
C02678,กิตติ,หญิง,55+,6,B04,บางนา,2026-02-24,208,086-xxx-6235,False,2026-03-03,True,ซื้อแล้ว
C02679,มานพ,ชาย,25-34,3,B01,สยาม,2026-05-25,118,086-xxx-8250,False,2026-08-18,True,ซื้อแล้ว
C02680,วีระ,ชาย,45-54,5,B04,บางนา,2025-04-12,526,083-xxx-2266,False,2025-04-20,True,ซื้อแล้ว
C02681,ปิยะ,หญิง,35-44,4,B01,สยาม,2025-10-22,333,084-xxx-1075,False,2025-12-13,True,ซื้อแล้ว
C02682,อรุณ,หญิง,25-34,3,B02,สีลม,2025-06-10,467,084-xxx-8820,False,2025-09-16,True,ซื้อแล้ว
C02683,มานพ,หญิง,18-24,2,B02,สีลม,2026-04-16,157,086-xxx-9614,False,2026-08-02,True,ซื้อแล้ว
C02684,กมล,ชาย,25-34,3,B05,มหาวิทยาลัย,2026-08-21,30,082-xxx-5477,False,,False,สมาชิกใหม่ ยังไม่ซื้อ
C02685,มานพ,หญิง,35-44,4,B01,สยาม,2025-07-10,437,085-xxx-5839,False,2025-08-20,True,ซื้อแล้ว
C02686,ทิพย์,ชาย,55+,6,B05,มหาวิทยาลัย,2026-07-08,74,083-xxx-3922,False,,False,ไม่เคยซื้อ
C02687,นภัส,ไม่ระบุ,25-34,3,B05,มหาวิทยาลัย,2025-08-02,414,083-xxx-7463,False,2025-08-21,True,ซื้อแล้ว
C02688,อรุณ,ชาย,45-54,5,B02,สีลม,2025-07-04,443,081-xxx-9181,False,2025-08-18,True,ซื้อแล้ว
C02689,ภูมิ,ชาย,18-24,2,B03,อารีย์,2026-05-10,133,083-xxx-1901,False,2026-05-16,True,ซื้อแล้ว
C02690,กิตติ,หญิง,45-54,5,B02,สีลม,2026-05-01,142,085-xxx-4915,False,2026-05-25,True,ซื้อแล้ว
C02691,ศิริ,หญิง,18-24,2,B02,สีลม,2025-06-13,464,089-xxx-3164,False,2025-06-29,True,ซื้อแล้ว
C02692,ธีร,หญิง,25-34,3,B01,สยาม,2026-03-05,199,081-xxx-5401,False,2026-05-20,True,ซื้อแล้ว
C02693,ณัฐ,หญิง,35-44,4,B01,สยาม,2025-11-07,317,088-xxx-1803,False,2025-11-30,True,ซื้อแล้ว
C02694,ทิพย์,ชาย,45-54,5,B02,สีลม,2025-12-05,289,082-xxx-4131,False,2026-01-02,True,ซื้อแล้ว
C02695,ธีร,ชาย,18-24,2,B05,มหาวิทยาลัย,2026-07-05,77,084-xxx-3117,False,2026-07-08,True,ซื้อแล้ว
C02696,เกศ,ชาย,25-34,3,B01,สยาม,2025-04-10,528,085-xxx-4034,False,2025-04-21,True,ซื้อแล้ว
C02697,ชนา,ชาย,25-34,3,B04,บางนา,2026-05-02,141,084-xxx-2419,False,2026-05-19,True,ซื้อแล้ว
C02698,กิตติ,ชาย,45-54,5,B01,สยาม,2025-07-10,437,084-xxx-8269,False,2025-07-22,True,ซื้อแล้ว
C02699,ธนา,หญิง,25-34,3,B03,อารีย์,2026-08-03,48,083-xxx-2878,False,,False,ไม่เคยซื้อ
C02700,พิม,หญิง,18-24,2,B04,บางนา,2026-08-25,26,081-xxx-6010,False,,False,สมาชิกใหม่ ยังไม่ซื้อ
C02701,พิม,ไม่ระบุ,18-24,2,B04,บางนา,2025-10-05,350,082-xxx-3166,False,2025-11-23,True,ซื้อแล้ว
C02702,ภูมิ,หญิง,25-34,3,B02,สีลม,2026-05-15,128,084-xxx-8566,False,2026-06-30,True,ซื้อแล้ว
C02703,สุดา,หญิง,18-24,2,B04,บางนา,2026-06-30,82,085-xxx-5513,False,2026-07-25,True,ซื้อแล้ว
C02704,ภัทร,หญิง,45-54,5,B02,สีลม,2025-05-11,497,085-xxx-5792,False,2025-05-27,True,ซื้อแล้ว
C02705,ภูมิ,หญิง,25-34,3,B04,บางนา,2026-02-04,228,087-xxx-5178,False,2026-03-01,True,ซื้อแล้ว
C02706,ธีร,หญิง,25-34,3,B03,อารีย์,2026-02-12,220,081-xxx-3055,False,2026-02-12,True,ซื้อแล้ว
C02707,ณัฐ,ชาย,18-24,2,B02,สีลม,2025-10-02,353,082-xxx-1756,False,2025-11-05,True,ซื้อแล้ว
C02708,วีระ,หญิง,45-54,5,B03,อารีย์,2026-02-21,211,085-xxx-2300,False,2026-03-03,True,ซื้อแล้ว
C02709,ธีร,หญิง,35-44,4,B05,มหาวิทยาลัย,2025-06-22,455,084-xxx-9351,False,2025-06-25,True,ซื้อแล้ว
C02710,สุดา,หญิง,18-24,2,B02,สีลม,2026-04-04,169,081-xxx-2022,False,,False,ไม่เคยซื้อ
C02711,รัตนา,หญิง,45-54,5,B02,สีลม,2025-10-18,337,081-xxx-4367,False,2025-11-25,True,ซื้อแล้ว
C02712,อัญชลี,หญิง,25-34,3,B02,สีลม,2026-01-11,252,089-xxx-3457,False,2026-01-15,True,ซื้อแล้ว
C02713,ภูมิ,ชาย,18-24,2,B01,สยาม,2026-04-29,144,085-xxx-4192,False,2026-07-24,True,ซื้อแล้ว
C02714,กิตติ,หญิง,18-24,2,B01,สยาม,2026-05-29,114,086-xxx-1050,False,2026-06-07,True,ซื้อแล้ว
C02715,เกศ,ชาย,35-44,4,B01,สยาม,2025-10-09,346,083-xxx-1393,False,2025-11-16,True,ซื้อแล้ว
C02716,ณัฐ,ชาย,18-24,2,B04,บางนา,2026-06-19,93,082-xxx-8342,False,2026-06-19,True,ซื้อแล้ว
C02717,ธนา,ไม่ระบุ,35-44,4,B02,สีลม,2025-05-13,495,088-xxx-8911,False,2025-05-25,True,ซื้อแล้ว
C02718,จิรา,หญิง,35-44,4,B02,สีลม,2026-07-24,58,086-xxx-1216,False,2026-08-25,True,ซื้อแล้ว
C02719,รัตนา,หญิง,ต่ำกว่า 18,1,B05,มหาวิทยาลัย,2026-07-06,76,089-xxx-4381,False,2026-07-22,True,ซื้อแล้ว
C02720,ชนา,หญิง,45-54,5,B02,สีลม,2025-06-24,453,083-xxx-1649,False,2025-06-26,True,ซื้อแล้ว
C02721,ทิพย์,ชาย,35-44,4,B05,มหาวิทยาลัย,2025-06-20,457,089-xxx-1798,False,2025-06-26,True,ซื้อแล้ว
C02722,ปิยะ,หญิง,25-34,3,B02,สีลม,2026-09-14,6,081-xxx-5355,False,,False,สมาชิกใหม่ ยังไม่ซื้อ
C02723,กิตติ,ชาย,35-44,4,B02,สีลม,2025-04-03,535,086-xxx-7952,False,2025-04-23,True,ซื้อแล้ว
C02724,กมล,หญิง,25-34,3,B02,สีลม,2026-08-29,22,083-xxx-9174,False,2026-09-10,True,ซื้อแล้ว
C02725,ภูมิ,หญิง,25-34,3,B05,มหาวิทยาลัย,2025-10-13,342,088-xxx-4799,False,2025-10-21,True,ซื้อแล้ว
C02726,อัญชลี,ชาย,18-24,2,B02,สีลม,2025-09-04,381,089-xxx-1825,False,2025-10-01,True,ซื้อแล้ว
C02727,กมล,ชาย,25-34,3,B04,บางนา,2026-03-27,177,081-xxx-3739,False,2026-04-14,True,ซื้อแล้ว
C02728,ธนา,หญิง,18-24,2,B01,สยาม,2025-12-11,283,085-xxx-9315,False,2025-12-20,True,ซื้อแล้ว
C02729,กมล,หญิง,35-44,4,B01,สยาม,2025-11-12,312,088-xxx-1191,False,2025-12-05,True,ซื้อแล้ว
C02730,อรุณ,หญิง,18-24,2,B05,มหาวิทยาลัย,2025-09-16,369,087-xxx-5752,False,,False,ไม่เคยซื้อ
C02731,วรรณ,หญิง,25-34,3,B05,มหาวิทยาลัย,2025-04-13,525,081-xxx-7688,False,2025-05-16,True,ซื้อแล้ว
C02732,พิม,หญิง,35-44,4,B02,สีลม,2025-12-16,278,088-xxx-9160,False,2026-01-04,True,ซื้อแล้ว
C02733,สุดา,ชาย,45-54,5,B05,มหาวิทยาลัย,2026-05-20,123,081-xxx-8294,False,2026-06-07,True,ซื้อแล้ว
C02734,ธีร,หญิง,25-34,3,B03,อารีย์,2026-02-20,212,083-xxx-6030,False,2026-03-12,True,ซื้อแล้ว
C02735,ณัฐ,ชาย,25-34,3,B05,มหาวิทยาลัย,2025-04-21,517,081-xxx-4164,False,2025-05-05,True,ซื้อแล้ว
C02736,ชนา,หญิง,25-34,3,B05,มหาวิทยาลัย,2026-03-21,183,085-xxx-7018,False,2026-04-04,True,ซื้อแล้ว
C02737,สมชาย,หญิง,45-54,5,B05,มหาวิทยาลัย,2026-04-30,143,085-xxx-5112,False,,False,ไม่เคยซื้อ
C02738,ธนา,หญิง,45-54,5,B03,อารีย์,2025-11-13,311,087-xxx-4374,False,2025-11-14,True,ซื้อแล้ว
C02739,อัญชลี,หญิง,25-34,3,B05,มหาวิทยาลัย,2026-03-19,185,086-xxx-6946,False,2026-03-29,True,ซื้อแล้ว
C02740,ทิพย์,หญิง,45-54,5,B02,สีลม,2025-11-16,308,084-xxx-1725,False,,False,ไม่เคยซื้อ
C02741,อรุณ,หญิง,18-24,2,B05,มหาวิทยาลัย,2025-09-05,380,084-xxx-7156,False,2025-11-04,True,ซื้อแล้ว
C02742,จิรา,ชาย,18-24,2,B03,อารีย์,2026-04-17,156,084-xxx-4577,False,2026-06-01,True,ซื้อแล้ว
C02743,ปิยะ,ชาย,55+,6,B05,มหาวิทยาลัย,2025-04-02,536,087-xxx-2795,False,2025-04-18,True,ซื้อแล้ว
C02744,เกศ,หญิง,45-54,5,B04,บางนา,2026-01-22,241,087-xxx-5907,False,2026-02-27,True,ซื้อแล้ว
C02745,พิม,หญิง,25-34,3,B02,สีลม,2025-11-08,316,082-xxx-9142,False,2025-11-09,True,ซื้อแล้ว
C02746,ภัทร,หญิง,ต่ำกว่า 18,1,B04,บางนา,2025-07-21,426,087-xxx-2441,False,2025-08-06,True,ซื้อแล้ว
C02747,กิตติ,ชาย,35-44,4,B02,สีลม,2026-04-21,152,088-xxx-8388,False,2026-04-23,True,ซื้อแล้ว
C02748,รัตนา,หญิง,35-44,4,B01,สยาม,2026-07-11,71,082-xxx-4891,False,,False,ไม่เคยซื้อ
C02749,ทิพย์,ชาย,18-24,2,B05,มหาวิทยาลัย,2026-02-06,226,083-xxx-7100,False,2026-03-30,True,ซื้อแล้ว
C02750,ภัทร,หญิง,18-24,2,B05,มหาวิทยาลัย,2025-04-06,532,084-xxx-1761,False,2025-04-26,True,ซื้อแล้ว
C02751,ธีร,ชาย,18-24,2,B01,สยาม,2025-10-28,327,086-xxx-8805,False,2025-11-06,True,ซื้อแล้ว
C02752,พิม,ชาย,45-54,5,B01,สยาม,2026-06-28,84,081-xxx-2444,False,2026-07-21,True,ซื้อแล้ว
C02753,ธนา,ชาย,18-24,2,B01,สยาม,2026-01-07,256,089-xxx-5255,False,2026-01-12,True,ซื้อแล้ว
C02754,พิม,หญิง,18-24,2,B04,บางนา,2025-04-06,532,089-xxx-5725,False,2025-04-08,True,ซื้อแล้ว
C02755,ณัฐ,หญิง,18-24,2,B02,สีลม,2026-01-24,239,083-xxx-3592,False,2026-02-09,True,ซื้อแล้ว
C02756,กมล,หญิง,25-34,3,B02,สีลม,2026-08-18,33,084-xxx-3551,False,,False,ไม่เคยซื้อ
C02757,วีระ,หญิง,25-34,3,B01,สยาม,2025-08-30,386,083-xxx-4251,False,2025-09-12,True,ซื้อแล้ว
C02758,ทิพย์,หญิง,25-34,3,B02,สีลม,2026-08-24,27,089-xxx-7069,False,,False,สมาชิกใหม่ ยังไม่ซื้อ
C02759,กิตติ,หญิง,25-34,3,B05,มหาวิทยาลัย,2025-09-30,355,089-xxx-2395,False,2025-10-27,True,ซื้อแล้ว
C02760,ทิพย์,หญิง,25-34,3,B02,สีลม,2026-02-11,221,089-xxx-7119,False,2026-07-16,True,ซื้อแล้ว
C02761,ภูมิ,ชาย,25-34,3,B04,บางนา,2025-09-04,381,084-xxx-3779,False,2025-09-14,True,ซื้อแล้ว
C02762,ชนา,ชาย,25-34,3,B04,บางนา,2026-08-07,44,084-xxx-8224,False,2026-08-10,True,ซื้อแล้ว
C02763,ภูมิ,ชาย,25-34,3,B05,มหาวิทยาลัย,2025-09-18,367,081-xxx-1330,False,2025-10-07,True,ซื้อแล้ว
C02764,นภัส,หญิง,18-24,2,B01,สยาม,2025-05-17,491,082-xxx-4606,False,2025-06-04,True,ซื้อแล้ว
C02765,พิม,หญิง,18-24,2,B01,สยาม,2026-05-17,126,089-xxx-6192,True,2026-05-27,True,ซื้อแล้ว
C02766,สุดา,ชาย,18-24,2,B05,มหาวิทยาลัย,2026-05-19,124,085-xxx-1626,False,2026-05-28,True,ซื้อแล้ว
C02767,กมล,หญิง,45-54,5,B01,สยาม,2026-04-05,168,087-xxx-3739,False,2026-04-27,True,ซื้อแล้ว
C02768,สุดา,หญิง,55+,6,B01,สยาม,2025-12-20,274,085-xxx-2946,False,2026-03-01,True,ซื้อแล้ว
C02769,มานพ,หญิง,18-24,2,B03,อารีย์,2026-04-26,147,084-xxx-9767,False,,False,ไม่เคยซื้อ
C02770,สุดา,หญิง,45-54,5,B03,อารีย์,2026-02-21,211,085-xxx-8298,False,2026-02-28,True,ซื้อแล้ว
C02771,เกศ,ชาย,18-24,2,B02,สีลม,2026-09-08,12,085-xxx-1900,False,,False,สมาชิกใหม่ ยังไม่ซื้อ
C02772,สมชาย,ไม่ระบุ,18-24,2,B04,บางนา,2025-12-05,289,085-xxx-7975,False,2025-12-23,True,ซื้อแล้ว
C02773,วรรณ,หญิง,18-24,2,B05,มหาวิทยาลัย,2025-12-29,265,083-xxx-4644,False,2026-09-09,True,ซื้อแล้ว
C02774,ภัทร,ชาย,18-24,2,B01,สยาม,2025-08-15,401,082-xxx-8210,False,2025-08-22,True,ซื้อแล้ว
C02775,รัตนา,หญิง,18-24,2,B05,มหาวิทยาลัย,2025-08-05,411,086-xxx-3257,False,2025-08-15,True,ซื้อแล้ว
C02776,รัตนา,ชาย,18-24,2,B05,มหาวิทยาลัย,2026-03-14,190,087-xxx-4647,False,2026-06-14,True,ซื้อแล้ว
C02777,ศิริ,ชาย,55+,6,B04,บางนา,2025-04-07,531,084-xxx-7882,False,2025-04-12,True,ซื้อแล้ว
C02778,พิม,ชาย,45-54,5,B04,บางนา,2026-03-23,181,087-xxx-2634,False,2026-03-24,True,ซื้อแล้ว
C02779,ณัฐ,หญิง,35-44,4,B01,สยาม,2025-06-28,449,081-xxx-4980,False,2025-07-24,True,ซื้อแล้ว
C02780,สมชาย,หญิง,35-44,4,B05,มหาวิทยาลัย,2025-06-17,460,087-xxx-4120,False,2025-07-11,True,ซื้อแล้ว
C02781,ปวีณ,ชาย,25-34,3,B05,มหาวิทยาลัย,2026-07-23,59,088-xxx-1293,False,,False,ไม่เคยซื้อ
C02782,สุดา,ชาย,18-24,2,B02,สีลม,2026-02-19,213,084-xxx-1214,False,2026-02-24,True,ซื้อแล้ว
C02783,ภูมิ,ชาย,25-34,3,B03,อารีย์,2025-11-26,298,087-xxx-8614,False,2025-11-30,True,ซื้อแล้ว
C02784,วีระ,ชาย,25-34,3,B05,มหาวิทยาลัย,2026-06-07,105,085-xxx-6929,False,2026-07-15,True,ซื้อแล้ว
C02785,เกศ,หญิง,25-34,3,B05,มหาวิทยาลัย,2026-03-31,173,087-xxx-6780,False,2026-04-08,True,ซื้อแล้ว
C02786,ณัฐ,หญิง,25-34,3,B04,บางนา,2026-02-17,215,086-xxx-8637,False,,False,ไม่เคยซื้อ
C02787,รัตนา,ไม่ระบุ,25-34,3,B02,สีลม,2026-02-21,211,083-xxx-7899,False,2026-03-18,True,ซื้อแล้ว
C02788,ภัทร,หญิง,18-24,2,B01,สยาม,2025-04-21,517,086-xxx-4409,False,2025-06-03,True,ซื้อแล้ว
C02789,ปวีณ,หญิง,25-34,3,B05,มหาวิทยาลัย,2026-07-09,73,083-xxx-1589,False,2026-07-21,True,ซื้อแล้ว
C02790,รัตนา,หญิง,35-44,4,B02,สีลม,2025-12-04,290,082-xxx-7664,False,2025-12-09,True,ซื้อแล้ว
C02791,พิม,หญิง,55+,6,B01,สยาม,2026-06-28,84,081-xxx-8137,False,2026-07-06,True,ซื้อแล้ว
C02792,อัญชลี,หญิง,45-54,5,B03,อารีย์,2026-06-15,97,082-xxx-1601,False,2026-06-24,True,ซื้อแล้ว
C02793,รัตนา,ชาย,25-34,3,B02,สีลม,2025-05-27,481,086-xxx-2802,False,2025-05-30,True,ซื้อแล้ว
C02794,ปิยะ,ชาย,25-34,3,B05,มหาวิทยาลัย,2025-06-25,452,083-xxx-6992,False,2025-07-16,True,ซื้อแล้ว
C02795,ภัทร,หญิง,18-24,2,B01,สยาม,2026-03-22,182,083-xxx-4203,False,2026-03-25,True,ซื้อแล้ว
C02796,เกศ,หญิง,25-34,3,B05,มหาวิทยาลัย,2025-11-28,296,083-xxx-9129,False,2025-12-25,True,ซื้อแล้ว
C02797,ณัฐ,ชาย,ต่ำกว่า 18,1,B05,มหาวิทยาลัย,2025-12-29,265,086-xxx-1088,False,,False,ไม่เคยซื้อ
C02798,ภูมิ,ชาย,25-34,3,B02,สีลม,2026-08-21,30,085-xxx-3912,False,,False,สมาชิกใหม่ ยังไม่ซื้อ
C02799,วีระ,หญิง,18-24,2,B03,อารีย์,2026-01-05,258,087-xxx-2425,False,2026-01-14,True,ซื้อแล้ว
C02800,ภัทร,ชาย,55+,6,B05,มหาวิทยาลัย,2025-11-21,303,082-xxx-4582,False,2025-11-27,True,ซื้อแล้ว
C02801,กิตติ,ชาย,35-44,4,B03,อารีย์,2026-08-02,49,089-xxx-2716,False,2026-08-09,True,ซื้อแล้ว
C02802,วรรณ,หญิง,18-24,2,B02,สีลม,2026-05-29,114,082-xxx-1488,False,2026-08-19,True,ซื้อแล้ว
C02803,พิม,หญิง,35-44,4,B03,อารีย์,2026-05-09,134,085-xxx-2542,False,2026-07-02,True,ซื้อแล้ว
C02804,ภูมิ,หญิง,25-34,3,B05,มหาวิทยาลัย,2026-06-10,102,082-xxx-1979,False,2026-07-03,True,ซื้อแล้ว
C02805,ปวีณ,หญิง,25-34,3,B01,สยาม,2025-12-11,283,084-xxx-7139,False,2026-03-13,True,ซื้อแล้ว
C02806,วรรณ,หญิง,35-44,4,B03,อารีย์,2026-02-16,216,082-xxx-5240,False,2026-02-28,True,ซื้อแล้ว
C02807,มานพ,ชาย,18-24,2,B05,มหาวิทยาลัย,2026-01-26,237,084-xxx-3267,True,2026-01-26,True,ซื้อแล้ว
C02808,รัตนา,ชาย,18-24,2,B04,บางนา,2026-04-28,145,087-xxx-6674,False,2026-05-17,True,ซื้อแล้ว
C02809,วรรณ,ชาย,25-34,3,B01,สยาม,2025-08-10,406,087-xxx-8469,False,2025-08-12,True,ซื้อแล้ว
C02810,อรุณ,ชาย,45-54,5,B01,สยาม,2025-06-13,464,087-xxx-1442,False,,False,ไม่เคยซื้อ
C02811,รัตนา,หญิง,18-24,2,B03,อารีย์,2026-02-27,205,083-xxx-9413,False,2026-03-01,True,ซื้อแล้ว
C02812,นภัส,ชาย,25-34,3,B03,อารีย์,2026-01-26,237,087-xxx-1324,False,2026-02-09,True,ซื้อแล้ว
C02813,รัตนา,หญิง,18-24,2,B01,สยาม,2025-07-24,423,081-xxx-1110,False,2025-08-02,True,ซื้อแล้ว
C02814,วีระ,หญิง,55+,6,B03,อารีย์,2026-05-24,119,082-xxx-3534,False,2026-06-04,True,ซื้อแล้ว
C02815,จิรา,หญิง,18-24,2,B02,สีลม,2026-03-27,177,083-xxx-1568,False,2026-05-28,True,ซื้อแล้ว
C02816,วีระ,หญิง,35-44,4,B02,สีลม,2025-06-23,454,089-xxx-1257,False,2025-06-25,True,ซื้อแล้ว
C02817,กิตติ,ชาย,25-34,3,B01,สยาม,2025-10-13,342,084-xxx-1177,False,2025-10-14,True,ซื้อแล้ว
C02818,กมล,หญิง,18-24,2,B04,บางนา,2026-08-29,22,084-xxx-8616,False,,False,สมาชิกใหม่ ยังไม่ซื้อ
C02819,ธีร,หญิง,45-54,5,B01,สยาม,2026-02-19,213,085-xxx-4115,False,2026-06-18,True,ซื้อแล้ว
C02820,ปิยะ,หญิง,18-24,2,B04,บางนา,2026-08-16,35,089-xxx-7123,True,2026-08-20,True,ซื้อแล้ว
C02821,กิตติ,ชาย,18-24,2,B01,สยาม,2026-07-21,61,083-xxx-4820,False,,False,ไม่เคยซื้อ
C02822,ภูมิ,หญิง,25-34,3,B01,สยาม,2025-07-25,422,086-xxx-3484,False,2025-07-25,True,ซื้อแล้ว
C02823,ศิริ,ชาย,18-24,2,B05,มหาวิทยาลัย,2025-10-14,341,086-xxx-5278,False,2025-11-27,True,ซื้อแล้ว
C02824,ชนา,ชาย,35-44,4,B04,บางนา,2026-01-03,260,083-xxx-9541,False,2026-01-09,True,ซื้อแล้ว
C02825,จิรา,หญิง,45-54,5,B03,อารีย์,2026-03-10,194,089-xxx-3337,False,2026-06-03,True,ซื้อแล้ว
C02826,ภูมิ,ชาย,18-24,2,B03,อารีย์,2026-05-01,142,088-xxx-3301,False,2026-05-03,True,ซื้อแล้ว
C02827,ชนา,หญิง,35-44,4,B02,สีลม,2025-10-03,352,081-xxx-4146,False,2026-03-21,True,ซื้อแล้ว
C02828,เกศ,ชาย,25-34,3,B02,สีลม,2026-05-29,114,088-xxx-6153,False,2026-06-01,True,ซื้อแล้ว
C02829,ปิยะ,หญิง,18-24,2,B04,บางนา,2025-09-22,363,087-xxx-7067,False,2025-09-27,True,ซื้อแล้ว
C02830,ธนา,หญิง,25-34,3,B02,สีลม,2025-08-14,402,081-xxx-8253,False,2025-10-31,True,ซื้อแล้ว
C02831,กิตติ,หญิง,25-34,3,B03,อารีย์,2025-12-16,278,086-xxx-6145,False,,False,ไม่เคยซื้อ
C02832,วีระ,หญิง,18-24,2,B04,บางนา,2026-08-19,32,084-xxx-7961,False,,False,ไม่เคยซื้อ
C02833,ชนา,ไม่ระบุ,18-24,2,B02,สีลม,2026-03-26,178,086-xxx-7143,False,2026-04-27,True,ซื้อแล้ว
C02834,ภัทร,ชาย,25-34,3,B04,บางนา,2025-06-05,472,086-xxx-9435,False,2025-08-03,True,ซื้อแล้ว
C02835,ปิยะ,ชาย,45-54,5,B02,สีลม,2026-06-03,109,083-xxx-6615,False,2026-06-03,True,ซื้อแล้ว
C02836,ณัฐ,หญิง,25-34,3,B01,สยาม,2026-05-27,116,083-xxx-6073,False,2026-06-17,True,ซื้อแล้ว
C02837,เกศ,ชาย,18-24,2,B01,สยาม,2025-10-01,354,088-xxx-4914,False,2025-10-01,True,ซื้อแล้ว
C02838,นภัส,หญิง,25-34,3,B05,มหาวิทยาลัย,2025-08-20,396,088-xxx-2026,False,2025-11-08,True,ซื้อแล้ว
C02839,สุดา,หญิง,55+,6,B02,สีลม,2026-06-05,107,086-xxx-1790,False,,False,ไม่เคยซื้อ
C02840,สุดา,ไม่ระบุ,55+,6,B03,อารีย์,2026-08-10,41,084-xxx-1253,False,,False,ไม่เคยซื้อ
C02841,ปิยะ,ชาย,45-54,5,B05,มหาวิทยาลัย,2026-02-25,207,087-xxx-5999,False,2026-03-24,True,ซื้อแล้ว
C02842,สุดา,หญิง,18-24,2,B05,มหาวิทยาลัย,2025-07-01,446,085-xxx-1908,False,2025-07-02,True,ซื้อแล้ว
C02843,ธีร,หญิง,25-34,3,B05,มหาวิทยาลัย,2026-05-20,123,081-xxx-5843,True,,False,ไม่เคยซื้อ
C02844,เกศ,หญิง,25-34,3,B02,สีลม,2025-12-06,288,082-xxx-6358,True,2025-12-07,True,ซื้อแล้ว
C02845,ศิริ,ชาย,18-24,2,B04,บางนา,2026-06-29,83,082-xxx-9442,False,2026-07-08,True,ซื้อแล้ว
C02846,กิตติ,หญิง,18-24,2,B04,บางนา,2025-06-12,465,081-xxx-1373,False,2025-06-12,True,ซื้อแล้ว
C02847,ปวีณ,ชาย,25-34,3,B04,บางนา,2026-04-06,167,081-xxx-3788,False,2026-05-21,True,ซื้อแล้ว
C02848,อัญชลี,ชาย,18-24,2,B02,สีลม,2026-04-01,172,081-xxx-1155,False,2026-07-02,True,ซื้อแล้ว
C02849,ชนา,ชาย,45-54,5,B04,บางนา,2026-08-24,27,085-xxx-5194,False,2026-09-03,True,ซื้อแล้ว
C02850,กิตติ,หญิง,25-34,3,B02,สีลม,2025-11-01,323,084-xxx-7453,False,2025-11-29,True,ซื้อแล้ว
C02851,ธีร,หญิง,18-24,2,B03,อารีย์,2026-09-13,7,082-xxx-9519,False,2026-09-13,True,ซื้อแล้ว
C02852,พิม,หญิง,25-34,3,B04,บางนา,2026-07-08,74,081-xxx-4317,False,2026-09-10,True,ซื้อแล้ว
C02853,ปิยะ,หญิง,35-44,4,B03,อารีย์,2026-01-11,252,082-xxx-3762,False,2026-02-03,True,ซื้อแล้ว
C02854,ธีร,หญิง,18-24,2,B05,มหาวิทยาลัย,2026-08-26,25,084-xxx-4182,False,2026-09-09,True,ซื้อแล้ว
C02855,ทิพย์,ชาย,18-24,2,B02,สีลม,2026-01-29,234,081-xxx-2526,False,,False,ไม่เคยซื้อ
C02856,อรุณ,หญิง,25-34,3,B03,อารีย์,2026-07-30,52,087-xxx-2200,False,2026-08-16,True,ซื้อแล้ว
C02857,ชนา,หญิง,18-24,2,B02,สีลม,2025-09-03,382,082-xxx-2647,False,2025-10-21,True,ซื้อแล้ว
C02858,ธนา,ชาย,ต่ำกว่า 18,1,B05,มหาวิทยาลัย,2025-08-30,386,083-xxx-1909,False,2025-09-18,True,ซื้อแล้ว
C02859,รัตนา,หญิง,55+,6,B01,สยาม,2026-03-23,181,083-xxx-1203,False,2026-04-19,True,ซื้อแล้ว
C02860,สุดา,ไม่ระบุ,35-44,4,B02,สีลม,2026-05-21,122,087-xxx-7116,False,2026-08-04,True,ซื้อแล้ว
C02861,นภัส,หญิง,45-54,5,B04,บางนา,2026-07-19,63,086-xxx-2662,False,,False,ไม่เคยซื้อ
C02862,พิม,หญิง,35-44,4,B05,มหาวิทยาลัย,2025-12-24,270,089-xxx-2726,False,,False,ไม่เคยซื้อ
C02863,อรุณ,หญิง,18-24,2,B05,มหาวิทยาลัย,2025-12-22,272,085-xxx-7361,False,2025-12-26,True,ซื้อแล้ว
C02864,สุดา,ชาย,35-44,4,B01,สยาม,2025-10-26,329,088-xxx-9206,False,2025-11-04,True,ซื้อแล้ว
C02865,มานพ,ชาย,25-34,3,B04,บางนา,2025-09-10,375,084-xxx-1772,False,2025-10-04,True,ซื้อแล้ว
C02866,สุดา,หญิง,18-24,2,B01,สยาม,2025-10-20,335,082-xxx-9902,False,2025-11-14,True,ซื้อแล้ว
C02867,ธนา,ชาย,25-34,3,B04,บางนา,2025-04-04,534,083-xxx-7213,False,2025-04-20,True,ซื้อแล้ว
C02868,ธีร,หญิง,25-34,3,B03,อารีย์,2026-02-19,213,088-xxx-5772,False,2026-04-11,True,ซื้อแล้ว
C02869,วีระ,หญิง,55+,6,B04,บางนา,2026-06-01,111,084-xxx-6498,False,2026-07-15,True,ซื้อแล้ว
C02870,ทิพย์,หญิง,45-54,5,B01,สยาม,2025-07-17,430,083-xxx-8219,False,2025-09-27,True,ซื้อแล้ว
C02871,ภูมิ,หญิง,18-24,2,B02,สีลม,2026-05-08,135,082-xxx-8112,False,2026-05-26,True,ซื้อแล้ว
C02872,ปวีณ,หญิง,ต่ำกว่า 18,1,B04,บางนา,2025-09-12,373,084-xxx-3940,False,,False,ไม่เคยซื้อ
C02873,ธีร,หญิง,25-34,3,B01,สยาม,2026-02-02,230,081-xxx-2731,False,2026-02-18,True,ซื้อแล้ว
C02874,รัตนา,ชาย,ต่ำกว่า 18,1,B05,มหาวิทยาลัย,2026-05-29,114,087-xxx-1356,False,,False,ไม่เคยซื้อ
C02875,นภัส,หญิง,45-54,5,B02,สีลม,2026-01-14,249,089-xxx-8904,False,2026-02-15,True,ซื้อแล้ว
C02876,รัตนา,หญิง,55+,6,B05,มหาวิทยาลัย,2025-04-07,531,085-xxx-9986,False,2025-06-05,True,ซื้อแล้ว
C02877,ภัทร,หญิง,25-34,3,B05,มหาวิทยาลัย,2025-05-22,486,081-xxx-9540,False,2025-07-01,True,ซื้อแล้ว
C02878,อัญชลี,ไม่ระบุ,18-24,2,B04,บางนา,2026-06-27,85,088-xxx-6423,False,2026-09-01,True,ซื้อแล้ว
C02879,สมชาย,หญิง,35-44,4,B01,สยาม,2025-07-18,429,087-xxx-6108,False,2025-07-18,True,ซื้อแล้ว
C02880,กมล,หญิง,45-54,5,B02,สีลม,2026-07-04,78,081-xxx-6268,False,2026-07-26,True,ซื้อแล้ว
C02881,รัตนา,หญิง,25-34,3,B04,บางนา,2026-04-13,160,086-xxx-5110,False,,False,ไม่เคยซื้อ
C02882,ภูมิ,ชาย,35-44,4,B01,สยาม,2026-07-30,52,088-xxx-6415,False,2026-08-01,True,ซื้อแล้ว
C02883,สมชาย,หญิง,35-44,4,B05,มหาวิทยาลัย,2026-02-12,220,083-xxx-5541,False,2026-02-26,True,ซื้อแล้ว
C02884,อรุณ,ชาย,18-24,2,B05,มหาวิทยาลัย,2025-04-02,536,081-xxx-1665,False,2025-06-13,True,ซื้อแล้ว
C02885,วรรณ,ชาย,25-34,3,B01,สยาม,2026-07-30,52,086-xxx-4289,False,2026-08-03,True,ซื้อแล้ว
C02886,พิม,หญิง,25-34,3,B04,บางนา,2026-09-09,11,086-xxx-1553,False,2026-09-15,True,ซื้อแล้ว
C02887,จิรา,ชาย,55+,6,B05,มหาวิทยาลัย,2026-09-12,8,085-xxx-8887,False,,False,สมาชิกใหม่ ยังไม่ซื้อ
C02888,ภัทร,ชาย,35-44,4,B01,สยาม,2025-12-10,284,087-xxx-1944,False,2025-12-19,True,ซื้อแล้ว
C02889,พิม,หญิง,18-24,2,B02,สีลม,2025-10-03,352,082-xxx-6932,False,2025-12-15,True,ซื้อแล้ว
C02890,ชนา,หญิง,25-34,3,B04,บางนา,2026-07-01,81,086-xxx-7249,False,2026-07-29,True,ซื้อแล้ว
C02891,วรรณ,หญิง,25-34,3,B04,บางนา,2025-05-27,481,083-xxx-1715,False,2025-05-30,True,ซื้อแล้ว
C02892,ทิพย์,หญิง,55+,6,B04,บางนา,2026-03-12,192,089-xxx-7647,False,2026-03-21,True,ซื้อแล้ว
C02893,ธนา,ชาย,35-44,4,B02,สีลม,2026-03-29,175,086-xxx-2677,False,2026-04-01,True,ซื้อแล้ว
C02894,มานพ,ไม่ระบุ,45-54,5,B02,สีลม,2025-07-13,434,081-xxx-5662,False,2025-07-21,True,ซื้อแล้ว
C02895,ชนา,หญิง,18-24,2,B05,มหาวิทยาลัย,2026-08-24,27,085-xxx-8531,True,,False,สมาชิกใหม่ ยังไม่ซื้อ
C02896,จิรา,ชาย,25-34,3,B01,สยาม,2025-05-06,502,081-xxx-8619,True,2025-05-15,True,ซื้อแล้ว
C02897,จิรา,หญิง,35-44,4,B03,อารีย์,2026-03-25,179,082-xxx-8678,False,,False,ไม่เคยซื้อ
C02898,จิรา,ชาย,18-24,2,B03,อารีย์,2026-05-01,142,083-xxx-1114,False,2026-08-12,True,ซื้อแล้ว
C02899,นภัส,หญิง,55+,6,B04,บางนา,2026-05-12,131,085-xxx-3172,False,2026-06-07,True,ซื้อแล้ว
C02900,อรุณ,หญิง,18-24,2,B05,มหาวิทยาลัย,2025-04-11,527,084-xxx-6220,False,2025-04-23,True,ซื้อแล้ว
C02901,สมชาย,ไม่ระบุ,45-54,5,B04,บางนา,2026-03-29,175,082-xxx-5031,False,2026-04-04,True,ซื้อแล้ว
C02902,อัญชลี,หญิง,35-44,4,B05,มหาวิทยาลัย,2026-07-15,67,087-xxx-9592,False,,False,ไม่เคยซื้อ
C02903,ปิยะ,ชาย,55+,6,B04,บางนา,2026-03-02,202,083-xxx-8210,False,2026-04-19,True,ซื้อแล้ว
C02904,รัตนา,หญิง,35-44,4,B02,สีลม,2026-01-27,236,084-xxx-6971,False,2026-03-24,True,ซื้อแล้ว
C02905,นภัส,ชาย,35-44,4,B01,สยาม,2025-10-21,334,088-xxx-5469,False,2025-10-23,True,ซื้อแล้ว
C02906,รัตนา,หญิง,25-34,3,B05,มหาวิทยาลัย,2026-07-18,64,089-xxx-4645,False,2026-09-08,True,ซื้อแล้ว
C02907,วีระ,หญิง,18-24,2,B04,บางนา,2025-06-05,472,085-xxx-4273,False,2025-08-07,True,ซื้อแล้ว
C02908,พิม,หญิง,18-24,2,B01,สยาม,2026-05-12,131,087-xxx-6052,False,2026-05-12,True,ซื้อแล้ว
C02909,อัญชลี,ชาย,25-34,3,B02,สีลม,2026-08-21,30,081-xxx-4107,False,,False,สมาชิกใหม่ ยังไม่ซื้อ
C02910,ธนา,หญิง,25-34,3,B05,มหาวิทยาลัย,2026-07-14,68,081-xxx-9893,False,,False,ไม่เคยซื้อ
C02911,ภูมิ,หญิง,25-34,3,B03,อารีย์,2026-01-26,237,089-xxx-9667,False,,False,ไม่เคยซื้อ
C02912,เกศ,ชาย,25-34,3,B02,สีลม,2026-03-25,179,087-xxx-5526,False,,False,ไม่เคยซื้อ
C02913,ทิพย์,ชาย,25-34,3,B05,มหาวิทยาลัย,2025-07-08,439,082-xxx-1307,False,2025-10-10,True,ซื้อแล้ว
C02914,ชนา,หญิง,18-24,2,B01,สยาม,2026-07-01,81,083-xxx-5214,False,2026-07-08,True,ซื้อแล้ว
C02915,พิม,ชาย,35-44,4,B02,สีลม,2026-03-05,199,082-xxx-4896,False,2026-08-25,True,ซื้อแล้ว
C02916,ปิยะ,หญิง,18-24,2,B01,สยาม,2025-07-01,446,083-xxx-2823,False,2025-08-30,True,ซื้อแล้ว
C02917,ธีร,ชาย,25-34,3,B02,สีลม,2025-06-04,473,088-xxx-9453,False,2025-06-08,True,ซื้อแล้ว
C02918,พิม,ชาย,35-44,4,B05,มหาวิทยาลัย,2026-01-07,256,089-xxx-3438,False,2026-02-12,True,ซื้อแล้ว
C02919,วรรณ,หญิง,18-24,2,B04,บางนา,2026-01-29,234,086-xxx-9485,False,2026-02-12,True,ซื้อแล้ว
C02920,รัตนา,หญิง,45-54,5,B05,มหาวิทยาลัย,2025-06-26,451,084-xxx-7612,False,2025-10-02,True,ซื้อแล้ว
C02921,รัตนา,หญิง,55+,6,B01,สยาม,2026-06-16,96,081-xxx-2187,False,2026-06-24,True,ซื้อแล้ว
C02922,ชนา,หญิง,25-34,3,B02,สีลม,2025-04-30,508,085-xxx-4782,False,2025-05-11,True,ซื้อแล้ว
C02923,ณัฐ,ชาย,25-34,3,B01,สยาม,2025-05-08,500,089-xxx-4583,False,2025-05-11,True,ซื้อแล้ว
C02924,ธีร,ชาย,25-34,3,B01,สยาม,2025-05-07,501,084-xxx-4916,False,2025-06-27,True,ซื้อแล้ว
C02925,ภัทร,หญิง,ต่ำกว่า 18,1,B02,สีลม,2025-12-31,263,088-xxx-9575,False,2026-01-23,True,ซื้อแล้ว
C02926,รัตนา,ชาย,25-34,3,B01,สยาม,2025-10-16,339,088-xxx-5089,False,2025-10-18,True,ซื้อแล้ว
C02927,กิตติ,ชาย,ต่ำกว่า 18,1,B01,สยาม,2025-08-25,391,084-xxx-9270,False,2025-08-29,True,ซื้อแล้ว
C02928,ธีร,หญิง,55+,6,B03,อารีย์,2026-06-06,106,088-xxx-1649,True,,False,ไม่เคยซื้อ
C02929,วรรณ,หญิง,18-24,2,B02,สีลม,2026-05-07,136,081-xxx-7545,False,2026-05-29,True,ซื้อแล้ว
C02930,กมล,หญิง,35-44,4,B04,บางนา,2025-11-01,323,088-xxx-3408,False,2025-11-30,True,ซื้อแล้ว
C02931,ชนา,ชาย,ต่ำกว่า 18,1,B02,สีลม,2025-10-08,347,083-xxx-8706,False,2025-11-10,True,ซื้อแล้ว
C02932,อรุณ,หญิง,45-54,5,B02,สีลม,2025-09-25,360,081-xxx-2002,False,2025-10-22,True,ซื้อแล้ว
C02933,วีระ,ชาย,ต่ำกว่า 18,1,B04,บางนา,2026-03-05,199,086-xxx-6611,False,2026-03-05,True,ซื้อแล้ว
C02934,สมชาย,หญิง,25-34,3,B05,มหาวิทยาลัย,2026-07-25,57,085-xxx-8684,False,2026-07-26,True,ซื้อแล้ว
C02935,สุดา,หญิง,18-24,2,B04,บางนา,2025-12-31,263,081-xxx-1670,False,2026-01-26,True,ซื้อแล้ว
C02936,ชนา,ไม่ระบุ,25-34,3,B05,มหาวิทยาลัย,2026-04-04,169,081-xxx-4415,False,2026-06-11,True,ซื้อแล้ว
C02937,เกศ,ชาย,35-44,4,B04,บางนา,2026-02-23,209,085-xxx-8246,False,2026-09-08,True,ซื้อแล้ว
C02938,นภัส,หญิง,18-24,2,B03,อารีย์,2025-12-05,289,086-xxx-8017,False,2025-12-05,True,ซื้อแล้ว
C02939,กมล,หญิง,18-24,2,B02,สีลม,2025-09-10,375,087-xxx-5766,False,2025-09-14,True,ซื้อแล้ว
C02940,ปิยะ,ชาย,25-34,3,B02,สีลม,2025-11-12,312,086-xxx-2850,False,2025-12-04,True,ซื้อแล้ว
C02941,ณัฐ,ชาย,35-44,4,B02,สีลม,2026-08-28,23,083-xxx-8225,False,,False,สมาชิกใหม่ ยังไม่ซื้อ
C02942,เกศ,ชาย,35-44,4,B01,สยาม,2026-02-19,213,085-xxx-5599,False,2026-04-08,True,ซื้อแล้ว
C02943,จิรา,ชาย,35-44,4,B03,อารีย์,2026-05-18,125,084-xxx-4839,False,,False,ไม่เคยซื้อ
C02944,สุดา,หญิง,35-44,4,B01,สยาม,2026-05-14,129,089-xxx-6741,False,2026-05-25,True,ซื้อแล้ว
C02945,นภัส,หญิง,45-54,5,B02,สีลม,2025-09-30,355,083-xxx-7200,False,2025-12-12,True,ซื้อแล้ว
C02946,จิรา,หญิง,25-34,3,B01,สยาม,2025-10-17,338,085-xxx-6923,False,2025-11-08,True,ซื้อแล้ว
C02947,อัญชลี,หญิง,25-34,3,B01,สยาม,2025-12-13,281,085-xxx-3074,False,,False,ไม่เคยซื้อ
C02948,กมล,หญิง,35-44,4,B01,สยาม,2026-02-07,225,085-xxx-9615,False,2026-02-14,True,ซื้อแล้ว
C02949,มานพ,ชาย,25-34,3,B05,มหาวิทยาลัย,2026-01-29,234,088-xxx-5743,False,2026-02-03,True,ซื้อแล้ว
C02950,ศิริ,ไม่ระบุ,25-34,3,B01,สยาม,2026-02-12,220,087-xxx-3019,False,2026-03-17,True,ซื้อแล้ว
C02951,ทิพย์,ชาย,25-34,3,B05,มหาวิทยาลัย,2025-06-30,447,082-xxx-7534,False,2025-07-18,True,ซื้อแล้ว
C02952,ชนา,หญิง,ต่ำกว่า 18,1,B05,มหาวิทยาลัย,2026-06-09,103,086-xxx-3211,False,2026-07-16,True,ซื้อแล้ว
C02953,ทิพย์,ชาย,45-54,5,B02,สีลม,2026-02-08,224,085-xxx-8531,True,2026-03-23,True,ซื้อแล้ว
C02954,นภัส,หญิง,25-34,3,B02,สีลม,2025-06-22,455,086-xxx-1535,False,2025-07-03,True,ซื้อแล้ว
C02955,นภัส,ชาย,18-24,2,B03,อารีย์,2026-05-04,139,089-xxx-7335,False,2026-06-03,True,ซื้อแล้ว
C02956,ภูมิ,หญิง,45-54,5,B01,สยาม,2025-07-19,428,089-xxx-2506,False,2025-08-30,True,ซื้อแล้ว
C02957,พิม,หญิง,35-44,4,B03,อารีย์,2026-01-03,260,083-xxx-4143,False,2026-01-09,True,ซื้อแล้ว
C02958,ปวีณ,หญิง,55+,6,B05,มหาวิทยาลัย,2025-04-18,520,082-xxx-5185,False,2025-05-04,True,ซื้อแล้ว
C02959,ศิริ,หญิง,18-24,2,B02,สีลม,2025-11-25,299,084-xxx-1130,False,2025-11-28,True,ซื้อแล้ว
C02960,ธนา,ชาย,25-34,3,B05,มหาวิทยาลัย,2026-01-19,244,088-xxx-7854,False,2026-01-31,True,ซื้อแล้ว
C02961,ปวีณ,ชาย,18-24,2,B02,สีลม,2026-01-22,241,083-xxx-9441,False,2026-02-26,True,ซื้อแล้ว
C02962,ปิยะ,หญิง,25-34,3,B05,มหาวิทยาลัย,2025-08-13,403,084-xxx-4895,False,2025-09-29,True,ซื้อแล้ว
C02963,ชนา,หญิง,18-24,2,B04,บางนา,2026-04-25,148,088-xxx-7141,False,2026-04-27,True,ซื้อแล้ว
C02964,อัญชลี,ชาย,18-24,2,B05,มหาวิทยาลัย,2026-02-25,207,088-xxx-6591,False,2026-03-24,True,ซื้อแล้ว
C02965,กิตติ,ชาย,25-34,3,B01,สยาม,2026-06-25,87,086-xxx-9815,False,,False,ไม่เคยซื้อ
C02966,ศิริ,ชาย,18-24,2,B03,อารีย์,2026-08-15,36,088-xxx-4808,False,,False,ไม่เคยซื้อ
C02967,สมชาย,ชาย,25-34,3,B03,อารีย์,2026-06-18,94,086-xxx-6398,False,2026-07-18,True,ซื้อแล้ว
C02968,กิตติ,ชาย,25-34,3,B05,มหาวิทยาลัย,2025-08-09,407,087-xxx-7059,False,2025-09-25,True,ซื้อแล้ว
C02969,อัญชลี,ชาย,55+,6,B05,มหาวิทยาลัย,2025-12-07,287,087-xxx-3879,False,2025-12-25,True,ซื้อแล้ว
C02970,ธนา,หญิง,25-34,3,B04,บางนา,2026-08-23,28,088-xxx-6285,False,,False,สมาชิกใหม่ ยังไม่ซื้อ
C02971,ปวีณ,ไม่ระบุ,18-24,2,B05,มหาวิทยาลัย,2025-05-22,486,086-xxx-3546,False,,False,ไม่เคยซื้อ
C02972,สมชาย,หญิง,18-24,2,B05,มหาวิทยาลัย,2026-02-23,209,085-xxx-8364,False,2026-03-18,True,ซื้อแล้ว
C02973,สุดา,หญิง,35-44,4,B01,สยาม,2025-09-15,370,082-xxx-4444,False,2025-10-14,True,ซื้อแล้ว
C02974,รัตนา,ชาย,35-44,4,B05,มหาวิทยาลัย,2026-04-30,143,081-xxx-9545,False,,False,ไม่เคยซื้อ
C02975,จิรา,ชาย,25-34,3,B01,สยาม,2026-03-09,195,085-xxx-1088,True,2026-03-10,True,ซื้อแล้ว
C02976,ภัทร,ชาย,35-44,4,B02,สีลม,2025-08-20,396,084-xxx-6408,False,2025-09-01,True,ซื้อแล้ว
C02977,สมชาย,ชาย,25-34,3,B04,บางนา,2026-08-19,32,087-xxx-6186,False,,False,ไม่เคยซื้อ
C02978,จิรา,หญิง,55+,6,B04,บางนา,2026-05-22,121,086-xxx-8060,False,2026-06-06,True,ซื้อแล้ว
C02979,อัญชลี,ชาย,55+,6,B05,มหาวิทยาลัย,2025-08-25,391,081-xxx-2533,False,2025-09-03,True,ซื้อแล้ว
C02980,พิม,ชาย,45-54,5,B05,มหาวิทยาลัย,2025-04-04,534,086-xxx-7735,False,2025-06-03,True,ซื้อแล้ว
C02981,มานพ,หญิง,25-34,3,B05,มหาวิทยาลัย,2025-07-31,416,083-xxx-1137,False,2025-08-29,True,ซื้อแล้ว
C02982,นภัส,ชาย,18-24,2,B03,อารีย์,2026-08-12,39,088-xxx-6520,False,,False,ไม่เคยซื้อ
C02983,ปิยะ,หญิง,25-34,3,B04,บางนา,2025-11-16,308,083-xxx-7897,False,2025-11-24,True,ซื้อแล้ว
C02984,ปิยะ,หญิง,35-44,4,B05,มหาวิทยาลัย,2026-05-17,126,085-xxx-1763,False,,False,ไม่เคยซื้อ
C02985,มานพ,หญิง,25-34,3,B02,สีลม,2026-05-06,137,088-xxx-3731,False,2026-09-12,True,ซื้อแล้ว
C02986,ปิยะ,หญิง,35-44,4,B01,สยาม,2025-08-14,402,083-xxx-9417,False,2025-10-21,True,ซื้อแล้ว
C02987,ชนา,หญิง,18-24,2,B02,สีลม,2025-08-20,396,088-xxx-8346,False,2025-08-25,True,ซื้อแล้ว
C02988,วีระ,หญิง,25-34,3,B04,บางนา,2026-05-13,130,084-xxx-7721,False,2026-08-28,True,ซื้อแล้ว
C02989,วีระ,ชาย,ต่ำกว่า 18,1,B01,สยาม,2026-05-03,140,085-xxx-9841,False,2026-05-25,True,ซื้อแล้ว
C02990,วีระ,หญิง,25-34,3,B04,บางนา,2026-09-14,6,088-xxx-3366,False,2026-09-15,True,ซื้อแล้ว
C02991,นภัส,หญิง,18-24,2,B02,สีลม,2026-07-27,55,089-xxx-4510,False,,False,ไม่เคยซื้อ
C02992,สมชาย,หญิง,18-24,2,B05,มหาวิทยาลัย,2026-04-30,143,084-xxx-1665,False,2026-08-18,True,ซื้อแล้ว
C02993,กมล,ชาย,35-44,4,B02,สีลม,2025-11-09,315,088-xxx-1093,False,2025-11-30,True,ซื้อแล้ว
C02994,มานพ,ชาย,35-44,4,B01,สยาม,2025-04-25,513,084-xxx-7939,False,2025-04-29,True,ซื้อแล้ว
C02995,ภัทร,หญิง,35-44,4,B01,สยาม,2025-04-06,532,087-xxx-4141,False,,False,ไม่เคยซื้อ
C02996,จิรา,ชาย,25-34,3,B04,บางนา,2025-12-09,285,087-xxx-8495,False,2025-12-09,True,ซื้อแล้ว
C02997,อัญชลี,ชาย,25-34,3,B01,สยาม,2026-05-12,131,087-xxx-5634,False,2026-06-03,True,ซื้อแล้ว
C02998,รัตนา,ชาย,ต่ำกว่า 18,1,B02,สีลม,2026-09-11,9,086-xxx-6196,False,2026-09-17,True,ซื้อแล้ว
C02999,สุดา,หญิง,18-24,2,B01,สยาม,2025-09-16,369,083-xxx-9584,False,2025-09-21,True,ซื้อแล้ว
C03000,กิตติ,ชาย,55+,6,B05,มหาวิทยาลัย,2026-06-07,105,088-xxx-8983,False,2026-07-03,True,ซื้อแล้ว
